0 verbose cli /data/data/com.termux/files/usr/bin/node /data/data/com.termux/files/usr/bin/npm
1 info using npm@11.17.0
2 info using node@v26.3.1
3 silly config load:file:/data/data/com.termux/files/usr/lib/node_modules/npm/npmrc
4 silly config load:file:/data/data/com.termux/files/home/my-server/GURU-Ai/.npmrc
5 silly config load:file:/data/data/com.termux/files/home/.npmrc
6 silly config load:file:/data/data/com.termux/files/usr/etc/npmrc
7 verbose title npm install
8 verbose argv "install"
9 verbose logfile logs-max:10 dir:/data/data/com.termux/files/home/.npm/_logs/2026-09-28T10_46_27_633Z-
10 verbose logfile /data/data/com.termux/files/home/.npm/_logs/2026-09-28T10_46_27_633Z-debug-0.log
11 silly logfile done cleaning log files
12 silly packumentCache heap:1047265280 maxSize:261816320 maxEntrySize:130908160
13 silly idealTree buildDeps
14 silly reify moves {}
15 silly audit bulk request {
15 silly audit   '@adiwajshing/keyed-db': [ '0.2.4' ],
15 silly audit   '@cacheable/memory': [ '2.0.7' ],
15 silly audit   '@cacheable/node-cache': [ '1.7.6' ],
15 silly audit   '@cacheable/utils': [ '2.3.3' ],
15 silly audit   '@hapi/boom': [ '9.1.4' ],
15 silly audit   '@hapi/hoek': [ '9.3.0' ],
15 silly audit   '@jsep-plugin/assignment': [ '1.3.0' ],
15 silly audit   '@jsep-plugin/regex': [ '1.0.4' ],
15 silly audit   '@keyv/bigmap': [ '1.3.1' ],
15 silly audit   '@keyv/serialize': [ '1.1.1' ],
15 silly audit   '@mongodb-js/saslprep': [ '1.2.2' ],
15 silly audit   '@protobufjs/aspromise': [ '1.1.2' ],
15 silly audit   '@protobufjs/base64': [ '1.1.2' ],
15 silly audit   '@protobufjs/codegen': [ '2.0.4' ],
15 silly audit   '@protobufjs/eventemitter': [ '1.1.0' ],
15 silly audit   '@protobufjs/fetch': [ '1.1.0' ],
15 silly audit   '@protobufjs/float': [ '1.0.2' ],
15 silly audit   '@protobufjs/inquire': [ '1.1.0' ],
15 silly audit   '@protobufjs/path': [ '1.1.2' ],
15 silly audit   '@protobufjs/pool': [ '1.1.0' ],
15 silly audit   '@protobufjs/utf8': [ '1.1.0' ],
15 silly audit   '@tokenizer/token': [ '0.3.0' ],
15 silly audit   '@types/long': [ '4.0.2' ],
15 silly audit   '@types/node': [ '25.0.10', '10.17.60' ],
15 silly audit   '@types/webidl-conversions': [ '7.0.3' ],
15 silly audit   '@types/whatwg-url': [ '11.0.5' ],
15 silly audit   'abort-controller': [ '3.0.0' ],
15 silly audit   accepts: [ '1.3.8' ],
15 silly audit   'acorn-node': [ '1.8.2' ],
15 silly audit   acorn: [ '7.4.1' ],
15 silly audit   'acorn-walk': [ '7.2.0' ],
15 silly audit   'ansi-regex': [ '5.0.1', '3.0.1' ],
15 silly audit   'ansi-styles': [ '4.3.0' ],
15 silly audit   'array-flatten': [ '1.1.1' ],
15 silly audit   async: [ '0.2.10' ],
15 silly audit   'async-mutex': [ '0.5.0' ],
15 silly audit   'async.parallellimit': [ '0.5.2' ],
15 silly audit   'async.util.eachoflimit': [ '0.5.2' ],
15 silly audit   'async.util.isarray': [ '0.5.2' ],
15 silly audit   'async.util.isarraylike': [ '0.5.2' ],
15 silly audit   'async.util.keyiterator': [ '0.5.2' ],
15 silly audit   'async.util.keys': [ '0.5.2' ],
15 silly audit   'async.util.noop': [ '0.5.2' ],
15 silly audit   'async.util.once': [ '0.5.2' ],
15 silly audit   'async.util.onlyonce': [ '0.5.2' ],
15 silly audit   'async.util.parallel': [ '0.5.2' ],
15 silly audit   'async.util.restparam': [ '0.5.2' ],
15 silly audit   asynckit: [ '0.4.0' ],
15 silly audit   'atomic-sleep': [ '1.0.0' ],
15 silly audit   'awesome-phonenumber': [ '3.4.0' ],
15 silly audit   axios: [ '1.8.4', '0.21.4' ],
15 silly audit   'baileys-mod': [ '6.8.5' ],
15 silly audit   pino: [ '9.6.0', '8.21.0' ],
15 silly audit   'pino-abstract-transport': [ '2.0.0', '1.2.0' ],
15 silly audit   'pino-std-serializers': [ '7.0.0', '6.2.2' ],
15 silly audit   'process-warning': [ '4.0.1', '3.0.0' ],
15 silly audit   'sonic-boom': [ '4.2.0', '3.8.1' ],
15 silly audit   'thread-stream': [ '3.1.0', '2.7.0' ],
15 silly audit   'balanced-match': [ '1.0.2' ],
15 silly audit   'base64-js': [ '1.5.1' ],
15 silly audit   bl: [ '4.1.0' ],
15 silly audit   buffer: [ '5.7.1', '6.0.3' ],
15 silly audit   'readable-stream': [ '3.6.2', '4.7.0' ],
15 silly audit   'body-parser': [ '2.2.0', '1.20.3' ],
15 silly audit   boolbase: [ '1.0.0' ],
15 silly audit   boolstring: [ '2.0.1' ],
15 silly audit   bson: [ '6.10.3' ],
15 silly audit   bytes: [ '3.1.2' ],
15 silly audit   'cache-manager': [ '5.2.2' ],
15 silly audit   cacheable: [ '2.3.2' ],
15 silly audit   'call-bind-apply-helpers': [ '1.0.2' ],
15 silly audit   'call-bound': [ '1.0.4' ],
15 silly audit   chalk: [ '5.4.1' ],
15 silly audit   cheerio: [ '1.0.0' ],
15 silly audit   'cheerio-select': [ '2.1.0' ],
15 silly audit   chownr: [ '1.1.4' ],
15 silly audit   cliui: [ '8.0.1' ],
15 silly audit   clone: [ '2.1.2' ],
15 silly audit   color: [ '4.2.3' ],
15 silly audit   'color-convert': [ '2.0.1' ],
15 silly audit   'color-name': [ '1.1.4' ],
15 silly audit   'color-string': [ '1.9.1' ],
15 silly audit   'combined-stream': [ '1.0.8' ],
15 silly audit   'concat-map': [ '0.0.1' ],
15 silly audit   'content-disposition': [ '0.5.4' ],
15 silly audit   'content-type': [ '1.0.5' ],
15 silly audit   cookie: [ '0.7.1' ],
15 silly audit   'cookie-signature': [ '1.0.6' ],
15 silly audit   'css-select': [ '5.1.0' ],
15 silly audit   'css-what': [ '6.1.0' ],
15 silly audit   'curve25519-js': [ '0.0.4' ],
15 silly audit   dasu: [ '0.4.3' ],
15 silly audit   'data-uri-to-buffer': [ '4.0.1' ],
15 silly audit   debug: [ '4.4.0', '2.6.9' ],
15 silly audit   'decompress-response': [ '6.0.0' ],
15 silly audit   'deep-extend': [ '0.6.0' ],
15 silly audit   'delayed-stream': [ '1.0.0' ],
15 silly audit   depd: [ '2.0.0' ],
15 silly audit   destroy: [ '1.2.0' ],
15 silly audit   'detect-libc': [ '2.0.4' ],
15 silly audit   'dom-serializer': [ '2.0.0' ],
15 silly audit   domelementtype: [ '2.3.0' ],
15 silly audit   domhandler: [ '5.0.3' ],
15 silly audit   domutils: [ '3.2.2' ],
15 silly audit   dotenv: [ '16.5.0' ],
15 silly audit   'dunder-proto': [ '1.0.1' ],
15 silly audit   'ee-first': [ '1.1.1' ],
15 silly audit   'emoji-regex': [ '8.0.0' ],
15 silly audit   encodeurl: [ '2.0.0', '1.0.2' ],
15 silly audit   'encoding-sniffer': [ '0.2.0' ],
15 silly audit   'end-of-stream': [ '1.4.4' ],
15 silly audit   entities: [ '4.5.0' ],
15 silly audit   'es-define-property': [ '1.0.1' ],
15 silly audit   'es-errors': [ '1.3.0' ],
15 silly audit   'es-object-atoms': [ '1.1.1' ],
15 silly audit   'es-set-tostringtag': [ '2.1.0' ],
15 silly audit   escalade: [ '3.2.0' ],
15 silly audit   'escape-html': [ '1.0.3' ],
15 silly audit   etag: [ '1.8.1' ],
15 silly audit   'event-target-shim': [ '5.0.1' ],
15 silly audit   events: [ '3.3.0' ],
15 silly audit   'expand-template': [ '2.0.3' ],
15 silly audit   express: [ '4.21.2' ],
15 silly audit   'express-rate-limit': [ '7.5.0' ],
15 silly audit   'iconv-lite': [ '0.4.24', '0.6.3' ],
15 silly audit   'media-typer': [ '0.3.0', '1.1.0' ],
15 silly audit   ms: [ '2.0.0', '2.1.3' ],
15 silly audit   qs: [ '6.13.0', '6.14.0' ],
15 silly audit   'raw-body': [ '2.5.2', '3.0.0' ],
15 silly audit   'type-is': [ '1.6.18', '2.0.1' ],
15 silly audit   'fast-redact': [ '3.5.0' ],
15 silly audit   'fetch-blob': [ '3.2.0' ],
15 silly audit   figlet: [ '1.8.1' ],
15 silly audit   'file-type': [ '18.7.0', '16.5.4' ],
15 silly audit   finalhandler: [ '1.3.1' ],
15 silly audit   'fluent-ffmpeg': [ '2.1.3' ],
15 silly audit   which: [ '1.3.1' ],
15 silly audit   'follow-redirects': [ '1.15.9' ],
15 silly audit   'form-data': [ '4.0.4' ],
15 silly audit   'formdata-polyfill': [ '4.0.10' ],
15 silly audit   forwarded: [ '0.2.0' ],
15 silly audit   fresh: [ '0.5.2' ],
15 silly audit   fs: [ '0.0.1-security' ],
15 silly audit   'fs-constants': [ '1.0.0' ],
15 silly audit   'fs-extra': [ '10.1.0' ],
15 silly audit   'function-bind': [ '1.1.2' ],
15 silly audit   'get-caller-file': [ '2.0.5' ],
15 silly audit   'get-intrinsic': [ '1.3.0' ],
15 silly audit   'get-proto': [ '1.0.1' ],
15 silly audit   'github-from-package': [ '0.0.0' ],
15 silly audit   gopd: [ '1.2.0' ],
15 silly audit   'graceful-fs': [ '4.2.11' ],
15 silly audit   'has-symbols': [ '1.1.0' ],
15 silly audit   'has-tostringtag': [ '1.0.2' ],
15 silly audit   hashery: [ '1.4.0' ],
15 silly audit   hasown: [ '2.0.2' ],
15 silly audit   hookified: [ '1.15.0' ],
15 silly audit   htmlparser2: [ '9.1.0' ],
15 silly audit   'http-errors': [ '2.0.0' ],
15 silly audit   'human-readable': [ '0.2.1' ],
15 silly audit   'human-time': [ '0.0.2' ],
15 silly audit   ieee754: [ '1.2.1' ],
15 silly audit   'image-size': [ '1.2.1' ],
15 silly audit   inherits: [ '2.0.4', '2.0.3' ],
15 silly audit   ini: [ '1.3.8' ],
15 silly audit   'ip-regex': [ '4.3.0' ],
15 silly audit   'ipaddr.js': [ '1.9.1' ],
15 silly audit   'is-arrayish': [ '0.3.2' ],
15 silly audit   'is-fullwidth-code-point': [ '3.0.0', '2.0.0' ],
15 silly audit   isexe: [ '2.0.0' ],
15 silly audit   jsep: [ '1.4.0' ],
15 silly audit   jsonfile: [ '6.1.0' ],
15 silly audit   'jsonpath-plus': [ '10.3.0' ],
15 silly audit   keypress: [ '0.2.1' ],
15 silly audit   keyv: [ '5.6.0' ],
15 silly audit   'libphonenumber-js': [ '1.12.35' ],
15 silly audit   'libsignal-node': [ '2.0.1' ],
15 silly audit   protobufjs: [ '6.8.8', '6.11.4' ],
15 silly audit   lodash: [ '4.17.23' ],
15 silly audit   'lodash.clonedeep': [ '4.5.0' ],
15 silly audit   long: [ '4.0.0' ],
15 silly audit   'lru-cache': [ '9.1.2' ],
15 silly audit   'math-intrinsics': [ '1.1.0' ],
15 silly audit   'memory-pager': [ '1.5.0' ],
15 silly audit   'merge-descriptors': [ '1.0.3' ],
15 silly audit   methods: [ '1.1.2' ],
15 silly audit   mime: [ '1.6.0' ],
15 silly audit   'mime-db': [ '1.52.0', '1.54.0' ],
15 silly audit   'mime-types': [ '2.1.35', '3.0.1' ],
15 silly audit   'mimic-fn': [ '2.1.0' ],
15 silly audit   'mimic-response': [ '3.1.0' ],
15 silly audit   minimist: [ '1.2.8' ],
15 silly audit   'mkdirp-classic': [ '0.5.3' ],
15 silly audit   moment: [ '2.30.1' ],
15 silly audit   'moment-timezone': [ '0.5.48' ],
15 silly audit   mongodb: [ '6.16.0' ],
15 silly audit   'mongodb-connection-string-url': [ '3.0.2' ],
15 silly audit   'music-metadata': [ '7.14.0' ],
15 silly audit   'peek-readable': [ '4.1.0', '5.4.2' ],
15 silly audit   strtok3: [ '6.3.0', '7.1.1' ],
15 silly audit   'token-types': [ '4.2.1', '5.0.1' ],
15 silly audit   'napi-build-utils': [ '2.0.0' ],
15 silly audit   negotiator: [ '0.6.3' ],
15 silly audit   'node-abi': [ '3.74.0' ],
15 silly audit   'node-cache': [ '5.1.2' ],
15 silly audit   'node-domexception': [ '1.0.0' ],
15 silly audit   'node-fetch': [ '3.3.2' ],
15 silly audit   'node-fzf': [ '0.14.0' ],
15 silly audit   'string-width': [ '2.1.1', '4.2.3' ],
15 silly audit   'strip-ansi': [ '4.0.0', '6.0.1' ],
15 silly audit   'node-webpmux': [ '3.2.1' ],
15 silly audit   'nth-check': [ '2.1.1' ],
15 silly audit   'object-inspect': [ '1.13.4' ],
15 silly audit   'on-exit-leak-free': [ '2.1.2' ],
15 silly audit   'on-finished': [ '2.4.1' ],
15 silly audit   once: [ '1.4.0' ],
15 silly audit   onetime: [ '5.1.2' ],
15 silly audit   parse5: [ '7.2.1' ],
15 silly audit   'parse5-htmlparser2-tree-adapter': [ '7.1.0' ],
15 silly audit   'parse5-parser-stream': [ '7.1.2' ],
15 silly audit   parseurl: [ '1.3.3' ],
15 silly audit   path: [ '0.12.7' ],
15 silly audit   'path-to-regexp': [ '0.1.12' ],
15 silly audit   'performance-now': [ '2.1.0' ],
15 silly audit   picocolors: [ '1.1.1' ],
15 silly audit   'prebuild-install': [ '7.1.3' ],
15 silly audit   prettier: [ '3.5.3' ],
15 silly audit   process: [ '0.11.10' ],
15 silly audit   'proxy-addr': [ '2.0.7' ],
15 silly audit   'proxy-from-env': [ '1.1.0' ],
15 silly audit   pump: [ '3.0.2' ],
15 silly audit   punycode: [ '2.3.1', '1.4.1' ],
15 silly audit   qified: [ '0.6.0' ],
15 silly audit   queue: [ '6.0.2' ],
15 silly audit   'quick-format-unescaped': [ '4.0.4' ],
15 silly audit   'range-parser': [ '1.2.1' ],
15 silly audit   rc: [ '1.2.8' ],
15 silly audit   'strip-json-comments': [ '2.0.1' ],
15 silly audit   'readable-web-to-node-stream': [ '3.0.4' ],
15 silly audit   'real-require': [ '0.2.0' ],
15 silly audit   redstar: [ '0.0.2' ],
15 silly audit   'brace-expansion': [ '1.1.11' ],
15 silly audit   minimatch: [ '3.0.8' ],
15 silly audit   'require-directory': [ '2.1.1' ],
15 silly audit   'restore-cursor': [ '3.1.0' ],
15 silly audit   'safe-buffer': [ '5.2.1' ],
15 silly audit   'safe-stable-stringify': [ '2.5.0' ],
15 silly audit   'safer-buffer': [ '2.1.2' ],
15 silly audit   semver: [ '7.7.1' ],
15 silly audit   send: [ '0.19.0' ],
15 silly audit   'serve-static': [ '1.16.2' ],
15 silly audit   setprototypeof: [ '1.2.0' ],
15 silly audit   'side-channel': [ '1.1.0' ],
15 silly audit   'side-channel-list': [ '1.0.0' ],
15 silly audit   'side-channel-map': [ '1.0.1' ],
15 silly audit   'side-channel-weakmap': [ '1.0.2' ],
15 silly audit   'signal-exit': [ '3.0.7' ],
15 silly audit   'simple-concat': [ '1.0.1' ],
15 silly audit   'simple-get': [ '4.0.1' ],
15 silly audit   'simple-swizzle': [ '0.2.2' ],
15 silly audit   'sparse-bitfield': [ '3.0.3' ],
15 silly audit   split2: [ '4.2.0' ],
15 silly audit   statuses: [ '2.0.1' ],
15 silly audit   string_decoder: [ '1.3.0' ],
15 silly audit   'syntax-error': [ '1.4.0' ],
15 silly audit   'tar-fs': [ '2.1.2' ],
15 silly audit   'tar-stream': [ '2.2.0' ],
15 silly audit   tlds: [ '1.256.0' ],
15 silly audit   toidentifier: [ '1.0.1' ],
15 silly audit   tr46: [ '5.1.1' ],
15 silly audit   tslib: [ '2.8.1' ],
15 silly audit   ttys: [ '0.0.3' ],
15 silly audit   'tunnel-agent': [ '0.6.0' ],
15 silly audit   undici: [ '6.21.2' ],
15 silly audit   'undici-types': [ '7.16.0' ],
15 silly audit   universalify: [ '2.0.1' ],
15 silly audit   unpipe: [ '1.0.0' ],
15 silly audit   url: [ '0.11.4' ],
15 silly audit   'url-regex-safe': [ '4.0.0' ],
15 silly audit   util: [ '0.10.4' ],
15 silly audit   'util-deprecate': [ '1.0.2' ],
15 silly audit   'utils-merge': [ '1.0.1' ],
15 silly audit   uuid: [ '10.0.0' ],
15 silly audit   vary: [ '1.1.2' ],
15 silly audit   'wa-sticker-formatter': [ '4.4.4' ],
15 silly audit   'node-addon-api': [ '5.1.0' ],
15 silly audit   sharp: [ '0.30.7' ],
15 silly audit   'web-streams-polyfill': [ '3.3.3' ],
15 silly audit   'webidl-conversions': [ '7.0.0' ],
15 silly audit   'whatwg-encoding': [ '3.1.1' ],
15 silly audit   'whatwg-mimetype': [ '4.0.0' ],
15 silly audit   'whatwg-url': [ '14.2.0' ],
15 silly audit   'wrap-ansi': [ '7.0.0' ],
15 silly audit   wrappy: [ '1.0.2' ],
15 silly audit   ws: [ '8.18.1' ],
15 silly audit   xtend: [ '4.0.2' ],
15 silly audit   y18n: [ '5.0.8' ],
15 silly audit   yargs: [ '17.7.2' ],
15 silly audit   'yargs-parser': [ '21.1.1' ],
15 silly audit   'yt-search': [ '2.13.1' ]
15 silly audit }
16 http cache yt-search@https://registry.npmjs.org/yt-search/-/yt-search-2.13.1.tgz 2ms (cache hit)
17 http cache yargs-parser@https://registry.npmjs.org/yargs-parser/-/yargs-parser-21.1.1.tgz 0ms (cache hit)
18 http cache yargs@https://registry.npmjs.org/yargs/-/yargs-17.7.2.tgz 0ms (cache hit)
19 http cache y18n@https://registry.npmjs.org/y18n/-/y18n-5.0.8.tgz 1ms (cache hit)
20 http cache xtend@https://registry.npmjs.org/xtend/-/xtend-4.0.2.tgz 0ms (cache hit)
21 http cache ws@https://registry.npmjs.org/ws/-/ws-8.18.1.tgz 1ms (cache hit)
22 http cache wrappy@https://registry.npmjs.org/wrappy/-/wrappy-1.0.2.tgz 0ms (cache hit)
23 http cache wrap-ansi@https://registry.npmjs.org/wrap-ansi/-/wrap-ansi-7.0.0.tgz 0ms (cache hit)
24 http cache whatwg-url@https://registry.npmjs.org/whatwg-url/-/whatwg-url-14.2.0.tgz 1ms (cache hit)
25 http cache webidl-conversions@https://registry.npmjs.org/webidl-conversions/-/webidl-conversions-7.0.0.tgz 0ms (cache hit)
26 http cache whatwg-mimetype@https://registry.npmjs.org/whatwg-mimetype/-/whatwg-mimetype-4.0.0.tgz 0ms (cache hit)
27 http cache whatwg-encoding@https://registry.npmjs.org/whatwg-encoding/-/whatwg-encoding-3.1.1.tgz 0ms (cache hit)
28 http cache web-streams-polyfill@https://registry.npmjs.org/web-streams-polyfill/-/web-streams-polyfill-3.3.3.tgz 1ms (cache hit)
29 http cache wa-sticker-formatter@https://registry.npmjs.org/wa-sticker-formatter/-/wa-sticker-formatter-4.4.4.tgz 1ms (cache hit)
30 http cache vary@https://registry.npmjs.org/vary/-/vary-1.1.2.tgz 0ms (cache hit)
31 http cache uuid@https://registry.npmjs.org/uuid/-/uuid-10.0.0.tgz 0ms (cache hit)
32 http cache utils-merge@https://registry.npmjs.org/utils-merge/-/utils-merge-1.0.1.tgz 0ms (cache hit)
33 http cache util-deprecate@https://registry.npmjs.org/util-deprecate/-/util-deprecate-1.0.2.tgz 0ms (cache hit)
34 http cache util@https://registry.npmjs.org/util/-/util-0.10.4.tgz 0ms (cache hit)
35 http cache url-regex-safe@https://registry.npmjs.org/url-regex-safe/-/url-regex-safe-4.0.0.tgz 0ms (cache hit)
36 http cache unpipe@https://registry.npmjs.org/unpipe/-/unpipe-1.0.0.tgz 0ms (cache hit)
37 http cache url@https://registry.npmjs.org/url/-/url-0.11.4.tgz 0ms (cache hit)
38 http cache universalify@https://registry.npmjs.org/universalify/-/universalify-2.0.1.tgz 0ms (cache hit)
39 http cache undici-types@https://registry.npmjs.org/undici-types/-/undici-types-7.16.0.tgz 0ms (cache hit)
40 http cache undici@https://registry.npmjs.org/undici/-/undici-6.21.2.tgz 0ms (cache hit)
41 http cache type-is@https://registry.npmjs.org/type-is/-/type-is-2.0.1.tgz 0ms (cache hit)
42 http cache tunnel-agent@https://registry.npmjs.org/tunnel-agent/-/tunnel-agent-0.6.0.tgz 0ms (cache hit)
43 http cache ttys@https://registry.npmjs.org/ttys/-/ttys-0.0.3.tgz 0ms (cache hit)
44 http cache tslib@https://registry.npmjs.org/tslib/-/tslib-2.8.1.tgz 0ms (cache hit)
45 http cache tr46@https://registry.npmjs.org/tr46/-/tr46-5.1.1.tgz 0ms (cache hit)
46 http cache token-types@https://registry.npmjs.org/token-types/-/token-types-5.0.1.tgz 0ms (cache hit)
47 http cache tlds@https://registry.npmjs.org/tlds/-/tlds-1.256.0.tgz 0ms (cache hit)
48 http cache toidentifier@https://registry.npmjs.org/toidentifier/-/toidentifier-1.0.1.tgz 0ms (cache hit)
49 http cache thread-stream@https://registry.npmjs.org/thread-stream/-/thread-stream-2.7.0.tgz 0ms (cache hit)
50 http cache tar-fs@https://registry.npmjs.org/tar-fs/-/tar-fs-2.1.2.tgz 0ms (cache hit)
51 http cache tar-stream@https://registry.npmjs.org/tar-stream/-/tar-stream-2.2.0.tgz 0ms (cache hit)
52 http cache syntax-error@https://registry.npmjs.org/syntax-error/-/syntax-error-1.4.0.tgz 0ms (cache hit)
53 http cache strtok3@https://registry.npmjs.org/strtok3/-/strtok3-7.1.1.tgz 1ms (cache hit)
54 http cache strip-ansi@https://registry.npmjs.org/strip-ansi/-/strip-ansi-6.0.1.tgz 0ms (cache hit)
55 http cache string-width@https://registry.npmjs.org/string-width/-/string-width-4.2.3.tgz 0ms (cache hit)
56 http cache string_decoder@https://registry.npmjs.org/string_decoder/-/string_decoder-1.3.0.tgz 0ms (cache hit)
57 http cache statuses@https://registry.npmjs.org/statuses/-/statuses-2.0.1.tgz 0ms (cache hit)
58 http cache split2@https://registry.npmjs.org/split2/-/split2-4.2.0.tgz 0ms (cache hit)
59 http cache sparse-bitfield@https://registry.npmjs.org/sparse-bitfield/-/sparse-bitfield-3.0.3.tgz 0ms (cache hit)
60 http cache simple-swizzle@https://registry.npmjs.org/simple-swizzle/-/simple-swizzle-0.2.2.tgz 0ms (cache hit)
61 http cache sonic-boom@https://registry.npmjs.org/sonic-boom/-/sonic-boom-3.8.1.tgz 0ms (cache hit)
62 http cache simple-get@https://registry.npmjs.org/simple-get/-/simple-get-4.0.1.tgz 0ms (cache hit)
63 http cache simple-concat@https://registry.npmjs.org/simple-concat/-/simple-concat-1.0.1.tgz 0ms (cache hit)
64 http cache signal-exit@https://registry.npmjs.org/signal-exit/-/signal-exit-3.0.7.tgz 0ms (cache hit)
65 http cache side-channel-weakmap@https://registry.npmjs.org/side-channel-weakmap/-/side-channel-weakmap-1.0.2.tgz 0ms (cache hit)
66 http cache side-channel-map@https://registry.npmjs.org/side-channel-map/-/side-channel-map-1.0.1.tgz 0ms (cache hit)
67 http cache side-channel-list@https://registry.npmjs.org/side-channel-list/-/side-channel-list-1.0.0.tgz 0ms (cache hit)
68 http cache side-channel@https://registry.npmjs.org/side-channel/-/side-channel-1.1.0.tgz 0ms (cache hit)
69 http cache setprototypeof@https://registry.npmjs.org/setprototypeof/-/setprototypeof-1.2.0.tgz 0ms (cache hit)
70 http cache serve-static@https://registry.npmjs.org/serve-static/-/serve-static-1.16.2.tgz 0ms (cache hit)
71 http cache send@https://registry.npmjs.org/send/-/send-0.19.0.tgz 0ms (cache hit)
72 http cache semver@https://registry.npmjs.org/semver/-/semver-7.7.1.tgz 0ms (cache hit)
73 http cache safer-buffer@https://registry.npmjs.org/safer-buffer/-/safer-buffer-2.1.2.tgz 0ms (cache hit)
74 http cache safe-stable-stringify@https://registry.npmjs.org/safe-stable-stringify/-/safe-stable-stringify-2.5.0.tgz 0ms (cache hit)
75 http cache safe-buffer@https://registry.npmjs.org/safe-buffer/-/safe-buffer-5.2.1.tgz 0ms (cache hit)
76 http cache restore-cursor@https://registry.npmjs.org/restore-cursor/-/restore-cursor-3.1.0.tgz 0ms (cache hit)
77 http cache require-directory@https://registry.npmjs.org/require-directory/-/require-directory-2.1.1.tgz 0ms (cache hit)
78 http cache redstar@https://registry.npmjs.org/redstar/-/redstar-0.0.2.tgz 0ms (cache hit)
79 http cache real-require@https://registry.npmjs.org/real-require/-/real-require-0.2.0.tgz 0ms (cache hit)
80 http cache readable-web-to-node-stream@https://registry.npmjs.org/readable-web-to-node-stream/-/readable-web-to-node-stream-3.0.4.tgz 1ms (cache hit)
81 http cache readable-stream@https://registry.npmjs.org/readable-stream/-/readable-stream-4.7.0.tgz 0ms (cache hit)
82 http cache rc@https://registry.npmjs.org/rc/-/rc-1.2.8.tgz 0ms (cache hit)
83 http cache raw-body@https://registry.npmjs.org/raw-body/-/raw-body-3.0.0.tgz 0ms (cache hit)
84 http cache range-parser@https://registry.npmjs.org/range-parser/-/range-parser-1.2.1.tgz 0ms (cache hit)
85 http cache quick-format-unescaped@https://registry.npmjs.org/quick-format-unescaped/-/quick-format-unescaped-4.0.4.tgz 0ms (cache hit)
86 http cache queue@https://registry.npmjs.org/queue/-/queue-6.0.2.tgz 0ms (cache hit)
87 http cache qs@https://registry.npmjs.org/qs/-/qs-6.14.0.tgz 0ms (cache hit)
88 http cache qified@https://registry.npmjs.org/qified/-/qified-0.6.0.tgz 0ms (cache hit)
89 http cache punycode@https://registry.npmjs.org/punycode/-/punycode-2.3.1.tgz 0ms (cache hit)
90 http cache pump@https://registry.npmjs.org/pump/-/pump-3.0.2.tgz 0ms (cache hit)
91 http cache proxy-from-env@https://registry.npmjs.org/proxy-from-env/-/proxy-from-env-1.1.0.tgz 0ms (cache hit)
92 http cache proxy-addr@https://registry.npmjs.org/proxy-addr/-/proxy-addr-2.0.7.tgz 0ms (cache hit)
93 http cache protobufjs@https://registry.npmjs.org/protobufjs/-/protobufjs-6.11.4.tgz 0ms (cache hit)
94 http cache process-warning@https://registry.npmjs.org/process-warning/-/process-warning-3.0.0.tgz 0ms (cache hit)
95 http cache process@https://registry.npmjs.org/process/-/process-0.11.10.tgz 0ms (cache hit)
96 http cache prettier@https://registry.npmjs.org/prettier/-/prettier-3.5.3.tgz 0ms (cache hit)
97 http cache prebuild-install@https://registry.npmjs.org/prebuild-install/-/prebuild-install-7.1.3.tgz 0ms (cache hit)
98 http cache pino-std-serializers@https://registry.npmjs.org/pino-std-serializers/-/pino-std-serializers-6.2.2.tgz 1ms (cache hit)
99 http cache pino-abstract-transport@https://registry.npmjs.org/pino-abstract-transport/-/pino-abstract-transport-1.2.0.tgz 0ms (cache hit)
100 http cache pino@https://registry.npmjs.org/pino/-/pino-8.21.0.tgz 0ms (cache hit)
101 http cache picocolors@https://registry.npmjs.org/picocolors/-/picocolors-1.1.1.tgz 0ms (cache hit)
102 http cache performance-now@https://registry.npmjs.org/performance-now/-/performance-now-2.1.0.tgz 0ms (cache hit)
103 http cache peek-readable@https://registry.npmjs.org/peek-readable/-/peek-readable-5.4.2.tgz 0ms (cache hit)
104 http cache path-to-regexp@https://registry.npmjs.org/path-to-regexp/-/path-to-regexp-0.1.12.tgz 0ms (cache hit)
105 http cache path@https://registry.npmjs.org/path/-/path-0.12.7.tgz 0ms (cache hit)
106 http cache parseurl@https://registry.npmjs.org/parseurl/-/parseurl-1.3.3.tgz 0ms (cache hit)
107 http cache parse5-parser-stream@https://registry.npmjs.org/parse5-parser-stream/-/parse5-parser-stream-7.1.2.tgz 0ms (cache hit)
108 http cache parse5-htmlparser2-tree-adapter@https://registry.npmjs.org/parse5-htmlparser2-tree-adapter/-/parse5-htmlparser2-tree-adapter-7.1.0.tgz 1ms (cache hit)
109 http cache parse5@https://registry.npmjs.org/parse5/-/parse5-7.2.1.tgz 0ms (cache hit)
110 http cache onetime@https://registry.npmjs.org/onetime/-/onetime-5.1.2.tgz 0ms (cache hit)
111 http cache once@https://registry.npmjs.org/once/-/once-1.4.0.tgz 1ms (cache hit)
112 http cache on-finished@https://registry.npmjs.org/on-finished/-/on-finished-2.4.1.tgz 0ms (cache hit)
113 http cache on-exit-leak-free@https://registry.npmjs.org/on-exit-leak-free/-/on-exit-leak-free-2.1.2.tgz 0ms (cache hit)
114 http cache object-inspect@https://registry.npmjs.org/object-inspect/-/object-inspect-1.13.4.tgz 0ms (cache hit)
115 http cache nth-check@https://registry.npmjs.org/nth-check/-/nth-check-2.1.1.tgz 0ms (cache hit)
116 http cache node-webpmux@https://registry.npmjs.org/node-webpmux/-/node-webpmux-3.2.1.tgz 0ms (cache hit)
117 http cache node-fzf@https://registry.npmjs.org/node-fzf/-/node-fzf-0.14.0.tgz 0ms (cache hit)
118 http cache node-fetch@https://registry.npmjs.org/node-fetch/-/node-fetch-3.3.2.tgz 0ms (cache hit)
119 http cache node-domexception@https://registry.npmjs.org/node-domexception/-/node-domexception-1.0.0.tgz 0ms (cache hit)
120 http cache node-cache@https://registry.npmjs.org/node-cache/-/node-cache-5.1.2.tgz 1ms (cache hit)
121 http cache node-abi@https://registry.npmjs.org/node-abi/-/node-abi-3.74.0.tgz 0ms (cache hit)
122 http cache negotiator@https://registry.npmjs.org/negotiator/-/negotiator-0.6.3.tgz 0ms (cache hit)
123 http cache napi-build-utils@https://registry.npmjs.org/napi-build-utils/-/napi-build-utils-2.0.0.tgz 0ms (cache hit)
124 http cache music-metadata@https://registry.npmjs.org/music-metadata/-/music-metadata-7.14.0.tgz 0ms (cache hit)
125 http cache ms@https://registry.npmjs.org/ms/-/ms-2.1.3.tgz 0ms (cache hit)
126 http cache mongodb-connection-string-url@https://registry.npmjs.org/mongodb-connection-string-url/-/mongodb-connection-string-url-3.0.2.tgz 1ms (cache hit)
127 http cache moment-timezone@https://registry.npmjs.org/moment-timezone/-/moment-timezone-0.5.48.tgz 0ms (cache hit)
128 http cache mongodb@https://registry.npmjs.org/mongodb/-/mongodb-6.16.0.tgz 0ms (cache hit)
129 http cache mkdirp-classic@https://registry.npmjs.org/mkdirp-classic/-/mkdirp-classic-0.5.3.tgz 0ms (cache hit)
130 http cache moment@https://registry.npmjs.org/moment/-/moment-2.30.1.tgz 0ms (cache hit)
131 http cache minimist@https://registry.npmjs.org/minimist/-/minimist-1.2.8.tgz 0ms (cache hit)
132 http cache mimic-response@https://registry.npmjs.org/mimic-response/-/mimic-response-3.1.0.tgz 1ms (cache hit)
133 http cache mimic-fn@https://registry.npmjs.org/mimic-fn/-/mimic-fn-2.1.0.tgz 0ms (cache hit)
134 http cache mime-types@https://registry.npmjs.org/mime-types/-/mime-types-2.1.35.tgz 0ms (cache hit)
135 http cache mime@https://registry.npmjs.org/mime/-/mime-1.6.0.tgz 0ms (cache hit)
136 http cache mime-db@https://registry.npmjs.org/mime-db/-/mime-db-1.52.0.tgz 0ms (cache hit)
137 http cache methods@https://registry.npmjs.org/methods/-/methods-1.1.2.tgz 0ms (cache hit)
138 http cache merge-descriptors@https://registry.npmjs.org/merge-descriptors/-/merge-descriptors-1.0.3.tgz 0ms (cache hit)
139 http cache memory-pager@https://registry.npmjs.org/memory-pager/-/memory-pager-1.5.0.tgz 0ms (cache hit)
140 http cache media-typer@https://registry.npmjs.org/media-typer/-/media-typer-1.1.0.tgz 0ms (cache hit)
141 http cache math-intrinsics@https://registry.npmjs.org/math-intrinsics/-/math-intrinsics-1.1.0.tgz 0ms (cache hit)
142 http cache lru-cache@https://registry.npmjs.org/lru-cache/-/lru-cache-9.1.2.tgz 1ms (cache hit)
143 http cache long@https://registry.npmjs.org/long/-/long-4.0.0.tgz 0ms (cache hit)
144 http cache lodash.clonedeep@https://registry.npmjs.org/lodash.clonedeep/-/lodash.clonedeep-4.5.0.tgz 0ms (cache hit)
145 http cache lodash@https://registry.npmjs.org/lodash/-/lodash-4.17.23.tgz 0ms (cache hit)
146 http cache libphonenumber-js@https://registry.npmjs.org/libphonenumber-js/-/libphonenumber-js-1.12.35.tgz 0ms (cache hit)
147 http cache keyv@https://registry.npmjs.org/keyv/-/keyv-5.6.0.tgz 0ms (cache hit)
148 http cache keypress@https://registry.npmjs.org/keypress/-/keypress-0.2.1.tgz 0ms (cache hit)
149 http cache jsonpath-plus@https://registry.npmjs.org/jsonpath-plus/-/jsonpath-plus-10.3.0.tgz 0ms (cache hit)
150 http cache jsonfile@https://registry.npmjs.org/jsonfile/-/jsonfile-6.1.0.tgz 0ms (cache hit)
151 http cache jsep@https://registry.npmjs.org/jsep/-/jsep-1.4.0.tgz 0ms (cache hit)
152 http cache isexe@https://registry.npmjs.org/isexe/-/isexe-2.0.0.tgz 0ms (cache hit)
153 http cache is-fullwidth-code-point@https://registry.npmjs.org/is-fullwidth-code-point/-/is-fullwidth-code-point-3.0.0.tgz 0ms (cache hit)
154 http cache is-arrayish@https://registry.npmjs.org/is-arrayish/-/is-arrayish-0.3.2.tgz 0ms (cache hit)
155 http cache ipaddr.js@https://registry.npmjs.org/ipaddr.js/-/ipaddr.js-1.9.1.tgz 1ms (cache hit)
156 http cache ip-regex@https://registry.npmjs.org/ip-regex/-/ip-regex-4.3.0.tgz 0ms (cache hit)
157 http cache ini@https://registry.npmjs.org/ini/-/ini-1.3.8.tgz 0ms (cache hit)
158 http cache inherits@https://registry.npmjs.org/inherits/-/inherits-2.0.4.tgz 0ms (cache hit)
159 http cache image-size@https://registry.npmjs.org/image-size/-/image-size-1.2.1.tgz 0ms (cache hit)
160 http cache ieee754@https://registry.npmjs.org/ieee754/-/ieee754-1.2.1.tgz 0ms (cache hit)
161 http cache iconv-lite@https://registry.npmjs.org/iconv-lite/-/iconv-lite-0.6.3.tgz 0ms (cache hit)
162 http cache human-time@https://registry.npmjs.org/human-time/-/human-time-0.0.2.tgz 1ms (cache hit)
163 http cache human-readable@https://registry.npmjs.org/human-readable/-/human-readable-0.2.1.tgz 0ms (cache hit)
164 http cache http-errors@https://registry.npmjs.org/http-errors/-/http-errors-2.0.0.tgz 0ms (cache hit)
165 http cache htmlparser2@https://registry.npmjs.org/htmlparser2/-/htmlparser2-9.1.0.tgz 0ms (cache hit)
166 http cache hookified@https://registry.npmjs.org/hookified/-/hookified-1.15.0.tgz 0ms (cache hit)
167 http cache hasown@https://registry.npmjs.org/hasown/-/hasown-2.0.2.tgz 0ms (cache hit)
168 http cache hashery@https://registry.npmjs.org/hashery/-/hashery-1.4.0.tgz 0ms (cache hit)
169 http cache has-tostringtag@https://registry.npmjs.org/has-tostringtag/-/has-tostringtag-1.0.2.tgz 0ms (cache hit)
170 http cache has-symbols@https://registry.npmjs.org/has-symbols/-/has-symbols-1.1.0.tgz 0ms (cache hit)
171 http cache graceful-fs@https://registry.npmjs.org/graceful-fs/-/graceful-fs-4.2.11.tgz 0ms (cache hit)
172 http cache gopd@https://registry.npmjs.org/gopd/-/gopd-1.2.0.tgz 0ms (cache hit)
173 http cache github-from-package@https://registry.npmjs.org/github-from-package/-/github-from-package-0.0.0.tgz 0ms (cache hit)
174 http cache get-proto@https://registry.npmjs.org/get-proto/-/get-proto-1.0.1.tgz 0ms (cache hit)
175 http cache get-intrinsic@https://registry.npmjs.org/get-intrinsic/-/get-intrinsic-1.3.0.tgz 0ms (cache hit)
176 http cache get-caller-file@https://registry.npmjs.org/get-caller-file/-/get-caller-file-2.0.5.tgz 0ms (cache hit)
177 http cache function-bind@https://registry.npmjs.org/function-bind/-/function-bind-1.1.2.tgz 0ms (cache hit)
178 http cache fs-extra@https://registry.npmjs.org/fs-extra/-/fs-extra-10.1.0.tgz 0ms (cache hit)
179 http cache fs-constants@https://registry.npmjs.org/fs-constants/-/fs-constants-1.0.0.tgz 0ms (cache hit)
180 http cache fs@https://registry.npmjs.org/fs/-/fs-0.0.1-security.tgz 0ms (cache hit)
181 http cache formdata-polyfill@https://registry.npmjs.org/formdata-polyfill/-/formdata-polyfill-4.0.10.tgz 0ms (cache hit)
182 http cache forwarded@https://registry.npmjs.org/forwarded/-/forwarded-0.2.0.tgz 0ms (cache hit)
183 http cache fresh@https://registry.npmjs.org/fresh/-/fresh-0.5.2.tgz 0ms (cache hit)
184 http cache form-data@https://registry.npmjs.org/form-data/-/form-data-4.0.4.tgz 0ms (cache hit)
185 http cache follow-redirects@https://registry.npmjs.org/follow-redirects/-/follow-redirects-1.15.9.tgz 0ms (cache hit)
186 http cache finalhandler@https://registry.npmjs.org/finalhandler/-/finalhandler-1.3.1.tgz 0ms (cache hit)
187 http cache fluent-ffmpeg@https://registry.npmjs.org/fluent-ffmpeg/-/fluent-ffmpeg-2.1.3.tgz 0ms (cache hit)
188 http cache file-type@https://registry.npmjs.org/file-type/-/file-type-18.7.0.tgz 0ms (cache hit)
189 http cache figlet@https://registry.npmjs.org/figlet/-/figlet-1.8.1.tgz 0ms (cache hit)
190 http cache fetch-blob@https://registry.npmjs.org/fetch-blob/-/fetch-blob-3.2.0.tgz 0ms (cache hit)
191 http cache fast-redact@https://registry.npmjs.org/fast-redact/-/fast-redact-3.5.0.tgz 0ms (cache hit)
192 http cache express-rate-limit@https://registry.npmjs.org/express-rate-limit/-/express-rate-limit-7.5.0.tgz 0ms (cache hit)
193 http cache express@https://registry.npmjs.org/express/-/express-4.21.2.tgz 0ms (cache hit)
194 http cache expand-template@https://registry.npmjs.org/expand-template/-/expand-template-2.0.3.tgz 0ms (cache hit)
195 http cache events@https://registry.npmjs.org/events/-/events-3.3.0.tgz 0ms (cache hit)
196 http cache event-target-shim@https://registry.npmjs.org/event-target-shim/-/event-target-shim-5.0.1.tgz 1ms (cache hit)
197 http cache etag@https://registry.npmjs.org/etag/-/etag-1.8.1.tgz 0ms (cache hit)
198 http cache escape-html@https://registry.npmjs.org/escape-html/-/escape-html-1.0.3.tgz 0ms (cache hit)
199 http cache escalade@https://registry.npmjs.org/escalade/-/escalade-3.2.0.tgz 0ms (cache hit)
200 http cache es-set-tostringtag@https://registry.npmjs.org/es-set-tostringtag/-/es-set-tostringtag-2.1.0.tgz 1ms (cache hit)
201 http cache es-object-atoms@https://registry.npmjs.org/es-object-atoms/-/es-object-atoms-1.1.1.tgz 0ms (cache hit)
202 http cache es-errors@https://registry.npmjs.org/es-errors/-/es-errors-1.3.0.tgz 0ms (cache hit)
203 http cache es-define-property@https://registry.npmjs.org/es-define-property/-/es-define-property-1.0.1.tgz 0ms (cache hit)
204 http cache entities@https://registry.npmjs.org/entities/-/entities-4.5.0.tgz 0ms (cache hit)
205 http cache end-of-stream@https://registry.npmjs.org/end-of-stream/-/end-of-stream-1.4.4.tgz 1ms (cache hit)
206 http cache encoding-sniffer@https://registry.npmjs.org/encoding-sniffer/-/encoding-sniffer-0.2.0.tgz 0ms (cache hit)
207 http cache encodeurl@https://registry.npmjs.org/encodeurl/-/encodeurl-2.0.0.tgz 0ms (cache hit)
208 http cache emoji-regex@https://registry.npmjs.org/emoji-regex/-/emoji-regex-8.0.0.tgz 0ms (cache hit)
209 http cache ee-first@https://registry.npmjs.org/ee-first/-/ee-first-1.1.1.tgz 1ms (cache hit)
210 http cache dunder-proto@https://registry.npmjs.org/dunder-proto/-/dunder-proto-1.0.1.tgz 0ms (cache hit)
211 http cache dotenv@https://registry.npmjs.org/dotenv/-/dotenv-16.5.0.tgz 0ms (cache hit)
212 http cache domutils@https://registry.npmjs.org/domutils/-/domutils-3.2.2.tgz 0ms (cache hit)
213 http cache domhandler@https://registry.npmjs.org/domhandler/-/domhandler-5.0.3.tgz 0ms (cache hit)
214 http cache domelementtype@https://registry.npmjs.org/domelementtype/-/domelementtype-2.3.0.tgz 0ms (cache hit)
215 http cache dom-serializer@https://registry.npmjs.org/dom-serializer/-/dom-serializer-2.0.0.tgz 1ms (cache hit)
216 http cache detect-libc@https://registry.npmjs.org/detect-libc/-/detect-libc-2.0.4.tgz 0ms (cache hit)
217 http cache destroy@https://registry.npmjs.org/destroy/-/destroy-1.2.0.tgz 0ms (cache hit)
218 http cache depd@https://registry.npmjs.org/depd/-/depd-2.0.0.tgz 0ms (cache hit)
219 http cache delayed-stream@https://registry.npmjs.org/delayed-stream/-/delayed-stream-1.0.0.tgz 0ms (cache hit)
220 http cache deep-extend@https://registry.npmjs.org/deep-extend/-/deep-extend-0.6.0.tgz 1ms (cache hit)
221 http cache decompress-response@https://registry.npmjs.org/decompress-response/-/decompress-response-6.0.0.tgz 0ms (cache hit)
222 http cache debug@https://registry.npmjs.org/debug/-/debug-4.4.0.tgz 0ms (cache hit)
223 http cache data-uri-to-buffer@https://registry.npmjs.org/data-uri-to-buffer/-/data-uri-to-buffer-4.0.1.tgz 0ms (cache hit)
224 http cache dasu@https://registry.npmjs.org/dasu/-/dasu-0.4.3.tgz 0ms (cache hit)
225 http cache curve25519-js@https://registry.npmjs.org/curve25519-js/-/curve25519-js-0.0.4.tgz 0ms (cache hit)
226 http cache css-what@https://registry.npmjs.org/css-what/-/css-what-6.1.0.tgz 0ms (cache hit)
227 http cache css-select@https://registry.npmjs.org/css-select/-/css-select-5.1.0.tgz 0ms (cache hit)
228 http cache cookie-signature@https://registry.npmjs.org/cookie-signature/-/cookie-signature-1.0.6.tgz 0ms (cache hit)
229 http cache cookie@https://registry.npmjs.org/cookie/-/cookie-0.7.1.tgz 0ms (cache hit)
230 http cache content-type@https://registry.npmjs.org/content-type/-/content-type-1.0.5.tgz 0ms (cache hit)
231 http cache content-disposition@https://registry.npmjs.org/content-disposition/-/content-disposition-0.5.4.tgz 0ms (cache hit)
232 http cache concat-map@https://registry.npmjs.org/concat-map/-/concat-map-0.0.1.tgz 0ms (cache hit)
233 http cache combined-stream@https://registry.npmjs.org/combined-stream/-/combined-stream-1.0.8.tgz 0ms (cache hit)
234 http cache color-string@https://registry.npmjs.org/color-string/-/color-string-1.9.1.tgz 0ms (cache hit)
235 http cache color-name@https://registry.npmjs.org/color-name/-/color-name-1.1.4.tgz 0ms (cache hit)
236 http cache color-convert@https://registry.npmjs.org/color-convert/-/color-convert-2.0.1.tgz 0ms (cache hit)
237 http cache color@https://registry.npmjs.org/color/-/color-4.2.3.tgz 0ms (cache hit)
238 http cache clone@https://registry.npmjs.org/clone/-/clone-2.1.2.tgz 1ms (cache hit)
239 http cache cliui@https://registry.npmjs.org/cliui/-/cliui-8.0.1.tgz 0ms (cache hit)
240 http cache chownr@https://registry.npmjs.org/chownr/-/chownr-1.1.4.tgz 0ms (cache hit)
241 http cache cheerio-select@https://registry.npmjs.org/cheerio-select/-/cheerio-select-2.1.0.tgz 0ms (cache hit)
242 http cache cheerio@https://registry.npmjs.org/cheerio/-/cheerio-1.0.0.tgz 0ms (cache hit)
243 http cache chalk@https://registry.npmjs.org/chalk/-/chalk-5.4.1.tgz 0ms (cache hit)
244 http cache call-bound@https://registry.npmjs.org/call-bound/-/call-bound-1.0.4.tgz 0ms (cache hit)
245 http cache call-bind-apply-helpers@https://registry.npmjs.org/call-bind-apply-helpers/-/call-bind-apply-helpers-1.0.2.tgz 0ms (cache hit)
246 http cache cacheable@https://registry.npmjs.org/cacheable/-/cacheable-2.3.2.tgz 0ms (cache hit)
247 http cache cache-manager@https://registry.npmjs.org/cache-manager/-/cache-manager-5.2.2.tgz 0ms (cache hit)
248 http cache bytes@https://registry.npmjs.org/bytes/-/bytes-3.1.2.tgz 0ms (cache hit)
249 http cache buffer@https://registry.npmjs.org/buffer/-/buffer-6.0.3.tgz 0ms (cache hit)
250 http cache bson@https://registry.npmjs.org/bson/-/bson-6.10.3.tgz 0ms (cache hit)
251 http cache boolstring@https://registry.npmjs.org/boolstring/-/boolstring-2.0.1.tgz 0ms (cache hit)
252 http cache boolbase@https://registry.npmjs.org/boolbase/-/boolbase-1.0.0.tgz 0ms (cache hit)
253 http cache body-parser@https://registry.npmjs.org/body-parser/-/body-parser-2.2.0.tgz 0ms (cache hit)
254 http cache bl@https://registry.npmjs.org/bl/-/bl-4.1.0.tgz 0ms (cache hit)
255 http cache base64-js@https://registry.npmjs.org/base64-js/-/base64-js-1.5.1.tgz 0ms (cache hit)
256 http cache balanced-match@https://registry.npmjs.org/balanced-match/-/balanced-match-1.0.2.tgz 0ms (cache hit)
257 http cache axios@https://registry.npmjs.org/axios/-/axios-1.8.4.tgz 0ms (cache hit)
258 http cache awesome-phonenumber@https://registry.npmjs.org/awesome-phonenumber/-/awesome-phonenumber-3.4.0.tgz 1ms (cache hit)
259 http cache atomic-sleep@https://registry.npmjs.org/atomic-sleep/-/atomic-sleep-1.0.0.tgz 0ms (cache hit)
260 http cache asynckit@https://registry.npmjs.org/asynckit/-/asynckit-0.4.0.tgz 0ms (cache hit)
261 http cache async.util.restparam@https://registry.npmjs.org/async.util.restparam/-/async.util.restparam-0.5.2.tgz 0ms (cache hit)
262 http cache async.util.parallel@https://registry.npmjs.org/async.util.parallel/-/async.util.parallel-0.5.2.tgz 0ms (cache hit)
263 http cache async.util.onlyonce@https://registry.npmjs.org/async.util.onlyonce/-/async.util.onlyonce-0.5.2.tgz 0ms (cache hit)
264 http cache async.util.once@https://registry.npmjs.org/async.util.once/-/async.util.once-0.5.2.tgz 0ms (cache hit)
265 http cache async.util.noop@https://registry.npmjs.org/async.util.noop/-/async.util.noop-0.5.2.tgz 1ms (cache hit)
266 http cache async.util.keys@https://registry.npmjs.org/async.util.keys/-/async.util.keys-0.5.2.tgz 0ms (cache hit)
267 http cache async.util.keyiterator@https://registry.npmjs.org/async.util.keyiterator/-/async.util.keyiterator-0.5.2.tgz 0ms (cache hit)
268 http cache async.util.isarraylike@https://registry.npmjs.org/async.util.isarraylike/-/async.util.isarraylike-0.5.2.tgz 0ms (cache hit)
269 http cache async.util.isarray@https://registry.npmjs.org/async.util.isarray/-/async.util.isarray-0.5.2.tgz 0ms (cache hit)
270 http cache async.util.eachoflimit@https://registry.npmjs.org/async.util.eachoflimit/-/async.util.eachoflimit-0.5.2.tgz 0ms (cache hit)
271 http cache async.parallellimit@https://registry.npmjs.org/async.parallellimit/-/async.parallellimit-0.5.2.tgz 0ms (cache hit)
272 http cache async-mutex@https://registry.npmjs.org/async-mutex/-/async-mutex-0.5.0.tgz 0ms (cache hit)
273 http cache async@https://registry.npmjs.org/async/-/async-0.2.10.tgz 0ms (cache hit)
274 http cache array-flatten@https://registry.npmjs.org/array-flatten/-/array-flatten-1.1.1.tgz 0ms (cache hit)
275 http cache ansi-styles@https://registry.npmjs.org/ansi-styles/-/ansi-styles-4.3.0.tgz 0ms (cache hit)
276 http cache ansi-regex@https://registry.npmjs.org/ansi-regex/-/ansi-regex-5.0.1.tgz 0ms (cache hit)
277 http cache acorn-walk@https://registry.npmjs.org/acorn-walk/-/acorn-walk-7.2.0.tgz 0ms (cache hit)
278 http cache acorn-node@https://registry.npmjs.org/acorn-node/-/acorn-node-1.8.2.tgz 0ms (cache hit)
279 http cache accepts@https://registry.npmjs.org/accepts/-/accepts-1.3.8.tgz 0ms (cache hit)
280 http cache abort-controller@https://registry.npmjs.org/abort-controller/-/abort-controller-3.0.0.tgz 1ms (cache hit)
281 http cache @types/whatwg-url@https://registry.npmjs.org/@types/whatwg-url/-/whatwg-url-11.0.5.tgz 0ms (cache hit)
282 http cache @types/node@https://registry.npmjs.org/@types/node/-/node-25.0.10.tgz 0ms (cache hit)
283 http cache @types/webidl-conversions@https://registry.npmjs.org/@types/webidl-conversions/-/webidl-conversions-7.0.3.tgz 0ms (cache hit)
284 http cache @types/long@https://registry.npmjs.org/@types/long/-/long-4.0.2.tgz 0ms (cache hit)
285 http cache @tokenizer/token@https://registry.npmjs.org/@tokenizer/token/-/token-0.3.0.tgz 0ms (cache hit)
286 http cache @protobufjs/utf8@https://registry.npmjs.org/@protobufjs/utf8/-/utf8-1.1.0.tgz 0ms (cache hit)
287 http cache @protobufjs/pool@https://registry.npmjs.org/@protobufjs/pool/-/pool-1.1.0.tgz 0ms (cache hit)
288 http cache @protobufjs/path@https://registry.npmjs.org/@protobufjs/path/-/path-1.1.2.tgz 0ms (cache hit)
289 http cache @protobufjs/inquire@https://registry.npmjs.org/@protobufjs/inquire/-/inquire-1.1.0.tgz 0ms (cache hit)
290 http cache @protobufjs/float@https://registry.npmjs.org/@protobufjs/float/-/float-1.0.2.tgz 0ms (cache hit)
291 http cache @protobufjs/fetch@https://registry.npmjs.org/@protobufjs/fetch/-/fetch-1.1.0.tgz 0ms (cache hit)
292 http cache @protobufjs/eventemitter@https://registry.npmjs.org/@protobufjs/eventemitter/-/eventemitter-1.1.0.tgz 1ms (cache hit)
293 http cache @protobufjs/codegen@https://registry.npmjs.org/@protobufjs/codegen/-/codegen-2.0.4.tgz 0ms (cache hit)
294 http cache @protobufjs/base64@https://registry.npmjs.org/@protobufjs/base64/-/base64-1.1.2.tgz 0ms (cache hit)
295 http cache @protobufjs/aspromise@https://registry.npmjs.org/@protobufjs/aspromise/-/aspromise-1.1.2.tgz 0ms (cache hit)
296 http cache @mongodb-js/saslprep@https://registry.npmjs.org/@mongodb-js/saslprep/-/saslprep-1.2.2.tgz 0ms (cache hit)
297 http cache @keyv/serialize@https://registry.npmjs.org/@keyv/serialize/-/serialize-1.1.1.tgz 0ms (cache hit)
298 http cache @keyv/bigmap@https://registry.npmjs.org/@keyv/bigmap/-/bigmap-1.3.1.tgz 0ms (cache hit)
299 http cache @jsep-plugin/regex@https://registry.npmjs.org/@jsep-plugin/regex/-/regex-1.0.4.tgz 0ms (cache hit)
300 http cache @jsep-plugin/assignment@https://registry.npmjs.org/@jsep-plugin/assignment/-/assignment-1.3.0.tgz 1ms (cache hit)
301 http cache @hapi/hoek@https://registry.npmjs.org/@hapi/hoek/-/hoek-9.3.0.tgz 0ms (cache hit)
302 http cache @hapi/boom@https://registry.npmjs.org/@hapi/boom/-/boom-9.1.4.tgz 0ms (cache hit)
303 http cache @cacheable/node-cache@https://registry.npmjs.org/@cacheable/node-cache/-/node-cache-1.7.6.tgz 1ms (cache hit)
304 http cache @cacheable/utils@https://registry.npmjs.org/@cacheable/utils/-/utils-2.3.3.tgz 0ms (cache hit)
305 http cache @cacheable/memory@https://registry.npmjs.org/@cacheable/memory/-/memory-2.0.7.tgz 0ms (cache hit)
306 http cache @adiwajshing/keyed-db@https://registry.npmjs.org/@adiwajshing/keyed-db/-/keyed-db-0.2.4.tgz 0ms (cache hit)
307 http cache strtok3@https://registry.npmjs.org/strtok3/-/strtok3-6.3.0.tgz 0ms (cache hit)
308 http cache sharp@https://registry.npmjs.org/sharp/-/sharp-0.30.7.tgz 0ms (cache hit)
309 http cache node-addon-api@https://registry.npmjs.org/node-addon-api/-/node-addon-api-5.1.0.tgz 1ms (cache hit)
310 http cache file-type@https://registry.npmjs.org/file-type/-/file-type-16.5.4.tgz 0ms (cache hit)
311 http cache peek-readable@https://registry.npmjs.org/peek-readable/-/peek-readable-4.1.0.tgz 0ms (cache hit)
312 http cache token-types@https://registry.npmjs.org/token-types/-/token-types-4.2.1.tgz 0ms (cache hit)
313 http cache axios@https://registry.npmjs.org/axios/-/axios-0.21.4.tgz 0ms (cache hit)
314 http cache inherits@https://registry.npmjs.org/inherits/-/inherits-2.0.3.tgz 0ms (cache hit)
315 http cache punycode@https://registry.npmjs.org/punycode/-/punycode-1.4.1.tgz 0ms (cache hit)
316 http cache mime-types@https://registry.npmjs.org/mime-types/-/mime-types-3.0.1.tgz 0ms (cache hit)
317 http cache mime-db@https://registry.npmjs.org/mime-db/-/mime-db-1.54.0.tgz 0ms (cache hit)
318 http cache readable-stream@https://registry.npmjs.org/readable-stream/-/readable-stream-3.6.2.tgz 0ms (cache hit)
319 http cache encodeurl@https://registry.npmjs.org/encodeurl/-/encodeurl-1.0.2.tgz 0ms (cache hit)
320 http cache debug@https://registry.npmjs.org/debug/-/debug-2.6.9.tgz 0ms (cache hit)
321 http cache ms@https://registry.npmjs.org/ms/-/ms-2.0.0.tgz 0ms (cache hit)
322 http cache strip-json-comments@https://registry.npmjs.org/strip-json-comments/-/strip-json-comments-2.0.1.tgz 0ms (cache hit)
323 http cache minimatch@https://registry.npmjs.org/minimatch/-/minimatch-3.0.8.tgz 0ms (cache hit)
324 http cache brace-expansion@https://registry.npmjs.org/brace-expansion/-/brace-expansion-1.1.11.tgz 0ms (cache hit)
325 http cache strip-ansi@https://registry.npmjs.org/strip-ansi/-/strip-ansi-4.0.0.tgz 0ms (cache hit)
326 http cache string-width@https://registry.npmjs.org/string-width/-/string-width-2.1.1.tgz 0ms (cache hit)
327 http cache is-fullwidth-code-point@https://registry.npmjs.org/is-fullwidth-code-point/-/is-fullwidth-code-point-2.0.0.tgz 0ms (cache hit)
328 http cache token-types@https://registry.npmjs.org/token-types/-/token-types-4.2.1.tgz 0ms (cache hit)
329 http cache ansi-regex@https://registry.npmjs.org/ansi-regex/-/ansi-regex-3.0.1.tgz 0ms (cache hit)
330 http cache strtok3@https://registry.npmjs.org/strtok3/-/strtok3-6.3.0.tgz 0ms (cache hit)
331 http cache peek-readable@https://registry.npmjs.org/peek-readable/-/peek-readable-4.1.0.tgz 0ms (cache hit)
332 http cache file-type@https://registry.npmjs.org/file-type/-/file-type-16.5.4.tgz 0ms (cache hit)
333 http cache protobufjs@https://registry.npmjs.org/protobufjs/-/protobufjs-6.8.8.tgz 0ms (cache hit)
334 http cache @types/node@https://registry.npmjs.org/@types/node/-/node-10.17.60.tgz 0ms (cache hit)
335 http cache which@https://registry.npmjs.org/which/-/which-1.3.1.tgz 0ms (cache hit)
336 http cache ms@https://registry.npmjs.org/ms/-/ms-2.0.0.tgz 0ms (cache hit)
337 http cache debug@https://registry.npmjs.org/debug/-/debug-2.6.9.tgz 0ms (cache hit)
338 http cache type-is@https://registry.npmjs.org/type-is/-/type-is-1.6.18.tgz 0ms (cache hit)
339 http cache raw-body@https://registry.npmjs.org/raw-body/-/raw-body-2.5.2.tgz 1ms (cache hit)
340 http cache qs@https://registry.npmjs.org/qs/-/qs-6.13.0.tgz 0ms (cache hit)
341 http cache media-typer@https://registry.npmjs.org/media-typer/-/media-typer-0.3.0.tgz 0ms (cache hit)
342 http cache iconv-lite@https://registry.npmjs.org/iconv-lite/-/iconv-lite-0.4.24.tgz 0ms (cache hit)
343 http cache ms@https://registry.npmjs.org/ms/-/ms-2.0.0.tgz 0ms (cache hit)
344 http cache debug@https://registry.npmjs.org/debug/-/debug-2.6.9.tgz 0ms (cache hit)
345 http cache body-parser@https://registry.npmjs.org/body-parser/-/body-parser-1.20.3.tgz 0ms (cache hit)
346 http cache readable-stream@https://registry.npmjs.org/readable-stream/-/readable-stream-3.6.2.tgz 0ms (cache hit)
347 http cache buffer@https://registry.npmjs.org/buffer/-/buffer-5.7.1.tgz 0ms (cache hit)
348 http cache thread-stream@https://registry.npmjs.org/thread-stream/-/thread-stream-3.1.0.tgz 0ms (cache hit)
349 http cache sonic-boom@https://registry.npmjs.org/sonic-boom/-/sonic-boom-4.2.0.tgz 0ms (cache hit)
350 http cache process-warning@https://registry.npmjs.org/process-warning/-/process-warning-4.0.1.tgz 0ms (cache hit)
351 http cache pino-std-serializers@https://registry.npmjs.org/pino-std-serializers/-/pino-std-serializers-7.0.0.tgz 0ms (cache hit)
352 http cache pino-abstract-transport@https://registry.npmjs.org/pino-abstract-transport/-/pino-abstract-transport-2.0.0.tgz 0ms (cache hit)
353 http cache pino@https://registry.npmjs.org/pino/-/pino-9.6.0.tgz 1ms (cache hit)
354 http cache acorn@https://registry.npmjs.org/acorn/-/acorn-7.4.1.tgz 0ms (cache hit)
355 silly tarball no local data for yt-search@https://registry.npmjs.org/yt-search/-/yt-search-2.13.1.tgz. Extracting by manifest.
356 silly tarball no local data for yargs-parser@https://registry.npmjs.org/yargs-parser/-/yargs-parser-21.1.1.tgz. Extracting by manifest.
357 silly tarball no local data for yargs@https://registry.npmjs.org/yargs/-/yargs-17.7.2.tgz. Extracting by manifest.
358 silly tarball no local data for y18n@https://registry.npmjs.org/y18n/-/y18n-5.0.8.tgz. Extracting by manifest.
359 silly tarball no local data for xtend@https://registry.npmjs.org/xtend/-/xtend-4.0.2.tgz. Extracting by manifest.
360 silly tarball no local data for ws@https://registry.npmjs.org/ws/-/ws-8.18.1.tgz. Extracting by manifest.
361 silly tarball no local data for wrap-ansi@https://registry.npmjs.org/wrap-ansi/-/wrap-ansi-7.0.0.tgz. Extracting by manifest.
362 silly tarball no local data for whatwg-url@https://registry.npmjs.org/whatwg-url/-/whatwg-url-14.2.0.tgz. Extracting by manifest.
363 silly tarball no local data for webidl-conversions@https://registry.npmjs.org/webidl-conversions/-/webidl-conversions-7.0.0.tgz. Extracting by manifest.
364 silly tarball no local data for whatwg-mimetype@https://registry.npmjs.org/whatwg-mimetype/-/whatwg-mimetype-4.0.0.tgz. Extracting by manifest.
365 silly tarball no local data for whatwg-encoding@https://registry.npmjs.org/whatwg-encoding/-/whatwg-encoding-3.1.1.tgz. Extracting by manifest.
366 silly tarball no local data for web-streams-polyfill@https://registry.npmjs.org/web-streams-polyfill/-/web-streams-polyfill-3.3.3.tgz. Extracting by manifest.
367 silly tarball no local data for wa-sticker-formatter@https://registry.npmjs.org/wa-sticker-formatter/-/wa-sticker-formatter-4.4.4.tgz. Extracting by manifest.
368 silly tarball no local data for uuid@https://registry.npmjs.org/uuid/-/uuid-10.0.0.tgz. Extracting by manifest.
369 silly tarball no local data for utils-merge@https://registry.npmjs.org/utils-merge/-/utils-merge-1.0.1.tgz. Extracting by manifest.
370 silly tarball no local data for util-deprecate@https://registry.npmjs.org/util-deprecate/-/util-deprecate-1.0.2.tgz. Extracting by manifest.
371 silly tarball no local data for util@https://registry.npmjs.org/util/-/util-0.10.4.tgz. Extracting by manifest.
372 silly tarball no local data for url-regex-safe@https://registry.npmjs.org/url-regex-safe/-/url-regex-safe-4.0.0.tgz. Extracting by manifest.
373 silly tarball no local data for url@https://registry.npmjs.org/url/-/url-0.11.4.tgz. Extracting by manifest.
374 silly tarball no local data for universalify@https://registry.npmjs.org/universalify/-/universalify-2.0.1.tgz. Extracting by manifest.
375 silly tarball no local data for undici-types@https://registry.npmjs.org/undici-types/-/undici-types-7.16.0.tgz. Extracting by manifest.
376 silly tarball no local data for undici@https://registry.npmjs.org/undici/-/undici-6.21.2.tgz. Extracting by manifest.
377 silly tarball no local data for type-is@https://registry.npmjs.org/type-is/-/type-is-2.0.1.tgz. Extracting by manifest.
378 silly tarball no local data for tunnel-agent@https://registry.npmjs.org/tunnel-agent/-/tunnel-agent-0.6.0.tgz. Extracting by manifest.
379 silly tarball no local data for ttys@https://registry.npmjs.org/ttys/-/ttys-0.0.3.tgz. Extracting by manifest.
380 silly tarball no local data for tslib@https://registry.npmjs.org/tslib/-/tslib-2.8.1.tgz. Extracting by manifest.
381 silly tarball no local data for tr46@https://registry.npmjs.org/tr46/-/tr46-5.1.1.tgz. Extracting by manifest.
382 silly tarball no local data for token-types@https://registry.npmjs.org/token-types/-/token-types-5.0.1.tgz. Extracting by manifest.
383 silly tarball no local data for tlds@https://registry.npmjs.org/tlds/-/tlds-1.256.0.tgz. Extracting by manifest.
384 silly tarball no local data for thread-stream@https://registry.npmjs.org/thread-stream/-/thread-stream-2.7.0.tgz. Extracting by manifest.
385 silly tarball no local data for tar-fs@https://registry.npmjs.org/tar-fs/-/tar-fs-2.1.2.tgz. Extracting by manifest.
386 silly tarball no local data for tar-stream@https://registry.npmjs.org/tar-stream/-/tar-stream-2.2.0.tgz. Extracting by manifest.
387 silly tarball no local data for syntax-error@https://registry.npmjs.org/syntax-error/-/syntax-error-1.4.0.tgz. Extracting by manifest.
388 silly tarball no local data for strip-ansi@https://registry.npmjs.org/strip-ansi/-/strip-ansi-6.0.1.tgz. Extracting by manifest.
389 silly tarball no local data for strtok3@https://registry.npmjs.org/strtok3/-/strtok3-7.1.1.tgz. Extracting by manifest.
390 silly tarball no local data for string-width@https://registry.npmjs.org/string-width/-/string-width-4.2.3.tgz. Extracting by manifest.
391 silly tarball no local data for string_decoder@https://registry.npmjs.org/string_decoder/-/string_decoder-1.3.0.tgz. Extracting by manifest.
392 silly tarball no local data for statuses@https://registry.npmjs.org/statuses/-/statuses-2.0.1.tgz. Extracting by manifest.
393 silly tarball no local data for split2@https://registry.npmjs.org/split2/-/split2-4.2.0.tgz. Extracting by manifest.
394 silly tarball no local data for sparse-bitfield@https://registry.npmjs.org/sparse-bitfield/-/sparse-bitfield-3.0.3.tgz. Extracting by manifest.
395 silly tarball no local data for simple-swizzle@https://registry.npmjs.org/simple-swizzle/-/simple-swizzle-0.2.2.tgz. Extracting by manifest.
396 silly tarball no local data for sonic-boom@https://registry.npmjs.org/sonic-boom/-/sonic-boom-3.8.1.tgz. Extracting by manifest.
397 silly tarball no local data for simple-get@https://registry.npmjs.org/simple-get/-/simple-get-4.0.1.tgz. Extracting by manifest.
398 silly tarball no local data for simple-concat@https://registry.npmjs.org/simple-concat/-/simple-concat-1.0.1.tgz. Extracting by manifest.
399 silly tarball no local data for signal-exit@https://registry.npmjs.org/signal-exit/-/signal-exit-3.0.7.tgz. Extracting by manifest.
400 silly tarball no local data for side-channel-list@https://registry.npmjs.org/side-channel-list/-/side-channel-list-1.0.0.tgz. Extracting by manifest.
401 silly tarball no local data for side-channel@https://registry.npmjs.org/side-channel/-/side-channel-1.1.0.tgz. Extracting by manifest.
402 silly tarball no local data for serve-static@https://registry.npmjs.org/serve-static/-/serve-static-1.16.2.tgz. Extracting by manifest.
403 silly tarball no local data for send@https://registry.npmjs.org/send/-/send-0.19.0.tgz. Extracting by manifest.
404 silly tarball no local data for semver@https://registry.npmjs.org/semver/-/semver-7.7.1.tgz. Extracting by manifest.
405 silly tarball no local data for safe-stable-stringify@https://registry.npmjs.org/safe-stable-stringify/-/safe-stable-stringify-2.5.0.tgz. Extracting by manifest.
406 silly tarball no local data for safe-buffer@https://registry.npmjs.org/safe-buffer/-/safe-buffer-5.2.1.tgz. Extracting by manifest.
407 silly tarball no local data for restore-cursor@https://registry.npmjs.org/restore-cursor/-/restore-cursor-3.1.0.tgz. Extracting by manifest.
408 silly tarball no local data for require-directory@https://registry.npmjs.org/require-directory/-/require-directory-2.1.1.tgz. Extracting by manifest.
409 silly tarball no local data for redstar@https://registry.npmjs.org/redstar/-/redstar-0.0.2.tgz. Extracting by manifest.
410 silly tarball no local data for real-require@https://registry.npmjs.org/real-require/-/real-require-0.2.0.tgz. Extracting by manifest.
411 silly tarball no local data for readable-web-to-node-stream@https://registry.npmjs.org/readable-web-to-node-stream/-/readable-web-to-node-stream-3.0.4.tgz. Extracting by manifest.
412 silly tarball no local data for readable-stream@https://registry.npmjs.org/readable-stream/-/readable-stream-4.7.0.tgz. Extracting by manifest.
413 silly tarball no local data for rc@https://registry.npmjs.org/rc/-/rc-1.2.8.tgz. Extracting by manifest.
414 silly tarball no local data for raw-body@https://registry.npmjs.org/raw-body/-/raw-body-3.0.0.tgz. Extracting by manifest.
415 silly tarball no local data for range-parser@https://registry.npmjs.org/range-parser/-/range-parser-1.2.1.tgz. Extracting by manifest.
416 silly tarball no local data for quick-format-unescaped@https://registry.npmjs.org/quick-format-unescaped/-/quick-format-unescaped-4.0.4.tgz. Extracting by manifest.
417 silly tarball no local data for queue@https://registry.npmjs.org/queue/-/queue-6.0.2.tgz. Extracting by manifest.
418 silly tarball no local data for qs@https://registry.npmjs.org/qs/-/qs-6.14.0.tgz. Extracting by manifest.
419 silly tarball no local data for qified@https://registry.npmjs.org/qified/-/qified-0.6.0.tgz. Extracting by manifest.
420 silly tarball no local data for punycode@https://registry.npmjs.org/punycode/-/punycode-2.3.1.tgz. Extracting by manifest.
421 silly tarball no local data for pump@https://registry.npmjs.org/pump/-/pump-3.0.2.tgz. Extracting by manifest.
422 silly tarball no local data for proxy-from-env@https://registry.npmjs.org/proxy-from-env/-/proxy-from-env-1.1.0.tgz. Extracting by manifest.
423 silly tarball no local data for proxy-addr@https://registry.npmjs.org/proxy-addr/-/proxy-addr-2.0.7.tgz. Extracting by manifest.
424 silly tarball no local data for protobufjs@https://registry.npmjs.org/protobufjs/-/protobufjs-6.11.4.tgz. Extracting by manifest.
425 silly tarball no local data for process-warning@https://registry.npmjs.org/process-warning/-/process-warning-3.0.0.tgz. Extracting by manifest.
426 silly tarball no local data for process@https://registry.npmjs.org/process/-/process-0.11.10.tgz. Extracting by manifest.
427 silly tarball no local data for prettier@https://registry.npmjs.org/prettier/-/prettier-3.5.3.tgz. Extracting by manifest.
428 silly tarball no local data for prebuild-install@https://registry.npmjs.org/prebuild-install/-/prebuild-install-7.1.3.tgz. Extracting by manifest.
429 silly tarball no local data for pino-std-serializers@https://registry.npmjs.org/pino-std-serializers/-/pino-std-serializers-6.2.2.tgz. Extracting by manifest.
430 silly tarball no local data for pino-abstract-transport@https://registry.npmjs.org/pino-abstract-transport/-/pino-abstract-transport-1.2.0.tgz. Extracting by manifest.
431 silly tarball no local data for pino@https://registry.npmjs.org/pino/-/pino-8.21.0.tgz. Extracting by manifest.
432 silly tarball no local data for picocolors@https://registry.npmjs.org/picocolors/-/picocolors-1.1.1.tgz. Extracting by manifest.
433 silly tarball no local data for performance-now@https://registry.npmjs.org/performance-now/-/performance-now-2.1.0.tgz. Extracting by manifest.
434 silly tarball no local data for peek-readable@https://registry.npmjs.org/peek-readable/-/peek-readable-5.4.2.tgz. Extracting by manifest.
435 silly tarball no local data for path-to-regexp@https://registry.npmjs.org/path-to-regexp/-/path-to-regexp-0.1.12.tgz. Extracting by manifest.
436 silly tarball no local data for path@https://registry.npmjs.org/path/-/path-0.12.7.tgz. Extracting by manifest.
437 silly tarball no local data for parse5-parser-stream@https://registry.npmjs.org/parse5-parser-stream/-/parse5-parser-stream-7.1.2.tgz. Extracting by manifest.
438 silly tarball no local data for parse5-htmlparser2-tree-adapter@https://registry.npmjs.org/parse5-htmlparser2-tree-adapter/-/parse5-htmlparser2-tree-adapter-7.1.0.tgz. Extracting by manifest.
439 silly tarball no local data for parse5@https://registry.npmjs.org/parse5/-/parse5-7.2.1.tgz. Extracting by manifest.
440 silly tarball no local data for onetime@https://registry.npmjs.org/onetime/-/onetime-5.1.2.tgz. Extracting by manifest.
441 silly tarball no local data for on-exit-leak-free@https://registry.npmjs.org/on-exit-leak-free/-/on-exit-leak-free-2.1.2.tgz. Extracting by manifest.
442 silly tarball no local data for nth-check@https://registry.npmjs.org/nth-check/-/nth-check-2.1.1.tgz. Extracting by manifest.
443 silly tarball no local data for node-webpmux@https://registry.npmjs.org/node-webpmux/-/node-webpmux-3.2.1.tgz. Extracting by manifest.
444 silly tarball no local data for node-fzf@https://registry.npmjs.org/node-fzf/-/node-fzf-0.14.0.tgz. Extracting by manifest.
445 silly tarball no local data for node-fetch@https://registry.npmjs.org/node-fetch/-/node-fetch-3.3.2.tgz. Extracting by manifest.
446 silly tarball no local data for node-domexception@https://registry.npmjs.org/node-domexception/-/node-domexception-1.0.0.tgz. Extracting by manifest.
447 silly tarball no local data for node-cache@https://registry.npmjs.org/node-cache/-/node-cache-5.1.2.tgz. Extracting by manifest.
448 silly tarball no local data for node-abi@https://registry.npmjs.org/node-abi/-/node-abi-3.74.0.tgz. Extracting by manifest.
449 silly tarball no local data for negotiator@https://registry.npmjs.org/negotiator/-/negotiator-0.6.3.tgz. Extracting by manifest.
450 silly tarball no local data for napi-build-utils@https://registry.npmjs.org/napi-build-utils/-/napi-build-utils-2.0.0.tgz. Extracting by manifest.
451 silly tarball no local data for music-metadata@https://registry.npmjs.org/music-metadata/-/music-metadata-7.14.0.tgz. Extracting by manifest.
452 silly tarball no local data for mongodb-connection-string-url@https://registry.npmjs.org/mongodb-connection-string-url/-/mongodb-connection-string-url-3.0.2.tgz. Extracting by manifest.
453 silly tarball no local data for moment-timezone@https://registry.npmjs.org/moment-timezone/-/moment-timezone-0.5.48.tgz. Extracting by manifest.
454 silly tarball no local data for mongodb@https://registry.npmjs.org/mongodb/-/mongodb-6.16.0.tgz. Extracting by manifest.
455 silly tarball no local data for mkdirp-classic@https://registry.npmjs.org/mkdirp-classic/-/mkdirp-classic-0.5.3.tgz. Extracting by manifest.
456 silly tarball no local data for moment@https://registry.npmjs.org/moment/-/moment-2.30.1.tgz. Extracting by manifest.
457 silly tarball no local data for minimist@https://registry.npmjs.org/minimist/-/minimist-1.2.8.tgz. Extracting by manifest.
458 silly tarball no local data for mimic-response@https://registry.npmjs.org/mimic-response/-/mimic-response-3.1.0.tgz. Extracting by manifest.
459 silly tarball no local data for mimic-fn@https://registry.npmjs.org/mimic-fn/-/mimic-fn-2.1.0.tgz. Extracting by manifest.
460 silly tarball no local data for mime-types@https://registry.npmjs.org/mime-types/-/mime-types-2.1.35.tgz. Extracting by manifest.
461 silly tarball no local data for mime@https://registry.npmjs.org/mime/-/mime-1.6.0.tgz. Extracting by manifest.
462 silly tarball no local data for mime-db@https://registry.npmjs.org/mime-db/-/mime-db-1.52.0.tgz. Extracting by manifest.
463 silly tarball no local data for methods@https://registry.npmjs.org/methods/-/methods-1.1.2.tgz. Extracting by manifest.
464 silly tarball no local data for merge-descriptors@https://registry.npmjs.org/merge-descriptors/-/merge-descriptors-1.0.3.tgz. Extracting by manifest.
465 silly tarball no local data for memory-pager@https://registry.npmjs.org/memory-pager/-/memory-pager-1.5.0.tgz. Extracting by manifest.
466 silly tarball no local data for media-typer@https://registry.npmjs.org/media-typer/-/media-typer-1.1.0.tgz. Extracting by manifest.
467 silly tarball no local data for lru-cache@https://registry.npmjs.org/lru-cache/-/lru-cache-9.1.2.tgz. Extracting by manifest.
468 silly tarball no local data for long@https://registry.npmjs.org/long/-/long-4.0.0.tgz. Extracting by manifest.
469 silly tarball no local data for lodash.clonedeep@https://registry.npmjs.org/lodash.clonedeep/-/lodash.clonedeep-4.5.0.tgz. Extracting by manifest.
470 silly tarball no local data for lodash@https://registry.npmjs.org/lodash/-/lodash-4.17.23.tgz. Extracting by manifest.
471 silly tarball no local data for libphonenumber-js@https://registry.npmjs.org/libphonenumber-js/-/libphonenumber-js-1.12.35.tgz. Extracting by manifest.
472 silly tarball no local data for keyv@https://registry.npmjs.org/keyv/-/keyv-5.6.0.tgz. Extracting by manifest.
473 silly tarball no local data for keypress@https://registry.npmjs.org/keypress/-/keypress-0.2.1.tgz. Extracting by manifest.
474 silly tarball no local data for jsonpath-plus@https://registry.npmjs.org/jsonpath-plus/-/jsonpath-plus-10.3.0.tgz. Extracting by manifest.
475 silly tarball no local data for jsonfile@https://registry.npmjs.org/jsonfile/-/jsonfile-6.1.0.tgz. Extracting by manifest.
476 silly tarball no local data for jsep@https://registry.npmjs.org/jsep/-/jsep-1.4.0.tgz. Extracting by manifest.
477 silly tarball no local data for isexe@https://registry.npmjs.org/isexe/-/isexe-2.0.0.tgz. Extracting by manifest.
478 silly tarball no local data for is-fullwidth-code-point@https://registry.npmjs.org/is-fullwidth-code-point/-/is-fullwidth-code-point-3.0.0.tgz. Extracting by manifest.
479 silly tarball no local data for is-arrayish@https://registry.npmjs.org/is-arrayish/-/is-arrayish-0.3.2.tgz. Extracting by manifest.
480 silly tarball no local data for ip-regex@https://registry.npmjs.org/ip-regex/-/ip-regex-4.3.0.tgz. Extracting by manifest.
481 silly tarball no local data for ini@https://registry.npmjs.org/ini/-/ini-1.3.8.tgz. Extracting by manifest.
482 silly tarball no local data for image-size@https://registry.npmjs.org/image-size/-/image-size-1.2.1.tgz. Extracting by manifest.
483 silly tarball no local data for ieee754@https://registry.npmjs.org/ieee754/-/ieee754-1.2.1.tgz. Extracting by manifest.
484 silly tarball no local data for iconv-lite@https://registry.npmjs.org/iconv-lite/-/iconv-lite-0.6.3.tgz. Extracting by manifest.
485 silly tarball no local data for human-time@https://registry.npmjs.org/human-time/-/human-time-0.0.2.tgz. Extracting by manifest.
486 silly tarball no local data for human-readable@https://registry.npmjs.org/human-readable/-/human-readable-0.2.1.tgz. Extracting by manifest.
487 silly tarball no local data for http-errors@https://registry.npmjs.org/http-errors/-/http-errors-2.0.0.tgz. Extracting by manifest.
488 silly tarball no local data for htmlparser2@https://registry.npmjs.org/htmlparser2/-/htmlparser2-9.1.0.tgz. Extracting by manifest.
489 silly tarball no local data for hookified@https://registry.npmjs.org/hookified/-/hookified-1.15.0.tgz. Extracting by manifest.
490 silly tarball no local data for hasown@https://registry.npmjs.org/hasown/-/hasown-2.0.2.tgz. Extracting by manifest.
491 silly tarball no local data for hashery@https://registry.npmjs.org/hashery/-/hashery-1.4.0.tgz. Extracting by manifest.
492 silly tarball no local data for has-tostringtag@https://registry.npmjs.org/has-tostringtag/-/has-tostringtag-1.0.2.tgz. Extracting by manifest.
493 silly tarball no local data for graceful-fs@https://registry.npmjs.org/graceful-fs/-/graceful-fs-4.2.11.tgz. Extracting by manifest.
494 silly tarball no local data for github-from-package@https://registry.npmjs.org/github-from-package/-/github-from-package-0.0.0.tgz. Extracting by manifest.
495 silly tarball no local data for get-caller-file@https://registry.npmjs.org/get-caller-file/-/get-caller-file-2.0.5.tgz. Extracting by manifest.
496 silly tarball no local data for fs-extra@https://registry.npmjs.org/fs-extra/-/fs-extra-10.1.0.tgz. Extracting by manifest.
497 silly tarball no local data for fs-constants@https://registry.npmjs.org/fs-constants/-/fs-constants-1.0.0.tgz. Extracting by manifest.
498 silly tarball no local data for fs@https://registry.npmjs.org/fs/-/fs-0.0.1-security.tgz. Extracting by manifest.
499 silly tarball no local data for formdata-polyfill@https://registry.npmjs.org/formdata-polyfill/-/formdata-polyfill-4.0.10.tgz. Extracting by manifest.
500 silly tarball no local data for fresh@https://registry.npmjs.org/fresh/-/fresh-0.5.2.tgz. Extracting by manifest.
501 silly tarball no local data for form-data@https://registry.npmjs.org/form-data/-/form-data-4.0.4.tgz. Extracting by manifest.
502 silly tarball no local data for follow-redirects@https://registry.npmjs.org/follow-redirects/-/follow-redirects-1.15.9.tgz. Extracting by manifest.
503 silly tarball no local data for finalhandler@https://registry.npmjs.org/finalhandler/-/finalhandler-1.3.1.tgz. Extracting by manifest.
504 silly tarball no local data for fluent-ffmpeg@https://registry.npmjs.org/fluent-ffmpeg/-/fluent-ffmpeg-2.1.3.tgz. Extracting by manifest.
505 silly tarball no local data for file-type@https://registry.npmjs.org/file-type/-/file-type-18.7.0.tgz. Extracting by manifest.
506 silly tarball no local data for figlet@https://registry.npmjs.org/figlet/-/figlet-1.8.1.tgz. Extracting by manifest.
507 silly tarball no local data for fetch-blob@https://registry.npmjs.org/fetch-blob/-/fetch-blob-3.2.0.tgz. Extracting by manifest.
508 silly tarball no local data for fast-redact@https://registry.npmjs.org/fast-redact/-/fast-redact-3.5.0.tgz. Extracting by manifest.
509 silly tarball no local data for express-rate-limit@https://registry.npmjs.org/express-rate-limit/-/express-rate-limit-7.5.0.tgz. Extracting by manifest.
510 silly tarball no local data for express@https://registry.npmjs.org/express/-/express-4.21.2.tgz. Extracting by manifest.
511 silly tarball no local data for expand-template@https://registry.npmjs.org/expand-template/-/expand-template-2.0.3.tgz. Extracting by manifest.
512 silly tarball no local data for events@https://registry.npmjs.org/events/-/events-3.3.0.tgz. Extracting by manifest.
513 silly tarball no local data for event-target-shim@https://registry.npmjs.org/event-target-shim/-/event-target-shim-5.0.1.tgz. Extracting by manifest.
514 silly tarball no local data for escalade@https://registry.npmjs.org/escalade/-/escalade-3.2.0.tgz. Extracting by manifest.
515 silly tarball no local data for es-set-tostringtag@https://registry.npmjs.org/es-set-tostringtag/-/es-set-tostringtag-2.1.0.tgz. Extracting by manifest.
516 silly tarball no local data for es-object-atoms@https://registry.npmjs.org/es-object-atoms/-/es-object-atoms-1.1.1.tgz. Extracting by manifest.
517 silly tarball no local data for entities@https://registry.npmjs.org/entities/-/entities-4.5.0.tgz. Extracting by manifest.
518 silly tarball no local data for end-of-stream@https://registry.npmjs.org/end-of-stream/-/end-of-stream-1.4.4.tgz. Extracting by manifest.
519 silly tarball no local data for encoding-sniffer@https://registry.npmjs.org/encoding-sniffer/-/encoding-sniffer-0.2.0.tgz. Extracting by manifest.
520 silly tarball no local data for emoji-regex@https://registry.npmjs.org/emoji-regex/-/emoji-regex-8.0.0.tgz. Extracting by manifest.
521 silly tarball no local data for dotenv@https://registry.npmjs.org/dotenv/-/dotenv-16.5.0.tgz. Extracting by manifest.
522 silly tarball no local data for domutils@https://registry.npmjs.org/domutils/-/domutils-3.2.2.tgz. Extracting by manifest.
523 silly tarball no local data for domhandler@https://registry.npmjs.org/domhandler/-/domhandler-5.0.3.tgz. Extracting by manifest.
524 silly tarball no local data for domelementtype@https://registry.npmjs.org/domelementtype/-/domelementtype-2.3.0.tgz. Extracting by manifest.
525 silly tarball no local data for dom-serializer@https://registry.npmjs.org/dom-serializer/-/dom-serializer-2.0.0.tgz. Extracting by manifest.
526 silly tarball no local data for detect-libc@https://registry.npmjs.org/detect-libc/-/detect-libc-2.0.4.tgz. Extracting by manifest.
527 silly tarball no local data for destroy@https://registry.npmjs.org/destroy/-/destroy-1.2.0.tgz. Extracting by manifest.
528 silly tarball no local data for delayed-stream@https://registry.npmjs.org/delayed-stream/-/delayed-stream-1.0.0.tgz. Extracting by manifest.
529 silly tarball no local data for deep-extend@https://registry.npmjs.org/deep-extend/-/deep-extend-0.6.0.tgz. Extracting by manifest.
530 silly tarball no local data for decompress-response@https://registry.npmjs.org/decompress-response/-/decompress-response-6.0.0.tgz. Extracting by manifest.
531 silly tarball no local data for debug@https://registry.npmjs.org/debug/-/debug-4.4.0.tgz. Extracting by manifest.
532 silly tarball no local data for data-uri-to-buffer@https://registry.npmjs.org/data-uri-to-buffer/-/data-uri-to-buffer-4.0.1.tgz. Extracting by manifest.
533 silly tarball no local data for dasu@https://registry.npmjs.org/dasu/-/dasu-0.4.3.tgz. Extracting by manifest.
534 silly tarball no local data for curve25519-js@https://registry.npmjs.org/curve25519-js/-/curve25519-js-0.0.4.tgz. Extracting by manifest.
535 silly tarball no local data for css-what@https://registry.npmjs.org/css-what/-/css-what-6.1.0.tgz. Extracting by manifest.
536 silly tarball no local data for css-select@https://registry.npmjs.org/css-select/-/css-select-5.1.0.tgz. Extracting by manifest.
537 silly tarball no local data for cookie-signature@https://registry.npmjs.org/cookie-signature/-/cookie-signature-1.0.6.tgz. Extracting by manifest.
538 silly tarball no local data for cookie@https://registry.npmjs.org/cookie/-/cookie-0.7.1.tgz. Extracting by manifest.
539 silly tarball no local data for content-disposition@https://registry.npmjs.org/content-disposition/-/content-disposition-0.5.4.tgz. Extracting by manifest.
540 silly tarball no local data for concat-map@https://registry.npmjs.org/concat-map/-/concat-map-0.0.1.tgz. Extracting by manifest.
541 silly tarball no local data for combined-stream@https://registry.npmjs.org/combined-stream/-/combined-stream-1.0.8.tgz. Extracting by manifest.
542 silly tarball no local data for color-string@https://registry.npmjs.org/color-string/-/color-string-1.9.1.tgz. Extracting by manifest.
543 silly tarball no local data for color-name@https://registry.npmjs.org/color-name/-/color-name-1.1.4.tgz. Extracting by manifest.
544 silly tarball no local data for color-convert@https://registry.npmjs.org/color-convert/-/color-convert-2.0.1.tgz. Extracting by manifest.
545 silly tarball no local data for color@https://registry.npmjs.org/color/-/color-4.2.3.tgz. Extracting by manifest.
546 silly tarball no local data for clone@https://registry.npmjs.org/clone/-/clone-2.1.2.tgz. Extracting by manifest.
547 silly tarball no local data for cliui@https://registry.npmjs.org/cliui/-/cliui-8.0.1.tgz. Extracting by manifest.
548 silly tarball no local data for chownr@https://registry.npmjs.org/chownr/-/chownr-1.1.4.tgz. Extracting by manifest.
549 silly tarball no local data for cheerio-select@https://registry.npmjs.org/cheerio-select/-/cheerio-select-2.1.0.tgz. Extracting by manifest.
550 silly tarball no local data for cheerio@https://registry.npmjs.org/cheerio/-/cheerio-1.0.0.tgz. Extracting by manifest.
551 silly tarball no local data for chalk@https://registry.npmjs.org/chalk/-/chalk-5.4.1.tgz. Extracting by manifest.
552 silly tarball no local data for cacheable@https://registry.npmjs.org/cacheable/-/cacheable-2.3.2.tgz. Extracting by manifest.
553 silly tarball no local data for cache-manager@https://registry.npmjs.org/cache-manager/-/cache-manager-5.2.2.tgz. Extracting by manifest.
554 silly tarball no local data for buffer@https://registry.npmjs.org/buffer/-/buffer-6.0.3.tgz. Extracting by manifest.
555 silly tarball no local data for bson@https://registry.npmjs.org/bson/-/bson-6.10.3.tgz. Extracting by manifest.
556 silly tarball no local data for boolstring@https://registry.npmjs.org/boolstring/-/boolstring-2.0.1.tgz. Extracting by manifest.
557 silly tarball no local data for boolbase@https://registry.npmjs.org/boolbase/-/boolbase-1.0.0.tgz. Extracting by manifest.
558 silly tarball no local data for body-parser@https://registry.npmjs.org/body-parser/-/body-parser-2.2.0.tgz. Extracting by manifest.
559 silly tarball no local data for bl@https://registry.npmjs.org/bl/-/bl-4.1.0.tgz. Extracting by manifest.
560 silly tarball no local data for base64-js@https://registry.npmjs.org/base64-js/-/base64-js-1.5.1.tgz. Extracting by manifest.
561 silly tarball no local data for balanced-match@https://registry.npmjs.org/balanced-match/-/balanced-match-1.0.2.tgz. Extracting by manifest.
562 silly tarball no local data for axios@https://registry.npmjs.org/axios/-/axios-1.8.4.tgz. Extracting by manifest.
563 silly tarball no local data for awesome-phonenumber@https://registry.npmjs.org/awesome-phonenumber/-/awesome-phonenumber-3.4.0.tgz. Extracting by manifest.
564 silly tarball no local data for atomic-sleep@https://registry.npmjs.org/atomic-sleep/-/atomic-sleep-1.0.0.tgz. Extracting by manifest.
565 silly tarball no local data for asynckit@https://registry.npmjs.org/asynckit/-/asynckit-0.4.0.tgz. Extracting by manifest.
566 silly tarball no local data for async.util.restparam@https://registry.npmjs.org/async.util.restparam/-/async.util.restparam-0.5.2.tgz. Extracting by manifest.
567 silly tarball no local data for async.util.parallel@https://registry.npmjs.org/async.util.parallel/-/async.util.parallel-0.5.2.tgz. Extracting by manifest.
568 silly tarball no local data for async.util.onlyonce@https://registry.npmjs.org/async.util.onlyonce/-/async.util.onlyonce-0.5.2.tgz. Extracting by manifest.
569 silly tarball no local data for async.util.once@https://registry.npmjs.org/async.util.once/-/async.util.once-0.5.2.tgz. Extracting by manifest.
570 silly tarball no local data for async.util.noop@https://registry.npmjs.org/async.util.noop/-/async.util.noop-0.5.2.tgz. Extracting by manifest.
571 silly tarball no local data for async.util.keys@https://registry.npmjs.org/async.util.keys/-/async.util.keys-0.5.2.tgz. Extracting by manifest.
572 silly tarball no local data for async.util.keyiterator@https://registry.npmjs.org/async.util.keyiterator/-/async.util.keyiterator-0.5.2.tgz. Extracting by manifest.
573 silly tarball no local data for async.util.isarraylike@https://registry.npmjs.org/async.util.isarraylike/-/async.util.isarraylike-0.5.2.tgz. Extracting by manifest.
574 silly tarball no local data for async.util.isarray@https://registry.npmjs.org/async.util.isarray/-/async.util.isarray-0.5.2.tgz. Extracting by manifest.
575 silly tarball no local data for async.util.eachoflimit@https://registry.npmjs.org/async.util.eachoflimit/-/async.util.eachoflimit-0.5.2.tgz. Extracting by manifest.
576 silly tarball no local data for async.parallellimit@https://registry.npmjs.org/async.parallellimit/-/async.parallellimit-0.5.2.tgz. Extracting by manifest.
577 silly tarball no local data for async-mutex@https://registry.npmjs.org/async-mutex/-/async-mutex-0.5.0.tgz. Extracting by manifest.
578 silly tarball no local data for async@https://registry.npmjs.org/async/-/async-0.2.10.tgz. Extracting by manifest.
579 silly tarball no local data for array-flatten@https://registry.npmjs.org/array-flatten/-/array-flatten-1.1.1.tgz. Extracting by manifest.
580 silly tarball no local data for ansi-styles@https://registry.npmjs.org/ansi-styles/-/ansi-styles-4.3.0.tgz. Extracting by manifest.
581 silly tarball no local data for ansi-regex@https://registry.npmjs.org/ansi-regex/-/ansi-regex-5.0.1.tgz. Extracting by manifest.
582 silly tarball no local data for acorn-walk@https://registry.npmjs.org/acorn-walk/-/acorn-walk-7.2.0.tgz. Extracting by manifest.
583 silly tarball no local data for acorn-node@https://registry.npmjs.org/acorn-node/-/acorn-node-1.8.2.tgz. Extracting by manifest.
584 silly tarball no local data for accepts@https://registry.npmjs.org/accepts/-/accepts-1.3.8.tgz. Extracting by manifest.
585 silly tarball no local data for abort-controller@https://registry.npmjs.org/abort-controller/-/abort-controller-3.0.0.tgz. Extracting by manifest.
586 silly tarball no local data for @types/whatwg-url@https://registry.npmjs.org/@types/whatwg-url/-/whatwg-url-11.0.5.tgz. Extracting by manifest.
587 silly tarball no local data for @types/node@https://registry.npmjs.org/@types/node/-/node-25.0.10.tgz. Extracting by manifest.
588 silly tarball no local data for @types/webidl-conversions@https://registry.npmjs.org/@types/webidl-conversions/-/webidl-conversions-7.0.3.tgz. Extracting by manifest.
589 silly tarball no local data for @types/long@https://registry.npmjs.org/@types/long/-/long-4.0.2.tgz. Extracting by manifest.
590 silly tarball no local data for @tokenizer/token@https://registry.npmjs.org/@tokenizer/token/-/token-0.3.0.tgz. Extracting by manifest.
591 silly tarball no local data for @protobufjs/utf8@https://registry.npmjs.org/@protobufjs/utf8/-/utf8-1.1.0.tgz. Extracting by manifest.
592 silly tarball no local data for @protobufjs/pool@https://registry.npmjs.org/@protobufjs/pool/-/pool-1.1.0.tgz. Extracting by manifest.
593 silly tarball no local data for @protobufjs/path@https://registry.npmjs.org/@protobufjs/path/-/path-1.1.2.tgz. Extracting by manifest.
594 silly tarball no local data for @protobufjs/inquire@https://registry.npmjs.org/@protobufjs/inquire/-/inquire-1.1.0.tgz. Extracting by manifest.
595 silly tarball no local data for @protobufjs/float@https://registry.npmjs.org/@protobufjs/float/-/float-1.0.2.tgz. Extracting by manifest.
596 silly tarball no local data for @protobufjs/fetch@https://registry.npmjs.org/@protobufjs/fetch/-/fetch-1.1.0.tgz. Extracting by manifest.
597 silly tarball no local data for @protobufjs/eventemitter@https://registry.npmjs.org/@protobufjs/eventemitter/-/eventemitter-1.1.0.tgz. Extracting by manifest.
598 silly tarball no local data for @protobufjs/codegen@https://registry.npmjs.org/@protobufjs/codegen/-/codegen-2.0.4.tgz. Extracting by manifest.
599 silly tarball no local data for @protobufjs/base64@https://registry.npmjs.org/@protobufjs/base64/-/base64-1.1.2.tgz. Extracting by manifest.
600 silly tarball no local data for @protobufjs/aspromise@https://registry.npmjs.org/@protobufjs/aspromise/-/aspromise-1.1.2.tgz. Extracting by manifest.
601 silly tarball no local data for @mongodb-js/saslprep@https://registry.npmjs.org/@mongodb-js/saslprep/-/saslprep-1.2.2.tgz. Extracting by manifest.
602 silly tarball no local data for @keyv/serialize@https://registry.npmjs.org/@keyv/serialize/-/serialize-1.1.1.tgz. Extracting by manifest.
603 silly tarball no local data for @keyv/bigmap@https://registry.npmjs.org/@keyv/bigmap/-/bigmap-1.3.1.tgz. Extracting by manifest.
604 silly tarball no local data for @jsep-plugin/regex@https://registry.npmjs.org/@jsep-plugin/regex/-/regex-1.0.4.tgz. Extracting by manifest.
605 silly tarball no local data for @jsep-plugin/assignment@https://registry.npmjs.org/@jsep-plugin/assignment/-/assignment-1.3.0.tgz. Extracting by manifest.
606 silly tarball no local data for @hapi/hoek@https://registry.npmjs.org/@hapi/hoek/-/hoek-9.3.0.tgz. Extracting by manifest.
607 silly tarball no local data for @hapi/boom@https://registry.npmjs.org/@hapi/boom/-/boom-9.1.4.tgz. Extracting by manifest.
608 silly tarball no local data for @cacheable/node-cache@https://registry.npmjs.org/@cacheable/node-cache/-/node-cache-1.7.6.tgz. Extracting by manifest.
609 silly tarball no local data for @cacheable/utils@https://registry.npmjs.org/@cacheable/utils/-/utils-2.3.3.tgz. Extracting by manifest.
610 silly tarball no local data for @cacheable/memory@https://registry.npmjs.org/@cacheable/memory/-/memory-2.0.7.tgz. Extracting by manifest.
611 silly tarball no local data for @adiwajshing/keyed-db@https://registry.npmjs.org/@adiwajshing/keyed-db/-/keyed-db-0.2.4.tgz. Extracting by manifest.
612 silly tarball no local data for strtok3@https://registry.npmjs.org/strtok3/-/strtok3-6.3.0.tgz. Extracting by manifest.
613 silly tarball no local data for sharp@https://registry.npmjs.org/sharp/-/sharp-0.30.7.tgz. Extracting by manifest.
614 silly tarball no local data for node-addon-api@https://registry.npmjs.org/node-addon-api/-/node-addon-api-5.1.0.tgz. Extracting by manifest.
615 silly tarball no local data for file-type@https://registry.npmjs.org/file-type/-/file-type-16.5.4.tgz. Extracting by manifest.
616 silly tarball no local data for peek-readable@https://registry.npmjs.org/peek-readable/-/peek-readable-4.1.0.tgz. Extracting by manifest.
617 silly tarball no local data for token-types@https://registry.npmjs.org/token-types/-/token-types-4.2.1.tgz. Extracting by manifest.
618 silly tarball no local data for axios@https://registry.npmjs.org/axios/-/axios-0.21.4.tgz. Extracting by manifest.
619 silly tarball no local data for inherits@https://registry.npmjs.org/inherits/-/inherits-2.0.3.tgz. Extracting by manifest.
620 silly tarball no local data for punycode@https://registry.npmjs.org/punycode/-/punycode-1.4.1.tgz. Extracting by manifest.
621 silly tarball no local data for mime-types@https://registry.npmjs.org/mime-types/-/mime-types-3.0.1.tgz. Extracting by manifest.
622 silly tarball no local data for readable-stream@https://registry.npmjs.org/readable-stream/-/readable-stream-3.6.2.tgz. Extracting by manifest.
623 silly tarball no local data for encodeurl@https://registry.npmjs.org/encodeurl/-/encodeurl-1.0.2.tgz. Extracting by manifest.
624 silly tarball no local data for debug@https://registry.npmjs.org/debug/-/debug-2.6.9.tgz. Extracting by manifest.
625 silly tarball no local data for ms@https://registry.npmjs.org/ms/-/ms-2.0.0.tgz. Extracting by manifest.
626 silly tarball no local data for strip-json-comments@https://registry.npmjs.org/strip-json-comments/-/strip-json-comments-2.0.1.tgz. Extracting by manifest.
627 silly tarball no local data for minimatch@https://registry.npmjs.org/minimatch/-/minimatch-3.0.8.tgz. Extracting by manifest.
628 silly tarball no local data for brace-expansion@https://registry.npmjs.org/brace-expansion/-/brace-expansion-1.1.11.tgz. Extracting by manifest.
629 silly tarball no local data for strip-ansi@https://registry.npmjs.org/strip-ansi/-/strip-ansi-4.0.0.tgz. Extracting by manifest.
630 silly tarball no local data for string-width@https://registry.npmjs.org/string-width/-/string-width-2.1.1.tgz. Extracting by manifest.
631 silly tarball no local data for is-fullwidth-code-point@https://registry.npmjs.org/is-fullwidth-code-point/-/is-fullwidth-code-point-2.0.0.tgz. Extracting by manifest.
632 silly tarball no local data for token-types@https://registry.npmjs.org/token-types/-/token-types-4.2.1.tgz. Extracting by manifest.
633 silly tarball no local data for ansi-regex@https://registry.npmjs.org/ansi-regex/-/ansi-regex-3.0.1.tgz. Extracting by manifest.
634 silly tarball no local data for strtok3@https://registry.npmjs.org/strtok3/-/strtok3-6.3.0.tgz. Extracting by manifest.
635 silly tarball no local data for peek-readable@https://registry.npmjs.org/peek-readable/-/peek-readable-4.1.0.tgz. Extracting by manifest.
636 silly tarball no local data for file-type@https://registry.npmjs.org/file-type/-/file-type-16.5.4.tgz. Extracting by manifest.
637 silly tarball no local data for protobufjs@https://registry.npmjs.org/protobufjs/-/protobufjs-6.8.8.tgz. Extracting by manifest.
638 silly tarball no local data for @types/node@https://registry.npmjs.org/@types/node/-/node-10.17.60.tgz. Extracting by manifest.
639 silly tarball no local data for which@https://registry.npmjs.org/which/-/which-1.3.1.tgz. Extracting by manifest.
640 silly tarball no local data for ms@https://registry.npmjs.org/ms/-/ms-2.0.0.tgz. Extracting by manifest.
641 silly tarball no local data for debug@https://registry.npmjs.org/debug/-/debug-2.6.9.tgz. Extracting by manifest.
642 silly tarball no local data for type-is@https://registry.npmjs.org/type-is/-/type-is-1.6.18.tgz. Extracting by manifest.
643 silly tarball no local data for raw-body@https://registry.npmjs.org/raw-body/-/raw-body-2.5.2.tgz. Extracting by manifest.
644 silly tarball no local data for qs@https://registry.npmjs.org/qs/-/qs-6.13.0.tgz. Extracting by manifest.
645 silly tarball no local data for media-typer@https://registry.npmjs.org/media-typer/-/media-typer-0.3.0.tgz. Extracting by manifest.
646 silly tarball no local data for iconv-lite@https://registry.npmjs.org/iconv-lite/-/iconv-lite-0.4.24.tgz. Extracting by manifest.
647 silly tarball no local data for ms@https://registry.npmjs.org/ms/-/ms-2.0.0.tgz. Extracting by manifest.
648 silly tarball no local data for debug@https://registry.npmjs.org/debug/-/debug-2.6.9.tgz. Extracting by manifest.
649 silly tarball no local data for body-parser@https://registry.npmjs.org/body-parser/-/body-parser-1.20.3.tgz. Extracting by manifest.
650 silly tarball no local data for readable-stream@https://registry.npmjs.org/readable-stream/-/readable-stream-3.6.2.tgz. Extracting by manifest.
651 silly tarball no local data for buffer@https://registry.npmjs.org/buffer/-/buffer-5.7.1.tgz. Extracting by manifest.
652 silly tarball no local data for thread-stream@https://registry.npmjs.org/thread-stream/-/thread-stream-3.1.0.tgz. Extracting by manifest.
653 silly tarball no local data for sonic-boom@https://registry.npmjs.org/sonic-boom/-/sonic-boom-4.2.0.tgz. Extracting by manifest.
654 silly tarball no local data for process-warning@https://registry.npmjs.org/process-warning/-/process-warning-4.0.1.tgz. Extracting by manifest.
655 silly tarball no local data for pino-std-serializers@https://registry.npmjs.org/pino-std-serializers/-/pino-std-serializers-7.0.0.tgz. Extracting by manifest.
656 silly tarball no local data for pino-abstract-transport@https://registry.npmjs.org/pino-abstract-transport/-/pino-abstract-transport-2.0.0.tgz. Extracting by manifest.
657 silly tarball no local data for pino@https://registry.npmjs.org/pino/-/pino-9.6.0.tgz. Extracting by manifest.
658 silly tarball no local data for acorn@https://registry.npmjs.org/acorn/-/acorn-7.4.1.tgz. Extracting by manifest.
659 http fetch POST 200 https://registry.npmjs.org/-/npm/v1/security/advisories/bulk 4164ms
660 silly audit report {
660 silly audit report   '@protobufjs/utf8': [
660 silly audit report     {
660 silly audit report       id: 1118933,
660 silly audit report       url: 'https://github.com/advisories/GHSA-q6x5-8v7m-xcrf',
660 silly audit report       title: 'protobufjs has overlong UTF-8 decoding',
660 silly audit report       severity: 'moderate',
660 silly audit report       vulnerable_versions: '<=1.1.0',
660 silly audit report       cwe: [Array],
660 silly audit report       cvss: [Object]
660 silly audit report     }
660 silly audit report   ],
660 silly audit report   axios: [
660 silly audit report     {
660 silly audit report       id: 1111034,
660 silly audit report       url: 'https://github.com/advisories/GHSA-jr5f-v2jv-69x6',
660 silly audit report       title: 'axios Requests Vulnerable To Possible SSRF and Credential Leakage via Absolute URL',
660 silly audit report       severity: 'high',
660 silly audit report       vulnerable_versions: '<0.30.0',
660 silly audit report       cwe: [Array],
660 silly audit report       cvss: [Object]
660 silly audit report     },
660 silly audit report     {
660 silly audit report       id: 1118607,
660 silly audit report       url: 'https://github.com/advisories/GHSA-q8qp-cvcw-x6jj',
660 silly audit report       title: 'Axios has prototype pollution read-side gadgets in HTTP adapter that allow credential injection and request hijacking',
660 silly audit report       severity: 'high',
660 silly audit report       vulnerable_versions: '>=1.0.0 <1.15.2',
660 silly audit report       cwe: [Array],
660 silly audit report       cvss: [Object]
660 silly audit report     },
660 silly audit report     {
660 silly audit report       id: 1112195,
660 silly audit report       url: 'https://github.com/advisories/GHSA-4hjh-wcwx-xvwj',
660 silly audit report       title: 'Axios is vulnerable to DoS attack through lack of data size check',
660 silly audit report       severity: 'high',
660 silly audit report       vulnerable_versions: '>=1.0.0 <1.12.0',
660 silly audit report       cwe: [Array],
660 silly audit report       cvss: [Object]
660 silly audit report     },
660 silly audit report     {
660 silly audit report       id: 1119403,
660 silly audit report       url: 'https://github.com/advisories/GHSA-fvcv-3m26-pcqx',
660 silly audit report       title: 'Axios has Unrestricted Cloud Metadata Exfiltration via Header Injection Chain',
660 silly audit report       severity: 'moderate',
660 silly audit report       vulnerable_versions: '<0.31.0',
660 silly audit report       cwe: [Array],
660 silly audit report       cvss: [Object]
660 silly audit report     },
660 silly audit report     {
660 silly audit report       id: 1119404,
660 silly audit report       url: 'https://github.com/advisories/GHSA-fvcv-3m26-pcqx',
660 silly audit report       title: 'Axios has Unrestricted Cloud Metadata Exfiltration via Header Injection Chain',
660 silly audit report       severity: 'moderate',
660 silly audit report       vulnerable_versions: '>=1.0.0 <1.15.0',
660 silly audit report       cwe: [Array],
660 silly audit report       cvss: [Object]
660 silly audit report     },
660 silly audit report     {
660 silly audit report       id: 1120124,
660 silly audit report       url: 'https://github.com/advisories/GHSA-62hf-57xw-28j9',
660 silly audit report       title: 'Axios: unbounded recursion in toFormData causes DoS via deeply nested request data',
660 silly audit report       severity: 'moderate',
660 silly audit report       vulnerable_versions: '<=0.31.0',
660 silly audit report       cwe: [Array],
660 silly audit report       cvss: [Object]
660 silly audit report     },
660 silly audit report     {
660 silly audit report       id: 1120125,
660 silly audit report       url: 'https://github.com/advisories/GHSA-62hf-57xw-28j9',
660 silly audit report       title: 'Axios: unbounded recursion in toFormData causes DoS via deeply nested request data',
660 silly audit report       severity: 'moderate',
660 silly audit report       vulnerable_versions: '>=1.0.0 <1.15.1',
660 silly audit report       cwe: [Array],
660 silly audit report       cvss: [Object]
660 silly audit report     },
660 silly audit report     {
660 silly audit report       id: 1120546,
660 silly audit report       url: 'https://github.com/advisories/GHSA-hfxv-24rg-xrqf',
660 silly audit report       title: 'Axios: Regular Expression Denial of Service (ReDoS) via Cookie Name Injection',
660 silly audit report       severity: 'high',
660 silly audit report       vulnerable_versions: '<=0.31.1',
660 silly audit report       cwe: [Array],
660 silly audit report       cvss: [Object]
660 silly audit report     },
660 silly audit report     {
660 silly audit report       id: 1120547,
660 silly audit report       url: 'https://github.com/advisories/GHSA-hfxv-24rg-xrqf',
660 silly audit report       title: 'Axios: Regular Expression Denial of Service (ReDoS) via Cookie Name Injection',
660 silly audit report       severity: 'high',
660 silly audit report       vulnerable_versions: '>=1.0.0 <1.16.0',
660 silly audit report       cwe: [Array],
660 silly audit report       cvss: [Object]
660 silly audit report     },
660 silly audit report     {
660 silly audit report       id: 1120643,
660 silly audit report       url: 'https://github.com/advisories/GHSA-777c-7fjr-54vf',
660 silly audit report       title: 'Allocation of Resources Without Limits or Throttling in Axios',
660 silly audit report       severity: 'high',
660 silly audit report       vulnerable_versions: '>=1.7.0 <1.16.0',
660 silly audit report       cwe: [Array],
660 silly audit report       cvss: [Object]
660 silly audit report     },
660 silly audit report     {
660 silly audit report       id: 1120644,
660 silly audit report       url: 'https://github.com/advisories/GHSA-p92q-9vqr-4j8v',
660 silly audit report       title: 'Axios: Proxy-Authorization Credential Leak to Origin Server Across HTTP-to-HTTPS Redirect in Axios Node.js HTTP Adapter',
660 silly audit report       severity: 'high',
660 silly audit report       vulnerable_versions: '<=0.31.1',
660 silly audit report       cwe: [Array],
660 silly audit report       cvss: [Object]
660 silly audit report     },
660 silly audit report     {
660 silly audit report       id: 1120645,
660 silly audit report       url: 'https://github.com/advisories/GHSA-p92q-9vqr-4j8v',
660 silly audit report       title: 'Axios: Proxy-Authorization Credential Leak to Origin Server Across HTTP-to-HTTPS Redirect in Axios Node.js HTTP Adapter',
660 silly audit report       severity: 'high',
660 silly audit report       vulnerable_versions: '>=1.0.0 <1.16.0',
660 silly audit report       cwe: [Array],
660 silly audit report       cvss: [Object]
660 silly audit report     },
660 silly audit report     {
660 silly audit report       id: 1120646,
660 silly audit report       url: 'https://github.com/advisories/GHSA-j5f8-grm9-p9fc',
660 silly audit report       title: 'Axios: Proxy-Authorization header leaks to redirect target when proxy is re-evaluated to direct connection',
660 silly audit report       severity: 'high',
660 silly audit report       vulnerable_versions: '<=0.31.1',
660 silly audit report       cwe: [Array],
660 silly audit report       cvss: [Object]
660 silly audit report     },
660 silly audit report     {
660 silly audit report       id: 1120647,
660 silly audit report       url: 'https://github.com/advisories/GHSA-j5f8-grm9-p9fc',
660 silly audit report       title: 'Axios: Proxy-Authorization header leaks to redirect target when proxy is re-evaluated to direct connection',
660 silly audit report       severity: 'high',
660 silly audit report       vulnerable_versions: '>=1.0.0 <1.16.0',
660 silly audit report       cwe: [Array],
660 silly audit report       cvss: [Object]
660 silly audit report     },
660 silly audit report     {
660 silly audit report       id: 1120648,
660 silly audit report       url: 'https://github.com/advisories/GHSA-3g43-6gmg-66jw',
660 silly audit report       title: 'axios Vulnerable to Credential Theft and Response Hijacking via Prototype Pollution Gadget in Config Merge',
660 silly audit report       severity: 'high',
660 silly audit report       vulnerable_versions: '>=0.19.0 <0.31.1',
660 silly audit report       cwe: [Array],
660 silly audit report       cvss: [Object]
660 silly audit report     },
660 silly audit report     {
660 silly audit report       id: 1120649,
660 silly audit report       url: 'https://github.com/advisories/GHSA-3g43-6gmg-66jw',
660 silly audit report       title: 'axios Vulnerable to Credential Theft and Response Hijacking via Prototype Pollution Gadget in Config Merge',
660 silly audit report       severity: 'high',
660 silly audit report       vulnerable_versions: '>=1.0.0 <1.15.2',
660 silly audit report       cwe: [Array],
660 silly audit report       cvss: [Object]
660 silly audit report     },
660 silly audit report     {
660 silly audit report       id: 1120650,
660 silly audit report       url: 'https://github.com/advisories/GHSA-35jp-ww65-95wh',
660 silly audit report       title: 'axios Vulnerable to Full Man-in-the-Middle via Prototype Pollution Gadget in `config.proxy`',
660 silly audit report       severity: 'high',
660 silly audit report       vulnerable_versions: '>=1.0.0 <1.16.0',
660 silly audit report       cwe: [Array],
660 silly audit report       cvss: [Object]
660 silly audit report     },
660 silly audit report     {
660 silly audit report       id: 1120651,
660 silly audit report       url: 'https://github.com/advisories/GHSA-898c-q2cr-xwhg',
660 silly audit report       title: 'axios has DoS & Header Injection via Prototype Pollution Read-Side Gadgets in axios merge functions',
660 silly audit report       severity: 'moderate',
660 silly audit report       vulnerable_versions: '<=0.31.1',
660 silly audit report       cwe: [Array],
660 silly audit report       cvss: [Object]
660 silly audit report     },
660 silly audit report     {
660 silly audit report       id: 1120652,
660 silly audit report       url: 'https://github.com/advisories/GHSA-898c-q2cr-xwhg',
660 silly audit report       title: 'axios has DoS & Header Injection via Prototype Pollution Read-Side Gadgets in axios merge functions',
660 silly audit report       severity: 'moderate',
660 silly audit report       vulnerable_versions: '>=1.0.0 <1.16.0',
660 silly audit report       cwe: [Array],
660 silly audit report       cvss: [Object]
660 silly audit report     },
660 silly audit report     {
660 silly audit report       id: 1116672,
660 silly audit report       url: 'https://github.com/advisories/GHSA-3p68-rc4w-qgx5',
660 silly audit report       title: 'Axios has a NO_PROXY Hostname Normalization Bypass that Leads to SSRF',
660 silly audit report       severity: 'moderate',
660 silly audit report       vulnerable_versions: '<0.31.0',
660 silly audit report       cwe: [Array],
660 silly audit report       cvss: [Object]
660 silly audit report     },
660 silly audit report     {
660 silly audit report       id: 1116673,
660 silly audit report       url: 'https://github.com/advisories/GHSA-3p68-rc4w-qgx5',
660 silly audit report       title: 'Axios has a NO_PROXY Hostname Normalization Bypass that Leads to SSRF',
660 silly audit report       severity: 'moderate',
660 silly audit report       vulnerable_versions: '>=1.0.0 <1.15.0',
660 silly audit report       cwe: [Array],
660 silly audit report       cvss: [Object]
660 silly audit report     },
660 silly audit report     {
660 silly audit report       id: 1117573,
660 silly audit report       url: 'https://github.com/advisories/GHSA-w9j2-pvgh-6h63',
660 silly audit report       title: 'Axios: Authentication Bypass via Prototype Pollution Gadget in `validateStatus` Merge Strategy',
660 silly audit report       severity: 'moderate',
660 silly audit report       vulnerable_versions: '<=0.31.0',
660 silly audit report       cwe: [Array],
660 silly audit report       cvss: [Object]
660 silly audit report     },
660 silly audit report     {
660 silly audit report       id: 1117574,
660 silly audit report       url: 'https://github.com/advisories/GHSA-w9j2-pvgh-6h63',
660 silly audit report       title: 'Axios: Authentication Bypass via Prototype Pollution Gadget in `validateStatus` Merge Strategy',
660 silly audit report       severity: 'moderate',
660 silly audit report       vulnerable_versions: '>=1.0.0 <1.15.1',
660 silly audit report       cwe: [Array],
660 silly audit report       cvss: [Object]
660 silly audit report     },
660 silly audit report     {
660 silly audit report       id: 1117575,
660 silly audit report       url: 'https://github.com/advisories/GHSA-pmwg-cvhr-8vh7',
660 silly audit report       title: 'Axios: Incomplete Fix for CVE-2025-62718 — NO_PROXY Protection Bypassed via RFC 1122 Loopback Subnet (127.0.0.0/8) in Axios 1.15.0',
660 silly audit report       severity: 'high',
660 silly audit report       vulnerable_versions: '<=0.31.0',
660 silly audit report       cwe: [Array],
660 silly audit report       cvss: [Object]
660 silly audit report     },
660 silly audit report     {
660 silly audit report       id: 1117576,
660 silly audit report       url: 'https://github.com/advisories/GHSA-pmwg-cvhr-8vh7',
660 silly audit report       title: 'Axios: Incomplete Fix for CVE-2025-62718 — NO_PROXY Protection Bypassed via RFC 1122 Loopback Subnet (127.0.0.0/8) in Axios 1.15.0',
660 silly audit report       severity: 'high',
660 silly audit report       vulnerable_versions: '>=1.0.0 <1.15.1',
660 silly audit report       cwe: [Array],
660 silly audit report       cvss: [Object]
660 silly audit report     },
660 silly audit report     {
660 silly audit report       id: 1117577,
660 silly audit report       url: 'https://github.com/advisories/GHSA-3w6x-2g7m-8v23',
660 silly audit report       title: 'Axios: Invisible JSON Response Tampering via Prototype Pollution Gadget in `parseReviver`',
660 silly audit report       severity: 'moderate',
660 silly audit report       vulnerable_versions: '>=1.0.0 <1.15.2',
660 silly audit report       cwe: [Array],
660 silly audit report       cvss: [Object]
660 silly audit report     },
660 silly audit report     {
660 silly audit report       id: 1117579,
660 silly audit report       url: 'https://github.com/advisories/GHSA-xhjh-pmcv-23jw',
660 silly audit report       title: 'Axios: Null Byte Injection via Reverse-Encoding in AxiosURLSearchParams',
660 silly audit report       severity: 'low',
660 silly audit report       vulnerable_versions: '<=0.31.0',
660 silly audit report       cwe: [Array],
660 silly audit report       cvss: [Object]
660 silly audit report     },
660 silly audit report     {
660 silly audit report       id: 1117580,
660 silly audit report       url: 'https://github.com/advisories/GHSA-xhjh-pmcv-23jw',
660 silly audit report       title: 'Axios: Null Byte Injection via Reverse-Encoding in AxiosURLSearchParams',
660 silly audit report       severity: 'low',
660 silly audit report       vulnerable_versions: '>=1.0.0 <1.15.1',
660 silly audit report       cwe: [Array],
660 silly audit report       cvss: [Object]
660 silly audit report     },
660 silly audit report     {
660 silly audit report       id: 1117581,
660 silly audit report       url: 'https://github.com/advisories/GHSA-445q-vr5w-6q77',
660 silly audit report       title: 'Axios: CRLF Injection in multipart/form-data body via unsanitized blob.type in formDataToStream',
660 silly audit report       severity: 'moderate',
660 silly audit report       vulnerable_versions: '>=1.0.0 <1.15.1',
660 silly audit report       cwe: [Array],
660 silly audit report       cvss: [Object]
660 silly audit report     },
660 silly audit report     {
660 silly audit report       id: 1117582,
660 silly audit report       url: 'https://github.com/advisories/GHSA-m7pr-hjqh-92cm',
660 silly audit report       title: 'Axios: no_proxy bypass via IP alias allows SSRF',
660 silly audit report       severity: 'moderate',
660 silly audit report       vulnerable_versions: '<=0.31.0',
660 silly audit report       cwe: [Array],
660 silly audit report       cvss: [Object]
660 silly audit report     },
660 silly audit report     {
660 silly audit report       id: 1117583,
660 silly audit report       url: 'https://github.com/advisories/GHSA-m7pr-hjqh-92cm',
660 silly audit report       title: 'Axios: no_proxy bypass via IP alias allows SSRF',
660 silly audit report       severity: 'moderate',
660 silly audit report       vulnerable_versions: '>=1.0.0 <1.15.1',
660 silly audit report       cwe: [Array],
660 silly audit report       cvss: [Object]
660 silly audit report     },
660 silly audit report     {
660 silly audit report       id: 1117586,
660 silly audit report       url: 'https://github.com/advisories/GHSA-5c9x-8gcm-mpgx',
660 silly audit report       title: "Axios' HTTP adapter-streamed uploads bypass maxBodyLength when maxRedirects: 0",
660 silly audit report       severity: 'moderate',
660 silly audit report       vulnerable_versions: '<=0.31.0',
660 silly audit report       cwe: [Array],
660 silly audit report       cvss: [Object]
660 silly audit report     },
660 silly audit report     {
660 silly audit report       id: 1117587,
660 silly audit report       url: 'https://github.com/advisories/GHSA-5c9x-8gcm-mpgx',
660 silly audit report       title: "Axios' HTTP adapter-streamed uploads bypass maxBodyLength when maxRedirects: 0",
660 silly audit report       severity: 'moderate',
660 silly audit report       vulnerable_versions: '>=1.0.0 <1.15.1',
660 silly audit report       cwe: [Array],
660 silly audit report       cvss: [Object]
660 silly audit report     },
660 silly audit report     {
660 silly audit report       id: 1117588,
660 silly audit report       url: 'https://github.com/advisories/GHSA-vf2m-468p-8v99',
660 silly audit report       title: 'Axios: HTTP adapter streamed responses bypass maxContentLength',
660 silly audit report       severity: 'moderate',
660 silly audit report       vulnerable_versions: '<=0.31.0',
660 silly audit report       cwe: [Array],
660 silly audit report       cvss: [Object]
660 silly audit report     },
660 silly audit report     {
660 silly audit report       id: 1117589,
660 silly audit report       url: 'https://github.com/advisories/GHSA-vf2m-468p-8v99',
660 silly audit report       title: 'Axios: HTTP adapter streamed responses bypass maxContentLength',
660 silly audit report       severity: 'moderate',
660 silly audit report       vulnerable_versions: '>=1.0.0 <1.15.1',
660 silly audit report       cwe: [Array],
660 silly audit report       cvss: [Object]
660 silly audit report     },
660 silly audit report     {
660 silly audit report       id: 1117590,
660 silly audit report       url: 'https://github.com/advisories/GHSA-pf86-5x62-jrwf',
660 silly audit report       title: 'Axios: Prototype Pollution Gadgets - Response Tampering, Data Exfiltration, and Request Hijacking',
660 silly audit report       severity: 'high',
660 silly audit report       vulnerable_versions: '<=0.31.0',
660 silly audit report       cwe: [Array],
660 silly audit report       cvss: [Object]
660 silly audit report     },
660 silly audit report     {
660 silly audit report       id: 1117591,
660 silly audit report       url: 'https://github.com/advisories/GHSA-pf86-5x62-jrwf',
660 silly audit report       title: 'Axios: Prototype Pollution Gadgets - Response Tampering, Data Exfiltration, and Request Hijacking',
660 silly audit report       severity: 'high',
660 silly audit report       vulnerable_versions: '>=1.0.0 <1.15.1',
660 silly audit report       cwe: [Array],
660 silly audit report       cvss: [Object]
660 silly audit report     },
660 silly audit report     {
660 silly audit report       id: 1117592,
660 silly audit report       url: 'https://github.com/advisories/GHSA-6chq-wfr3-2hj9',
660 silly audit report       title: 'Axios: Header Injection via Prototype Pollution',
660 silly audit report       severity: 'high',
660 silly audit report       vulnerable_versions: '<=0.31.0',
660 silly audit report       cwe: [Array],
660 silly audit report       cvss: [Object]
660 silly audit report     },
660 silly audit report     {
660 silly audit report       id: 1117593,
660 silly audit report       url: 'https://github.com/advisories/GHSA-6chq-wfr3-2hj9',
660 silly audit report       title: 'Axios: Header Injection via Prototype Pollution',
660 silly audit report       severity: 'high',
660 silly audit report       vulnerable_versions: '>=1.0.0 <1.15.1',
660 silly audit report       cwe: [Array],
660 silly audit report       cvss: [Object]
660 silly audit report     },
660 silly audit report     {
660 silly audit report       id: 1117594,
660 silly audit report       url: 'https://github.com/advisories/GHSA-xx6v-rp6x-q39c',
660 silly audit report       title: 'Axios: XSRF Token Cross-Origin Leakage via Prototype Pollution Gadget in `withXSRFToken` Boolean Coercion',
660 silly audit report       severity: 'moderate',
660 silly audit report       vulnerable_versions: '<=0.31.0',
660 silly audit report       cwe: [Array],
660 silly audit report       cvss: [Object]
660 silly audit report     },
660 silly audit report     {
660 silly audit report       id: 1117595,
660 silly audit report       url: 'https://github.com/advisories/GHSA-xx6v-rp6x-q39c',
660 silly audit report       title: 'Axios: XSRF Token Cross-Origin Leakage via Prototype Pollution Gadget in `withXSRFToken` Boolean Coercion',
660 silly audit report       severity: 'moderate',
660 silly audit report       vulnerable_versions: '>=1.0.0 <1.15.1',
660 silly audit report       cwe: [Array],
660 silly audit report       cvss: [Object]
660 silly audit report     },
660 silly audit report     {
660 silly audit report       id: 1117857,
660 silly audit report       url: 'https://github.com/advisories/GHSA-43fc-jf86-j433',
660 silly audit report       title: 'Axios is Vulnerable to Denial of Service via __proto__ Key in mergeConfig',
660 silly audit report       severity: 'high',
660 silly audit report       vulnerable_versions: '<=0.30.2',
660 silly audit report       cwe: [Array],
660 silly audit report       cvss: [Object]
660 silly audit report     },
660 silly audit report     {
660 silly audit report       id: 1117858,
660 silly audit report       url: 'https://github.com/advisories/GHSA-43fc-jf86-j433',
660 silly audit report       title: 'Axios is Vulnerable to Denial of Service via __proto__ Key in mergeConfig',
660 silly audit report       severity: 'high',
660 silly audit report       vulnerable_versions: '>=1.0.0 <=1.13.4',
660 silly audit report       cwe: [Array],
660 silly audit report       cvss: [Object]
660 silly audit report     },
660 silly audit report     {
660 silly audit report       id: 1123825,
660 silly audit report       url: 'https://github.com/advisories/GHSA-pjwm-pj3p-43mv',
660 silly audit report       title: "axios's shouldBypassProxy does not recognize IPv4-mapped IPv6 addresses, allowing NO_PROXY bypass (incomplete fix for CVE-2025-62718)",
660 silly audit report       severity: 'high',
660 silly audit report       vulnerable_versions: '<=0.31.1',
660 silly audit report       cwe: [Array],
660 silly audit report       cvss: [Object]
660 silly audit report     },
660 silly audit report     {
660 silly audit report       id: 1097679,
660 silly audit report       url: 'https://github.com/advisories/GHSA-wf5p-g6vw-rhxx',
660 silly audit report       title: 'Axios Cross-Site Request Forgery Vulnerability',
660 silly audit report       severity: 'moderate',
660 silly audit report       vulnerable_versions: '>=0.8.1 <0.28.0',
660 silly audit report       cwe: [Array],
660 silly audit report       cvss: [Object]
660 silly audit report     },
660 silly audit report     {
660 silly audit report       id: 1147948,
660 silly audit report       url: 'https://github.com/advisories/GHSA-mmx7-hfxf-jppx',
660 silly audit report       title: 'Axios: Prototype pollution gadgets can alter axios request construction',
660 silly audit report       severity: 'moderate',
660 silly audit report       vulnerable_versions: '<0.33.0',
660 silly audit report       cwe: [Array],
660 silly audit report       cvss: [Object]
660 silly audit report     },
660 silly audit report     {
660 silly audit report       id: 1147949,
660 silly audit report       url: 'https://github.com/advisories/GHSA-mmx7-hfxf-jppx',
660 silly audit report       title: 'Axios: Prototype pollution gadgets can alter axios request construction',
660 silly audit report       severity: 'moderate',
660 silly audit report       vulnerable_versions: '>=1.0.0 <1.18.0',
660 silly audit report       cwe: [Array],
660 silly audit report       cvss: [Object]
660 silly audit report     },
660 silly audit report     {
660 silly audit report       id: 1147950,
660 silly audit report       url: 'https://github.com/advisories/GHSA-pmv8-rq9r-6j72',
660 silly audit report       title: 'Axios: Deep formToJSON Key Recursion Can Cause Denial of Service',
660 silly audit report       severity: 'moderate',
660 silly audit report       vulnerable_versions: '>=1.0.0 <1.18.0',
660 silly audit report       cwe: [Array],
660 silly audit report       cvss: [Object]
660 silly audit report     },
660 silly audit report     {
660 silly audit report       id: 1153180,
660 silly audit report       url: 'https://github.com/advisories/GHSA-7q8q-rj6j-mhjq',
660 silly audit report       title: 'Axios: Nested axios option objects can consume polluted prototype values',
660 silly audit report       severity: 'moderate',
660 silly audit report       vulnerable_versions: '>=1.0.0 <1.18.0',
660 silly audit report       cwe: [Array],
660 silly audit report       cvss: [Object]
660 silly audit report     },
660 silly audit report     {
660 silly audit report       id: 1153181,
660 silly audit report       url: 'https://github.com/advisories/GHSA-7q8q-rj6j-mhjq',
660 silly audit report       title: 'Axios: Nested axios option objects can consume polluted prototype values',
660 silly audit report       severity: 'moderate',
660 silly audit report       vulnerable_versions: '>=0.8.0 <0.33.0',
660 silly audit report       cwe: [Array],
660 silly audit report       cvss: [Object]
660 silly audit report     },
660 silly audit report     {
660 silly audit report       id: 1153182,
660 silly audit report       url: 'https://github.com/advisories/GHSA-jqh4-m9w3-8hp9',
660 silly audit report       title: 'Axios: Fetch adapter `ReadableStream` uploads bypass `maxBodyLength`',
660 silly audit report       severity: 'moderate',
660 silly audit report       vulnerable_versions: '>=1.7.0 <1.18.0',
660 silly audit report       cwe: [Array],
660 silly audit report       cvss: [Object]
660 silly audit report     },
660 silly audit report     {
660 silly audit report       id: 1153185,
660 silly audit report       url: 'https://github.com/advisories/GHSA-42h9-826w-cgv3',
660 silly audit report       title: 'Axios: Excessive recursion in formDataToJSON can cause denial of service',
660 silly audit report       severity: 'moderate',
660 silly audit report       vulnerable_versions: '>=1.0.0 <1.18.0',
660 silly audit report       cwe: [Array],
660 silly audit report       cvss: [Object]
660 silly audit report     }
660 silly audit report   ],
660 silly audit report   'body-parser': [
660 silly audit report     {
660 silly audit report       id: 1110858,
660 silly audit report       url: 'https://github.com/advisories/GHSA-wqch-xfxh-vrr4',
660 silly audit report       title: 'body-parser is vulnerable to denial of service when url encoding is used',
660 silly audit report       severity: 'moderate',
660 silly audit report       vulnerable_versions: '>=2.2.0 <2.2.1',
660 silly audit report       cwe: [Array],
660 silly audit report       cvss: [Object]
660 silly audit report     },
660 silly audit report     {
660 silly audit report       id: 1123976,
660 silly audit report       url: 'https://github.com/advisories/GHSA-v422-hmwv-36x6',
660 silly audit report       title: 'body-parser vulnerable to denial of service when invalid limit value silently disables size enforcement',
660 silly audit report       severity: 'low',
660 silly audit report       vulnerable_versions: '>=2.0.0 <2.3.0',
660 silly audit report       cwe: [Array],
660 silly audit report       cvss: [Object]
660 silly audit report     },
660 silly audit report     {
660 silly audit report       id: 1123977,
660 silly audit report       url: 'https://github.com/advisories/GHSA-v422-hmwv-36x6',
660 silly audit report       title: 'body-parser vulnerable to denial of service when invalid limit value silently disables size enforcement',
660 silly audit report       severity: 'low',
660 silly audit report       vulnerable_versions: '<1.20.6',
660 silly audit report       cwe: [Array],
660 silly audit report       cvss: [Object]
660 silly audit report     }
660 silly audit report   ],
660 silly audit report   qs: [
660 silly audit report     {
660 silly audit report       id: 1158507,
660 silly audit report       url: 'https://github.com/advisories/GHSA-4mjr-xmp4-gh2g',
660 silly audit report       title: 'qs: Denial of Service via Attacker Controlled isBuffer',
660 silly audit report       severity: 'moderate',
660 silly audit report       vulnerable_versions: '>=2.2.5 <6.16.0',
660 silly audit report       cwe: [Array],
660 silly audit report       cvss: [Object]
660 silly audit report     },
660 silly audit report     {
660 silly audit report       id: 1119502,
660 silly audit report       url: 'https://github.com/advisories/GHSA-q8mj-m7cp-5q26',
660 silly audit report       title: 'qs has a remotely triggerable DoS: qs.stringify crashes with TypeError on null/undefined entries in comma-format arrays when encodeValuesOnly is set',
660 silly audit report       severity: 'moderate',
660 silly audit report       vulnerable_versions: '>=6.11.1 <=6.15.1',
660 silly audit report       cwe: [Array],
660 silly audit report       cvss: [Object]
660 silly audit report     },
660 silly audit report     {
660 silly audit report       id: 1113161,
660 silly audit report       url: 'https://github.com/advisories/GHSA-w7fw-mjwx-w883',
660 silly audit report       title: "qs's arrayLimit bypass in comma parsing allows denial of service",
660 silly audit report       severity: 'low',
660 silly audit report       vulnerable_versions: '>=6.7.0 <=6.14.1',
660 silly audit report       cwe: [Array],
660 silly audit report       cvss: [Object]
660 silly audit report     },
660 silly audit report     {
660 silly audit report       id: 1113719,
660 silly audit report       url: 'https://github.com/advisories/GHSA-6rw7-vpxm-498p',
660 silly audit report       title: "qs's arrayLimit bypass in its bracket notation allows DoS via memory exhaustion",
660 silly audit report       severity: 'moderate',
660 silly audit report       vulnerable_versions: '<6.14.1',
660 silly audit report       cwe: [Array],
660 silly audit report       cvss: [Object]
660 silly audit report     }
660 silly audit report   ],
660 silly audit report   'file-type': [
660 silly audit report     {
660 silly audit report       id: 1114301,
660 silly audit report       url: 'https://github.com/advisories/GHSA-5v7r-6r5c-r473',
660 silly audit report       title: 'file-type affected by infinite loop in ASF parser on malformed input with zero-size sub-header',
660 silly audit report       severity: 'moderate',
660 silly audit report       vulnerable_versions: '>=13.0.0 <21.3.1',
660 silly audit report       cwe: [Array],
660 silly audit report       cvss: [Object]
660 silly audit report     }
660 silly audit report   ],
660 silly audit report   'follow-redirects': [
660 silly audit report     {
660 silly audit report       id: 1116560,
660 silly audit report       url: 'https://github.com/advisories/GHSA-r4q5-vmmm-2653',
660 silly audit report       title: 'follow-redirects leaks Custom Authentication Headers to Cross-Domain Redirect Targets',
660 silly audit report       severity: 'moderate',
660 silly audit report       vulnerable_versions: '<=1.15.11',
660 silly audit report       cwe: [Array],
660 silly audit report       cvss: [Object]
660 silly audit report     }
660 silly audit report   ],
660 silly audit report   'form-data': [
660 silly audit report     {
660 silly audit report       id: 1120743,
660 silly audit report       url: 'https://github.com/advisories/GHSA-hmw2-7cc7-3qxx',
660 silly audit report       title: 'form-data: CRLF injection in form-data via unescaped multipart field names and filenames',
660 silly audit report       severity: 'high',
660 silly audit report       vulnerable_versions: '>=4.0.0 <4.0.6',
660 silly audit report       cwe: [Array],
660 silly audit report       cvss: [Object]
660 silly audit report     }
660 silly audit report   ],
660 silly audit report   'image-size': [
660 silly audit report     {
660 silly audit report       id: 1239765,
660 silly audit report       url: 'https://github.com/advisories/GHSA-5p2g-fcmc-qvqq',
660 silly audit report       title: 'image-size: JXL and HEIF parsers allow denial of service through infinite loops',
660 silly audit report       severity: 'high',
660 silly audit report       vulnerable_versions: '>=1.2.0 <=2.0.2',
660 silly audit report       cwe: [Array],
660 silly audit report       cvss: [Object]
660 silly audit report     },
660 silly audit report     {
660 silly audit report       id: 1239766,
660 silly audit report       url: 'https://github.com/advisories/GHSA-w3rx-r6r6-pgpr',
660 silly audit report       title: 'image-size: ICNS parser allows denial of service through an infinite loop',
660 silly audit report       severity: 'high',
660 silly audit report       vulnerable_versions: '>=0.6.3 <=2.0.2',
660 silly audit report       cwe: [Array],
660 silly audit report       cvss: [Object]
660 silly audit report     }
660 silly audit report   ],
660 silly audit report   protobufjs: [
660 silly audit report     {
660 silly audit report       id: 1118641,
660 silly audit report       url: 'https://github.com/advisories/GHSA-66ff-xgx4-vchm',
660 silly audit report       title: 'protobuf.js: Code injection through bytes field defaults in generated toObject code',
660 silly audit report       severity: 'high',
660 silly audit report       vulnerable_versions: '<=7.5.5',
660 silly audit report       cwe: [Array],
660 silly audit report       cvss: [Object]
660 silly audit report     },
660 silly audit report     {
660 silly audit report       id: 1118924,
660 silly audit report       url: 'https://github.com/advisories/GHSA-2pr8-phx7-x9h3',
660 silly audit report       title: 'protobuf.js: Denial of service from crafted field names in generated code',
660 silly audit report       severity: 'moderate',
660 silly audit report       vulnerable_versions: '<=7.5.5',
660 silly audit report       cwe: [Array],
660 silly audit report       cvss: [Object]
660 silly audit report     },
660 silly audit report     {
660 silly audit report       id: 1118926,
660 silly audit report       url: 'https://github.com/advisories/GHSA-fx83-v9x8-x52w',
660 silly audit report       title: 'protobuf.js: Prototype injection in generated message constructors',
660 silly audit report       severity: 'moderate',
660 silly audit report       vulnerable_versions: '<=7.5.5',
660 silly audit report       cwe: [Array],
660 silly audit report       cvss: [Object]
660 silly audit report     },
660 silly audit report     {
660 silly audit report       id: 1118928,
660 silly audit report       url: 'https://github.com/advisories/GHSA-75px-5xx7-5xc7',
660 silly audit report       title: 'protobuf.js: Code generation gadget after prototype pollution',
660 silly audit report       severity: 'high',
660 silly audit report       vulnerable_versions: '<=7.5.5',
660 silly audit report       cwe: [Array],
660 silly audit report       cvss: [Object]
660 silly audit report     },
660 silly audit report     {
660 silly audit report       id: 1118930,
660 silly audit report       url: 'https://github.com/advisories/GHSA-jvwf-75h9-cwgg',
660 silly audit report       title: 'protobuf.js: Process-wide denial of service through unsafe option paths',
660 silly audit report       severity: 'high',
660 silly audit report       vulnerable_versions: '<=7.5.5',
660 silly audit report       cwe: [Array],
660 silly audit report       cvss: [Object]
660 silly audit report     },
660 silly audit report     {
660 silly audit report       id: 1118932,
660 silly audit report       url: 'https://github.com/advisories/GHSA-685m-2w69-288q',
660 silly audit report       title: 'protobuf.js: Denial of service through unbounded protobuf recursion',
660 silly audit report       severity: 'high',
660 silly audit report       vulnerable_versions: '<=7.5.5',
660 silly audit report       cwe: [Array],
660 silly audit report       cvss: [Object]
660 silly audit report     },
660 silly audit report     {
660 silly audit report       id: 1118935,
660 silly audit report       url: 'https://github.com/advisories/GHSA-q6x5-8v7m-xcrf',
660 silly audit report       title: 'protobufjs has overlong UTF-8 decoding',
660 silly audit report       severity: 'moderate',
660 silly audit report       vulnerable_versions: '<=7.5.5',
660 silly audit report       cwe: [Array],
660 silly audit report       cvss: [Object]
660 silly audit report     },
660 silly audit report     {
660 silly audit report       id: 1119378,
660 silly audit report       url: 'https://github.com/advisories/GHSA-jggg-4jg4-v7c6',
660 silly audit report       title: 'protobufjs: Denial of Service via unbounded recursive JSON descriptor expansion',
660 silly audit report       severity: 'moderate',
660 silly audit report       vulnerable_versions: '<=7.5.7',
660 silly audit report       cwe: [Array],
660 silly audit report       cvss: [Object]
660 silly audit report     },
660 silly audit report     {
660 silly audit report       id: 1117571,
660 silly audit report       url: 'https://github.com/advisories/GHSA-xq3m-2v4x-88gg',
660 silly audit report       title: 'Arbitrary code execution in protobufjs',
660 silly audit report       severity: 'critical',
660 silly audit report       vulnerable_versions: '<7.5.5',
660 silly audit report       cwe: [Array],
660 silly audit report       cvss: [Object]
660 silly audit report     },
660 silly audit report     {
660 silly audit report       id: 1123488,
660 silly audit report       url: 'https://github.com/advisories/GHSA-wcpc-wj8m-hjx6',
660 silly audit report       title: 'protobufjs: Denial of service through unbounded Any expansion during JSON conversion',
660 silly audit report       severity: 'high',
660 silly audit report       vulnerable_versions: '<=7.6.0',
660 silly audit report       cwe: [Array],
660 silly audit report       cvss: [Object]
660 silly audit report     },
660 silly audit report     {
660 silly audit report       id: 1123492,
660 silly audit report       url: 'https://github.com/advisories/GHSA-f38q-mgvj-vph7',
660 silly audit report       title: 'protobufjs : Schema-derived names can shadow runtime-significant properties',
660 silly audit report       severity: 'moderate',
660 silly audit report       vulnerable_versions: '<=7.6.2',
660 silly audit report       cwe: [Array],
660 silly audit report       cvss: [Object]
660 silly audit report     }
660 silly audit report   ],
660 silly audit report   lodash: [
660 silly audit report     {
660 silly audit report       id: 1115806,
660 silly audit report       url: 'https://github.com/advisories/GHSA-r5fr-rjxr-66jc',
660 silly audit report       title: 'lodash vulnerable to Code Injection via `_.template` imports key names',
660 silly audit report       severity: 'high',
660 silly audit report       vulnerable_versions: '>=4.0.0 <=4.17.23',
660 silly audit report       cwe: [Array],
660 silly audit report       cvss: [Object]
660 silly audit report     },
660 silly audit report     {
660 silly audit report       id: 1115810,
660 silly audit report       url: 'https://github.com/advisories/GHSA-f23m-r3pf-42rh',
660 silly audit report       title: 'lodash vulnerable to Prototype Pollution via array path bypass in `_.unset` and `_.omit`',
660 silly audit report       severity: 'moderate',
660 silly audit report       vulnerable_versions: '<=4.17.23',
660 silly audit report       cwe: [Array],
660 silly audit report       cvss: [Object]
660 silly audit report     }
660 silly audit report   ],
660 silly audit report   'music-metadata': [
660 silly audit report     {
660 silly audit report       id: 1114969,
660 silly audit report       url: 'https://github.com/advisories/GHSA-v6c2-xwv6-8xf7',
660 silly audit report       title: 'music-metadata has an infinite loop vulnerability in ASF parser',
660 silly audit report       severity: 'high',
660 silly audit report       vulnerable_versions: '<=11.12.1',
660 silly audit report       cwe: [Array],
660 silly audit report       cvss: [Object]
660 silly audit report     }
660 silly audit report   ],
660 silly audit report   'path-to-regexp': [
660 silly audit report     {
660 silly audit report       id: 1115527,
660 silly audit report       url: 'https://github.com/advisories/GHSA-37ch-88jc-xwx2',
660 silly audit report       title: 'path-to-regexp vulnerable to Regular Expression Denial of Service via multiple route parameters',
660 silly audit report       severity: 'high',
660 silly audit report       vulnerable_versions: '<0.1.13',
660 silly audit report       cwe: [Array],
660 silly audit report       cvss: [Object]
660 silly audit report     }
660 silly audit report   ],
660 silly audit report   'brace-expansion': [
660 silly audit report     {
660 silly audit report       id: 1105443,
660 silly audit report       url: 'https://github.com/advisories/GHSA-v6h2-p8h4-qcjw',
660 silly audit report       title: 'brace-expansion Regular Expression Denial of Service vulnerability',
660 silly audit report       severity: 'low',
660 silly audit report       vulnerable_versions: '>=1.0.0 <=1.1.11',
660 silly audit report       cwe: [Array],
660 silly audit report       cvss: [Object]
660 silly audit report     },
660 silly audit report     {
660 silly audit report       id: 1130588,
660 silly audit report       url: 'https://github.com/advisories/GHSA-mh99-v99m-4gvg',
660 silly audit report       title: 'brace-expansion: DoS via unbounded expansion length causing an out-of-memory process crash',
660 silly audit report       severity: 'high',
660 silly audit report       vulnerable_versions: '<1.1.17',
660 silly audit report       cwe: [Array],
660 silly audit report       cvss: [Object]
660 silly audit report     },
660 silly audit report     {
660 silly audit report       id: 1130737,
660 silly audit report       url: 'https://github.com/advisories/GHSA-rgw5-rvv9-x895',
660 silly audit report       title: 'brace-expansion: DoS via unbounded intermediate arrays, bypassing the CVE-2026-14257 mitigation',
660 silly audit report       severity: 'high',
660 silly audit report       vulnerable_versions: '<1.1.18',
660 silly audit report       cwe: [Array],
660 silly audit report       cvss: [Object]
660 silly audit report     },
660 silly audit report     {
660 silly audit report       id: 1115540,
660 silly audit report       url: 'https://github.com/advisories/GHSA-f886-m6hf-6m8v',
660 silly audit report       title: 'brace-expansion: Zero-step sequence causes process hang and memory exhaustion',
660 silly audit report       severity: 'moderate',
660 silly audit report       vulnerable_versions: '<1.1.13',
660 silly audit report       cwe: [Array],
660 silly audit report       cvss: [Object]
660 silly audit report     },
660 silly audit report     {
660 silly audit report       id: 1123897,
660 silly audit report       url: 'https://github.com/advisories/GHSA-3jxr-9vmj-r5cp',
660 silly audit report       title: 'brace-expansion: DoS via exponential-time expansion of consecutive non-expanding {} groups',
660 silly audit report       severity: 'high',
660 silly audit report       vulnerable_versions: '<1.1.16',
660 silly audit report       cwe: [Array],
660 silly audit report       cvss: [Object]
660 silly audit report     }
660 silly audit report   ],
660 silly audit report   minimatch: [
660 silly audit report     {
660 silly audit report       id: 1113459,
660 silly audit report       url: 'https://github.com/advisories/GHSA-3ppc-4f35-3m26',
660 silly audit report       title: 'minimatch has a ReDoS via repeated wildcards with non-matching literal in pattern',
660 silly audit report       severity: 'high',
660 silly audit report       vulnerable_versions: '<3.1.3',
660 silly audit report       cwe: [Array],
660 silly audit report       cvss: [Object]
660 silly audit report     },
660 silly audit report     {
660 silly audit report       id: 1113538,
660 silly audit report       url: 'https://github.com/advisories/GHSA-7r86-cg39-jmmj',
660 silly audit report       title: 'minimatch has ReDoS: matchOne() combinatorial backtracking via multiple non-adjacent GLOBSTAR segments',
660 silly audit report       severity: 'high',
660 silly audit report       vulnerable_versions: '<3.1.3',
660 silly audit report       cwe: [Array],
660 silly audit report       cvss: [Object]
660 silly audit report     },
660 silly audit report     {
660 silly audit report       id: 1113546,
660 silly audit report       url: 'https://github.com/advisories/GHSA-23c5-xmqv-rm74',
660 silly audit report       title: 'minimatch ReDoS: nested *() extglobs generate catastrophically backtracking regular expressions',
660 silly audit report       severity: 'high',
660 silly audit report       vulnerable_versions: '<3.1.4',
660 silly audit report       cwe: [Array],
660 silly audit report       cvss: [Object]
660 silly audit report     }
660 silly audit report   ],
660 silly audit report   'tar-fs': [
660 silly audit report     {
660 silly audit report       id: 1109532,
660 silly audit report       url: 'https://github.com/advisories/GHSA-vj76-c3g6-qr5v',
660 silly audit report       title: 'tar-fs has a symlink validation bypass if destination directory is predictable with a specific tarball',
660 silly audit report       severity: 'high',
660 silly audit report       vulnerable_versions: '>=2.0.0 <2.1.4',
660 silly audit report       cwe: [Array],
660 silly audit report       cvss: [Object]
660 silly audit report     },
660 silly audit report     {
660 silly audit report       id: 1109543,
660 silly audit report       url: 'https://github.com/advisories/GHSA-8cj5-5rvv-wf4v',
660 silly audit report       title: 'tar-fs can extract outside the specified dir with a specific tarball',
660 silly audit report       severity: 'high',
660 silly audit report       vulnerable_versions: '>=2.0.0 <2.1.3',
660 silly audit report       cwe: [Array],
660 silly audit report       cvss: [Object]
660 silly audit report     }
660 silly audit report   ],
660 silly audit report   undici: [
660 silly audit report     {
660 silly audit report       id: 1112496,
660 silly audit report       url: 'https://github.com/advisories/GHSA-g9mf-h72j-4rw9',
660 silly audit report       title: 'Undici has an unbounded decompression chain in HTTP responses on Node.js Fetch API via Content-Encoding leads to resource exhaustion',
660 silly audit report       severity: 'moderate',
660 silly audit report       vulnerable_versions: '<6.23.0',
660 silly audit report       cwe: [Array],
660 silly audit report       cvss: [Object]
660 silly audit report     },
660 silly audit report     {
660 silly audit report       id: 1114592,
660 silly audit report       url: 'https://github.com/advisories/GHSA-f269-vfmq-vjvj',
660 silly audit report       title: 'Undici: Malicious WebSocket 64-bit length overflows parser and crashes the client',
660 silly audit report       severity: 'high',
660 silly audit report       vulnerable_versions: '>=6.0.0 <6.24.0',
660 silly audit report       cwe: [Array],
660 silly audit report       cvss: [Object]
660 silly audit report     },
660 silly audit report     {
660 silly audit report       id: 1114594,
660 silly audit report       url: 'https://github.com/advisories/GHSA-2mjp-6q6p-2qxm',
660 silly audit report       title: 'Undici has an HTTP Request/Response Smuggling issue',
660 silly audit report       severity: 'moderate',
660 silly audit report       vulnerable_versions: '<6.24.0',
660 silly audit report       cwe: [Array],
660 silly audit report       cvss: [Object]
660 silly audit report     },
660 silly audit report     {
660 silly audit report       id: 1114638,
660 silly audit report       url: 'https://github.com/advisories/GHSA-vrm6-8vpv-qv8q',
660 silly audit report       title: 'Undici has Unbounded Memory Consumption in WebSocket permessage-deflate Decompression',
660 silly audit report       severity: 'high',
660 silly audit report       vulnerable_versions: '<6.24.0',
660 silly audit report       cwe: [Array],
660 silly audit report       cvss: [Object]
660 silly audit report     },
660 silly audit report     {
660 silly audit report       id: 1114640,
660 silly audit report       url: 'https://github.com/advisories/GHSA-v9p9-hfj2-hcw8',
660 silly audit report       title: 'Undici has Unhandled Exception in WebSocket Client Due to Invalid server_max_window_bits Validation',
660 silly audit report       severity: 'high',
660 silly audit report       vulnerable_versions: '<6.24.0',
660 silly audit report       cwe: [Array],
660 silly audit report       cvss: [Object]
660 silly audit report     },
660 silly audit report     {
660 silly audit report       id: 1114642,
660 silly audit report       url: 'https://github.com/advisories/GHSA-4992-7rv2-5pvq',
660 silly audit report       title: 'Undici has CRLF Injection in undici via `upgrade` option',
660 silly audit report       severity: 'moderate',
660 silly audit report       vulnerable_versions: '<6.24.0',
660 silly audit report       cwe: [Array],
660 silly audit report       cvss: [Object]
660 silly audit report     },
660 silly audit report     {
660 silly audit report       id: 1130716,
660 silly audit report       url: 'https://github.com/advisories/GHSA-8xcm-r25x-g524',
660 silly audit report       title: 'undici vulnerable to downstream response desynchronization via retry interceptor',
660 silly audit report       severity: 'moderate',
660 silly audit report       vulnerable_versions: '<6.28.0',
660 silly audit report       cwe: [Array],
660 silly audit report       cvss: [Object]
660 silly audit report     },
660 silly audit report     {
660 silly audit report       id: 1130727,
660 silly audit report       url: 'https://github.com/advisories/GHSA-m8rv-5g2x-5cg5',
660 silly audit report       title: "undici vulnerable to CRLF Injection via blob-like body 'type' property",
660 silly audit report       severity: 'moderate',
660 silly audit report       vulnerable_versions: '<6.28.0',
660 silly audit report       cwe: [Array],
660 silly audit report       cvss: [Object]
660 silly audit report     },
660 silly audit report     {
660 silly audit report       id: 1130732,
660 silly audit report       url: 'https://github.com/advisories/GHSA-v3r7-h72x-cjcm',
660 silly audit report       title: 'undici vulnerable to cookie attribute injection via unsanitized domain and unparsed setCookie fields',
660 silly audit report       severity: 'moderate',
660 silly audit report       vulnerable_versions: '<6.28.0',
660 silly audit report       cwe: [Array],
660 silly audit report       cvss: [Object]
660 silly audit report     },
660 silly audit report     {
660 silly audit report       id: 1121242,
660 silly audit report       url: 'https://github.com/advisories/GHSA-p88m-4jfj-68fv',
660 silly audit report       title: 'undici vulnerable to HTTP header injection via Set-Cookie percent-decoding',
660 silly audit report       severity: 'moderate',
660 silly audit report       vulnerable_versions: '<6.27.0',
660 silly audit report       cwe: [Array],
660 silly audit report       cvss: [Object]
660 silly audit report     },
660 silly audit report     {
660 silly audit report       id: 1121245,
660 silly audit report       url: 'https://github.com/advisories/GHSA-vxpw-j846-p89q',
660 silly audit report       title: 'undici WebSocket client vulnerable to denial of service via fragment count bypass',
660 silly audit report       severity: 'high',
660 silly audit report       vulnerable_versions: '<6.27.0',
660 silly audit report       cwe: [Array],
660 silly audit report       cvss: [Object]
660 silly audit report     },
660 silly audit report     {
660 silly audit report       id: 1121255,
660 silly audit report       url: 'https://github.com/advisories/GHSA-g8m3-5g58-fq7m',
660 silly audit report       title: 'undici vulnerable to Set-Cookie SameSite attribute downgrade via permissive substring matching',
660 silly audit report       severity: 'low',
660 silly audit report       vulnerable_versions: '<6.27.0',
660 silly audit report       cwe: [Array],
660 silly audit report       cvss: [Object]
660 silly audit report     },
660 silly audit report     {
660 silly audit report       id: 1137243,
660 silly audit report       url: 'https://github.com/advisories/GHSA-35p6-xmwp-9g52',
660 silly audit report       title: 'undici vulnerable to HTTP response queue poisoning via keep-alive socket reuse',
660 silly audit report       severity: 'low',
660 silly audit report       vulnerable_versions: '<6.27.0',
660 silly audit report       cwe: [Array],
660 silly audit report       cvss: [Object]
660 silly audit report     }
660 silly audit report   ],
660 silly audit report   uuid: [
660 silly audit report     {
660 silly audit report       id: 1119441,
660 silly audit report       url: 'https://github.com/advisories/GHSA-w5hq-g745-h8pq',
660 silly audit report       title: 'uuid: Missing buffer bounds check in v3/v5/v6 when buf is provided',
660 silly audit report       severity: 'moderate',
660 silly audit report       vulnerable_versions: '<11.1.1',
660 silly audit report       cwe: [Array],
660 silly audit report       cvss: [Object]
660 silly audit report     }
660 silly audit report   ],
660 silly audit report   sharp: [
660 silly audit report     {
660 silly audit report       id: 1094888,
660 silly audit report       url: 'https://github.com/advisories/GHSA-54xq-cgqr-rpm3',
660 silly audit report       title: 'sharp vulnerability in libwebp dependency CVE-2023-4863',
660 silly audit report       severity: 'high',
660 silly audit report       vulnerable_versions: '<0.32.6',
660 silly audit report       cwe: [],
660 silly audit report       cvss: [Object]
660 silly audit report     },
660 silly audit report     {
660 silly audit report       id: 1124066,
660 silly audit report       url: 'https://github.com/advisories/GHSA-f88m-g3jw-g9cj',
660 silly audit report       title: 'sharp inherited vulnerabilities in libvips: CVE-2026-33327, CVE-2026-33328, CVE-2026-35590, CVE-2026-35591',
660 silly audit report       severity: 'high',
660 silly audit report       vulnerable_versions: '<0.35.0',
660 silly audit report       cwe: [Array],
660 silly audit report       cvss: [Object]
660 silly audit report     },
660 silly audit report     {
660 silly audit report       id: 1193725,
660 silly audit report       url: 'https://github.com/advisories/GHSA-rgj7-g3m4-5g8c',
660 silly audit report       title: 'sharp: Vulnerabilities in libheif: GHSA-g89c-p67h-r497 and GHSA-2jg2-4ch7-h545',
660 silly audit report       severity: 'high',
660 silly audit report       vulnerable_versions: '<0.35.4',
660 silly audit report       cwe: [Array],
660 silly audit report       cvss: [Object]
660 silly audit report     }
660 silly audit report   ],
660 silly audit report   ws: [
660 silly audit report     {
660 silly audit report       id: 1119108,
660 silly audit report       url: 'https://github.com/advisories/GHSA-58qx-3vcg-4xpx',
660 silly audit report       title: 'ws: Uninitialized memory disclosure',
660 silly audit report       severity: 'moderate',
660 silly audit report       vulnerable_versions: '>=8.0.0 <8.20.1',
660 silly audit report       cwe: [Array],
660 silly audit report       cvss: [Object]
660 silly audit report     },
660 silly audit report     {
660 silly audit report       id: 1123259,
660 silly audit report       url: 'https://github.com/advisories/GHSA-96hv-2xvq-fx4p',
660 silly audit report       title: 'ws: Memory exhaustion DoS from tiny fragments and data chunks',
660 silly audit report       severity: 'high',
660 silly audit report       vulnerable_versions: '>=8.0.0 <8.21.0',
660 silly audit report       cwe: [Array],
660 silly audit report       cvss: [Object]
660 silly audit report     }
660 silly audit report   ]
660 silly audit report }
661 silly packumentCache corgi:https://registry.npmjs.org/@protobufjs%2futf8 cache-miss
662 silly packumentCache corgi:https://registry.npmjs.org/axios cache-miss
663 silly packumentCache corgi:https://registry.npmjs.org/body-parser cache-miss
664 silly packumentCache corgi:https://registry.npmjs.org/qs cache-miss
665 silly packumentCache corgi:https://registry.npmjs.org/file-type cache-miss
666 silly packumentCache corgi:https://registry.npmjs.org/follow-redirects cache-miss
667 silly packumentCache corgi:https://registry.npmjs.org/form-data cache-miss
668 silly packumentCache corgi:https://registry.npmjs.org/image-size cache-miss
669 silly packumentCache corgi:https://registry.npmjs.org/protobufjs cache-miss
670 silly packumentCache corgi:https://registry.npmjs.org/lodash cache-miss
671 silly packumentCache corgi:https://registry.npmjs.org/music-metadata cache-miss
672 silly packumentCache corgi:https://registry.npmjs.org/path-to-regexp cache-miss
673 silly packumentCache corgi:https://registry.npmjs.org/brace-expansion cache-miss
674 silly packumentCache corgi:https://registry.npmjs.org/minimatch cache-miss
675 silly packumentCache corgi:https://registry.npmjs.org/tar-fs cache-miss
676 silly packumentCache corgi:https://registry.npmjs.org/undici cache-miss
677 silly packumentCache corgi:https://registry.npmjs.org/uuid cache-miss
678 silly packumentCache corgi:https://registry.npmjs.org/sharp cache-miss
679 silly packumentCache corgi:https://registry.npmjs.org/ws cache-miss
680 http fetch GET 200 https://registry.npmjs.org/xtend/-/xtend-4.0.2.tgz 4291ms (cache miss)
681 http fetch GET 200 https://registry.npmjs.org/wrap-ansi/-/wrap-ansi-7.0.0.tgz 4281ms (cache miss)
682 http fetch GET 200 https://registry.npmjs.org/util-deprecate/-/util-deprecate-1.0.2.tgz 4359ms (cache miss)
683 http fetch GET 200 https://registry.npmjs.org/whatwg-encoding/-/whatwg-encoding-3.1.1.tgz 4417ms (cache miss)
684 http fetch GET 200 https://registry.npmjs.org/ttys/-/ttys-0.0.3.tgz 4375ms (cache miss)
685 http fetch GET 200 https://registry.npmjs.org/tar-stream/-/tar-stream-2.2.0.tgz 4348ms (cache miss)
686 http fetch GET 200 https://registry.npmjs.org/utils-merge/-/utils-merge-1.0.1.tgz 4445ms (cache miss)
687 http fetch GET 200 https://registry.npmjs.org/strtok3/-/strtok3-7.1.1.tgz 4381ms (cache miss)
688 http fetch GET 200 https://registry.npmjs.org/simple-swizzle/-/simple-swizzle-0.2.2.tgz 4364ms (cache miss)
689 http fetch GET 200 https://registry.npmjs.org/universalify/-/universalify-2.0.1.tgz 4502ms (cache miss)
690 http fetch GET 200 https://registry.npmjs.org/tunnel-agent/-/tunnel-agent-0.6.0.tgz 4493ms (cache miss)
691 http fetch GET 200 https://registry.npmjs.org/string_decoder/-/string_decoder-1.3.0.tgz 4446ms (cache miss)
692 http fetch GET 200 https://registry.npmjs.org/webidl-conversions/-/webidl-conversions-7.0.0.tgz 4570ms (cache miss)
693 http fetch GET 200 https://registry.npmjs.org/type-is/-/type-is-2.0.1.tgz 4526ms (cache miss)
694 http fetch GET 200 https://registry.npmjs.org/simple-concat/-/simple-concat-1.0.1.tgz 4451ms (cache miss)
695 http fetch GET 200 https://registry.npmjs.org/side-channel-list/-/side-channel-list-1.0.0.tgz 4447ms (cache miss)
696 http fetch GET 200 https://registry.npmjs.org/strip-ansi/-/strip-ansi-6.0.1.tgz 4521ms (cache miss)
697 http fetch GET 200 https://registry.npmjs.org/string-width/-/string-width-4.2.3.tgz 4515ms (cache miss)
698 http fetch GET 200 https://registry.npmjs.org/simple-get/-/simple-get-4.0.1.tgz 4492ms (cache miss)
699 http fetch GET 200 https://registry.npmjs.org/signal-exit/-/signal-exit-3.0.7.tgz 4487ms (cache miss)
700 http fetch GET 200 https://registry.npmjs.org/util/-/util-0.10.4.tgz 4628ms (cache miss)
701 http fetch GET 200 https://registry.npmjs.org/split2/-/split2-4.2.0.tgz 4553ms (cache miss)
702 http fetch GET 200 https://registry.npmjs.org/sparse-bitfield/-/sparse-bitfield-3.0.3.tgz 4551ms (cache miss)
703 http fetch GET 200 https://registry.npmjs.org/restore-cursor/-/restore-cursor-3.1.0.tgz 4504ms (cache miss)
704 http fetch GET 200 https://registry.npmjs.org/redstar/-/redstar-0.0.2.tgz 4498ms (cache miss)
705 http fetch GET 200 https://registry.npmjs.org/quick-format-unescaped/-/quick-format-unescaped-4.0.4.tgz 4475ms (cache miss)
706 http fetch GET 200 https://registry.npmjs.org/token-types/-/token-types-5.0.1.tgz 4625ms (cache miss)
707 http fetch GET 200 https://registry.npmjs.org/statuses/-/statuses-2.0.1.tgz 4592ms (cache miss)
708 http fetch GET 200 https://registry.npmjs.org/real-require/-/real-require-0.2.0.tgz 4527ms (cache miss)
709 http fetch GET 200 https://registry.npmjs.org/queue/-/queue-6.0.2.tgz 4503ms (cache miss)
710 http fetch GET 200 https://registry.npmjs.org/process/-/process-0.11.10.tgz 4460ms (cache miss)
711 http fetch GET 200 https://registry.npmjs.org/url/-/url-0.11.4.tgz 4693ms (cache miss)
712 http fetch GET 200 https://registry.npmjs.org/tlds/-/tlds-1.256.0.tgz 4656ms (cache miss)
713 http fetch GET 200 https://registry.npmjs.org/send/-/send-0.19.0.tgz 4587ms (cache miss)
714 http fetch GET 200 https://registry.npmjs.org/readable-web-to-node-stream/-/readable-web-to-node-stream-3.0.4.tgz 4557ms (cache miss)
715 http fetch GET 200 https://registry.npmjs.org/picocolors/-/picocolors-1.1.1.tgz 4472ms (cache miss)
716 http fetch GET 200 https://registry.npmjs.org/serve-static/-/serve-static-1.16.2.tgz 4612ms (cache miss)
717 http fetch GET 200 https://registry.npmjs.org/pump/-/pump-3.0.2.tgz 4546ms (cache miss)
718 http fetch GET 200 https://registry.npmjs.org/require-directory/-/require-directory-2.1.1.tgz 4616ms (cache miss)
719 http fetch GET 200 https://registry.npmjs.org/safe-stable-stringify/-/safe-stable-stringify-2.5.0.tgz 4629ms (cache miss)
720 http fetch GET 200 https://registry.npmjs.org/y18n/-/y18n-5.0.8.tgz 4825ms (cache miss)
721 http fetch GET 200 https://registry.npmjs.org/raw-body/-/raw-body-3.0.0.tgz 4614ms (cache miss)
722 http fetch GET 200 https://registry.npmjs.org/range-parser/-/range-parser-1.2.1.tgz 4612ms (cache miss)
723 http fetch GET 200 https://registry.npmjs.org/prebuild-install/-/prebuild-install-7.1.3.tgz 4556ms (cache miss)
724 http fetch GET 200 https://registry.npmjs.org/performance-now/-/performance-now-2.1.0.tgz 4575ms (cache miss)
725 http fetch GET 200 https://registry.npmjs.org/yt-search/-/yt-search-2.13.1.tgz 4906ms (cache miss)
726 http fetch GET 200 https://registry.npmjs.org/rc/-/rc-1.2.8.tgz 4677ms (cache miss)
727 http fetch GET 200 https://registry.npmjs.org/safe-buffer/-/safe-buffer-5.2.1.tgz 4705ms (cache miss)
728 http fetch GET 200 https://registry.npmjs.org/proxy-addr/-/proxy-addr-2.0.7.tgz 4642ms (cache miss)
729 http fetch GET 200 https://registry.npmjs.org/punycode/-/punycode-2.3.1.tgz 4659ms (cache miss)
730 http fetch GET 200 https://registry.npmjs.org/whatwg-mimetype/-/whatwg-mimetype-4.0.0.tgz 4877ms (cache miss)
731 http fetch GET 200 https://registry.npmjs.org/side-channel/-/side-channel-1.1.0.tgz 4745ms (cache miss)
732 http fetch GET 200 https://registry.npmjs.org/proxy-from-env/-/proxy-from-env-1.1.0.tgz 4687ms (cache miss)
733 http fetch GET 200 https://registry.npmjs.org/path-to-regexp/-/path-to-regexp-0.1.12.tgz 4628ms (cache miss)
734 http fetch GET 200 https://registry.npmjs.org/onetime/-/onetime-5.1.2.tgz 4616ms (cache miss)
735 http fetch GET 200 https://registry.npmjs.org/node-fzf/-/node-fzf-0.14.0.tgz 4606ms (cache miss)
736 http fetch GET 200 https://registry.npmjs.org/url-regex-safe/-/url-regex-safe-4.0.0.tgz 4894ms (cache miss)
737 http fetch GET 200 https://registry.npmjs.org/path/-/path-0.12.7.tgz 4691ms (cache miss)
738 http fetch GET 200 https://registry.npmjs.org/parse5-htmlparser2-tree-adapter/-/parse5-htmlparser2-tree-adapter-7.1.0.tgz 4776ms (cache miss)
739 http fetch GET 200 https://registry.npmjs.org/node-abi/-/node-abi-3.74.0.tgz 4752ms (cache miss)
740 http fetch GET 200 https://registry.npmjs.org/napi-build-utils/-/napi-build-utils-2.0.0.tgz 4749ms (cache miss)
741 http fetch GET 200 https://registry.npmjs.org/negotiator/-/negotiator-0.6.3.tgz 4768ms (cache miss)
742 http fetch GET 200 https://registry.npmjs.org/parse5-parser-stream/-/parse5-parser-stream-7.1.2.tgz 4811ms (cache miss)
743 http fetch GET 200 https://registry.npmjs.org/mkdirp-classic/-/mkdirp-classic-0.5.3.tgz 4816ms (cache miss)
744 http fetch GET 200 https://registry.npmjs.org/node-cache/-/node-cache-5.1.2.tgz 4848ms (cache miss)
745 http fetch GET 200 https://registry.npmjs.org/tslib/-/tslib-2.8.1.tgz 5131ms (cache miss)
746 http fetch GET 200 https://registry.npmjs.org/qified/-/qified-0.6.0.tgz 4999ms (cache miss)
747 http fetch GET 200 https://registry.npmjs.org/on-exit-leak-free/-/on-exit-leak-free-2.1.2.tgz 4913ms (cache miss)
748 http fetch GET 200 https://registry.npmjs.org/mongodb-connection-string-url/-/mongodb-connection-string-url-3.0.2.tgz 4888ms (cache miss)
749 http fetch GET 200 https://registry.npmjs.org/mimic-fn/-/mimic-fn-2.1.0.tgz 4894ms (cache miss)
750 http fetch GET 200 https://registry.npmjs.org/mimic-response/-/mimic-response-3.1.0.tgz 4907ms (cache miss)
751 http fetch GET 200 https://registry.npmjs.org/pino-abstract-transport/-/pino-abstract-transport-1.2.0.tgz 4992ms (cache miss)
752 http fetch GET 200 https://registry.npmjs.org/process-warning/-/process-warning-3.0.0.tgz 5036ms (cache miss)
753 http fetch GET 200 https://registry.npmjs.org/mime-types/-/mime-types-2.1.35.tgz 4934ms (cache miss)
754 http fetch GET 200 https://registry.npmjs.org/peek-readable/-/peek-readable-5.4.2.tgz 5013ms (cache miss)
755 http fetch GET 200 https://registry.npmjs.org/yargs-parser/-/yargs-parser-21.1.1.tgz 5334ms (cache miss)
756 http fetch GET 200 https://registry.npmjs.org/tr46/-/tr46-5.1.1.tgz 5281ms (cache miss)
757 http fetch GET 200 https://registry.npmjs.org/sonic-boom/-/sonic-boom-3.8.1.tgz 5242ms (cache miss)
758 http fetch GET 200 https://registry.npmjs.org/whatwg-url/-/whatwg-url-14.2.0.tgz 5380ms (cache miss)
759 http fetch GET 200 https://registry.npmjs.org/mime-db/-/mime-db-1.52.0.tgz 5049ms (cache miss)
760 http fetch GET 200 https://registry.npmjs.org/mime/-/mime-1.6.0.tgz 5061ms (cache miss)
761 http fetch GET 200 https://registry.npmjs.org/pino-std-serializers/-/pino-std-serializers-6.2.2.tgz 5164ms (cache miss)
762 http fetch GET 200 https://registry.npmjs.org/methods/-/methods-1.1.2.tgz 5100ms (cache miss)
763 http fetch GET 200 https://registry.npmjs.org/qs/-/qs-6.14.0.tgz 5286ms (cache miss)
764 http fetch GET 200 https://registry.npmjs.org/syntax-error/-/syntax-error-1.4.0.tgz 5420ms (cache miss)
765 http fetch GET 200 https://registry.npmjs.org/tar-fs/-/tar-fs-2.1.2.tgz 5429ms (cache miss)
766 http fetch GET 200 https://registry.npmjs.org/ws/-/ws-8.18.1.tgz 5536ms (cache miss)
767 http fetch GET 200 https://registry.npmjs.org/undici-types/-/undici-types-7.16.0.tgz 5490ms (cache miss)
768 http fetch GET 200 https://registry.npmjs.org/node-webpmux/-/node-webpmux-3.2.1.tgz 5234ms (cache miss)
769 http fetch GET 200 https://registry.npmjs.org/node-fetch/-/node-fetch-3.3.2.tgz 5254ms (cache miss)
770 http fetch GET 200 https://registry.npmjs.org/memory-pager/-/memory-pager-1.5.0.tgz 5205ms (cache miss)
771 http fetch GET 200 https://registry.npmjs.org/merge-descriptors/-/merge-descriptors-1.0.3.tgz 5213ms (cache miss)
772 http fetch GET 200 https://registry.npmjs.org/minimist/-/minimist-1.2.8.tgz 5266ms (cache miss)
773 http fetch GET 200 https://registry.npmjs.org/media-typer/-/media-typer-1.1.0.tgz 5245ms (cache miss)
774 http fetch GET 200 https://codeload.github.com/nstar-y/libsignal/tar.gz/ddc70e49f86b458b220433d0d86fdb6ee3732aef 3441ms (cache miss)
775 silly packumentCache heap:1047265280 maxSize:261816320 maxEntrySize:130908160
776 http fetch GET 200 https://registry.npmjs.org/lodash.clonedeep/-/lodash.clonedeep-4.5.0.tgz 5372ms (cache miss)
777 http fetch GET 200 https://registry.npmjs.org/nth-check/-/nth-check-2.1.1.tgz 5541ms (cache miss)
778 http fetch GET 200 https://registry.npmjs.org/long/-/long-4.0.0.tgz 5481ms (cache miss)
779 http fetch GET 200 https://registry.npmjs.org/wa-sticker-formatter/-/wa-sticker-formatter-4.4.4.tgz 5945ms (cache miss)
780 http fetch GET 200 https://registry.npmjs.org/node-domexception/-/node-domexception-1.0.0.tgz 5697ms (cache miss)
781 warn deprecated node-domexception@1.0.0: Use your platform's native DOMException instead
782 http fetch GET 200 https://registry.npmjs.org/keyv/-/keyv-5.6.0.tgz 5735ms (cache miss)
783 http fetch GET 200 https://registry.npmjs.org/keypress/-/keypress-0.2.1.tgz 5753ms (cache miss)
784 http fetch GET 200 https://registry.npmjs.org/jsonfile/-/jsonfile-6.1.0.tgz 5803ms (cache miss)
785 http fetch GET 200 https://registry.npmjs.org/isexe/-/isexe-2.0.0.tgz 5884ms (cache miss)
786 http fetch GET 200 https://registry.npmjs.org/is-fullwidth-code-point/-/is-fullwidth-code-point-3.0.0.tgz 5898ms (cache miss)
787 http fetch GET 200 https://registry.npmjs.org/semver/-/semver-7.7.1.tgz 6227ms (cache miss)
788 http fetch GET 200 https://registry.npmjs.org/thread-stream/-/thread-stream-2.7.0.tgz 6302ms (cache miss)
789 http fetch GET 200 https://registry.npmjs.org/is-arrayish/-/is-arrayish-0.3.2.tgz 6002ms (cache miss)
790 http fetch GET 200 https://registry.npmjs.org/ip-regex/-/ip-regex-4.3.0.tgz 6083ms (cache miss)
791 http fetch GET 200 https://registry.npmjs.org/lru-cache/-/lru-cache-9.1.2.tgz 6163ms (cache miss)
792 http fetch GET 200 https://registry.npmjs.org/ini/-/ini-1.3.8.tgz 6178ms (cache miss)
793 http fetch GET 200 https://registry.npmjs.org/ieee754/-/ieee754-1.2.1.tgz 6204ms (cache miss)
794 http fetch GET 200 https://registry.npmjs.org/readable-stream/-/readable-stream-4.7.0.tgz 6558ms (cache miss)
795 http fetch GET 200 https://registry.npmjs.org/jsep/-/jsep-1.4.0.tgz 6339ms (cache miss)
796 http fetch GET 200 https://registry.npmjs.org/human-time/-/human-time-0.0.2.tgz 6334ms (cache miss)
797 http fetch GET 200 https://registry.npmjs.org/human-readable/-/human-readable-0.2.1.tgz 6410ms (cache miss)
798 http fetch GET 200 https://registry.npmjs.org/http-errors/-/http-errors-2.0.0.tgz 6451ms (cache miss)
799 http fetch GET 200 https://registry.npmjs.org/hasown/-/hasown-2.0.2.tgz 6486ms (cache miss)
800 http fetch GET 200 https://registry.npmjs.org/jsonpath-plus/-/jsonpath-plus-10.3.0.tgz 6544ms (cache miss)
801 http fetch GET 200 https://registry.npmjs.org/yargs/-/yargs-17.7.2.tgz 7044ms (cache miss)
802 http fetch GET 200 https://registry.npmjs.org/moment-timezone/-/moment-timezone-0.5.48.tgz 6735ms (cache miss)
803 http fetch GET 200 https://registry.npmjs.org/github-from-package/-/github-from-package-0.0.0.tgz 6756ms (cache miss)
804 http fetch GET 200 https://registry.npmjs.org/graceful-fs/-/graceful-fs-4.2.11.tgz 6778ms (cache miss)
805 http fetch GET 200 https://registry.npmjs.org/get-caller-file/-/get-caller-file-2.0.5.tgz 6781ms (cache miss)
806 http fetch GET 200 https://registry.npmjs.org/fs-constants/-/fs-constants-1.0.0.tgz 6844ms (cache miss)
807 http fetch GET 200 https://registry.npmjs.org/fs/-/fs-0.0.1-security.tgz 6896ms (cache miss)
808 http fetch GET 200 https://registry.npmjs.org/has-tostringtag/-/has-tostringtag-1.0.2.tgz 6944ms (cache miss)
809 http fetch GET 200 https://registry.npmjs.org/formdata-polyfill/-/formdata-polyfill-4.0.10.tgz 6930ms (cache miss)
810 http fetch GET 200 https://registry.npmjs.org/hookified/-/hookified-1.15.0.tgz 7010ms (cache miss)
811 http fetch GET 200 https://registry.npmjs.org/fresh/-/fresh-0.5.2.tgz 6985ms (cache miss)
812 http fetch GET 200 https://registry.npmjs.org/finalhandler/-/finalhandler-1.3.1.tgz 7000ms (cache miss)
813 http fetch GET 200 https://registry.npmjs.org/follow-redirects/-/follow-redirects-1.15.9.tgz 7032ms (cache miss)
814 http fetch GET 200 https://registry.npmjs.org/expand-template/-/expand-template-2.0.3.tgz 7082ms (cache miss)
815 http fetch GET 200 https://registry.npmjs.org/fetch-blob/-/fetch-blob-3.2.0.tgz 7101ms (cache miss)
816 http fetch GET 200 https://registry.npmjs.org/form-data/-/form-data-4.0.4.tgz 7143ms (cache miss)
817 http fetch GET 200 https://registry.npmjs.org/hashery/-/hashery-1.4.0.tgz 7176ms (cache miss)
818 http fetch GET 200 https://registry.npmjs.org/file-type/-/file-type-18.7.0.tgz 7141ms (cache miss)
819 http fetch GET 200 https://registry.npmjs.org/escalade/-/escalade-3.2.0.tgz 7161ms (cache miss)
820 http fetch GET 200 https://registry.npmjs.org/express-rate-limit/-/express-rate-limit-7.5.0.tgz 7290ms (cache miss)
821 http fetch GET 200 https://registry.npmjs.org/es-set-tostringtag/-/es-set-tostringtag-2.1.0.tgz 7302ms (cache miss)
822 http fetch GET 200 https://registry.npmjs.org/es-object-atoms/-/es-object-atoms-1.1.1.tgz 7333ms (cache miss)
823 http fetch GET 200 https://registry.npmjs.org/end-of-stream/-/end-of-stream-1.4.4.tgz 7356ms (cache miss)
824 http fetch GET 200 https://registry.npmjs.org/event-target-shim/-/event-target-shim-5.0.1.tgz 7424ms (cache miss)
825 http fetch GET 200 https://registry.npmjs.org/iconv-lite/-/iconv-lite-0.6.3.tgz 7516ms (cache miss)
826 http fetch GET 200 https://registry.npmjs.org/emoji-regex/-/emoji-regex-8.0.0.tgz 7432ms (cache miss)
827 http fetch GET 200 https://registry.npmjs.org/fast-redact/-/fast-redact-3.5.0.tgz 7486ms (cache miss)
828 http fetch GET 200 https://registry.npmjs.org/dotenv/-/dotenv-16.5.0.tgz 7507ms (cache miss)
829 http fetch GET 200 https://registry.npmjs.org/express/-/express-4.21.2.tgz 7563ms (cache miss)
830 http fetch GET 200 https://registry.npmjs.org/domelementtype/-/domelementtype-2.3.0.tgz 7537ms (cache miss)
831 http fetch GET 200 https://registry.npmjs.org/dom-serializer/-/dom-serializer-2.0.0.tgz 7594ms (cache miss)
832 http fetch GET 200 https://registry.npmjs.org/detect-libc/-/detect-libc-2.0.4.tgz 7656ms (cache miss)
833 http fetch GET 200 https://registry.npmjs.org/events/-/events-3.3.0.tgz 7769ms (cache miss)
834 http fetch GET 200 https://registry.npmjs.org/htmlparser2/-/htmlparser2-9.1.0.tgz 7838ms (cache miss)
835 http fetch GET 200 https://registry.npmjs.org/destroy/-/destroy-1.2.0.tgz 7790ms (cache miss)
836 http fetch GET 200 https://registry.npmjs.org/delayed-stream/-/delayed-stream-1.0.0.tgz 7808ms (cache miss)
837 http fetch GET 200 https://registry.npmjs.org/deep-extend/-/deep-extend-0.6.0.tgz 7820ms (cache miss)
838 http fetch GET 200 https://registry.npmjs.org/decompress-response/-/decompress-response-6.0.0.tgz 7903ms (cache miss)
839 http fetch GET 200 https://registry.npmjs.org/data-uri-to-buffer/-/data-uri-to-buffer-4.0.1.tgz 7908ms (cache miss)
840 http fetch GET 200 https://registry.npmjs.org/fs-extra/-/fs-extra-10.1.0.tgz 8035ms (cache miss)
841 http fetch GET 200 https://registry.npmjs.org/domhandler/-/domhandler-5.0.3.tgz 7961ms (cache miss)
842 http fetch GET 200 https://registry.npmjs.org/dasu/-/dasu-0.4.3.tgz 7939ms (cache miss)
843 http fetch GET 200 https://registry.npmjs.org/debug/-/debug-4.4.0.tgz 7968ms (cache miss)
844 http fetch GET 200 https://registry.npmjs.org/curve25519-js/-/curve25519-js-0.0.4.tgz 7962ms (cache miss)
845 http fetch GET 200 https://registry.npmjs.org/cookie-signature/-/cookie-signature-1.0.6.tgz 8008ms (cache miss)
846 http fetch GET 200 https://registry.npmjs.org/parse5/-/parse5-7.2.1.tgz 8317ms (cache miss)
847 http fetch GET 200 https://registry.npmjs.org/cookie/-/cookie-0.7.1.tgz 8023ms (cache miss)
848 http fetch GET 200 https://registry.npmjs.org/content-disposition/-/content-disposition-0.5.4.tgz 8020ms (cache miss)
849 http fetch GET 200 https://registry.npmjs.org/uuid/-/uuid-10.0.0.tgz 8635ms (cache miss)
850 http fetch GET 200 https://registry.npmjs.org/concat-map/-/concat-map-0.0.1.tgz 8067ms (cache miss)
851 http fetch GET 200 https://registry.npmjs.org/combined-stream/-/combined-stream-1.0.8.tgz 8068ms (cache miss)
852 http fetch GET 200 https://registry.npmjs.org/color-name/-/color-name-1.1.4.tgz 8068ms (cache miss)
853 http fetch GET 200 https://registry.npmjs.org/encoding-sniffer/-/encoding-sniffer-0.2.0.tgz 8168ms (cache miss)
854 http fetch GET 200 https://registry.npmjs.org/color-string/-/color-string-1.9.1.tgz 8095ms (cache miss)
855 http fetch GET 200 https://registry.npmjs.org/color-convert/-/color-convert-2.0.1.tgz 8108ms (cache miss)
856 http fetch GET 200 https://registry.npmjs.org/image-size/-/image-size-1.2.1.tgz 8310ms (cache miss)
857 http fetch GET 200 https://registry.npmjs.org/color/-/color-4.2.3.tgz 8139ms (cache miss)
858 http fetch GET 200 https://registry.npmjs.org/clone/-/clone-2.1.2.tgz 8171ms (cache miss)
859 http fetch GET 200 https://registry.npmjs.org/cliui/-/cliui-8.0.1.tgz 8183ms (cache miss)
860 http fetch GET 200 https://registry.npmjs.org/chownr/-/chownr-1.1.4.tgz 8184ms (cache miss)
861 http fetch GET 200 https://registry.npmjs.org/cacheable/-/cacheable-2.3.2.tgz 8365ms (cache miss)
862 http fetch GET 200 https://registry.npmjs.org/buffer/-/buffer-6.0.3.tgz 8406ms (cache miss)
863 http fetch GET 200 https://registry.npmjs.org/boolstring/-/boolstring-2.0.1.tgz 8497ms (cache miss)
864 http fetch GET 200 https://registry.npmjs.org/boolbase/-/boolbase-1.0.0.tgz 8526ms (cache miss)
865 http fetch GET 200 https://registry.npmjs.org/bl/-/bl-4.1.0.tgz 8525ms (cache miss)
866 http fetch GET 200 https://registry.npmjs.org/chalk/-/chalk-5.4.1.tgz 8556ms (cache miss)
867 http fetch GET 200 https://registry.npmjs.org/base64-js/-/base64-js-1.5.1.tgz 8544ms (cache miss)
868 http fetch GET 200 https://registry.npmjs.org/balanced-match/-/balanced-match-1.0.2.tgz 8565ms (cache miss)
869 http fetch GET 200 https://registry.npmjs.org/body-parser/-/body-parser-2.2.0.tgz 8607ms (cache miss)
870 http fetch GET 200 https://registry.npmjs.org/css-what/-/css-what-6.1.0.tgz 8740ms (cache miss)
871 http fetch GET 200 https://registry.npmjs.org/atomic-sleep/-/atomic-sleep-1.0.0.tgz 8707ms (cache miss)
872 http fetch GET 200 https://registry.npmjs.org/asynckit/-/asynckit-0.4.0.tgz 8769ms (cache miss)
873 http fetch GET 200 https://registry.npmjs.org/cheerio-select/-/cheerio-select-2.1.0.tgz 8828ms (cache miss)
874 http fetch GET 200 https://registry.npmjs.org/async.util.parallel/-/async.util.parallel-0.5.2.tgz 8769ms (cache miss)
875 http fetch GET 200 https://registry.npmjs.org/async.util.restparam/-/async.util.restparam-0.5.2.tgz 8790ms (cache miss)
876 http fetch GET 200 https://registry.npmjs.org/async.util.onlyonce/-/async.util.onlyonce-0.5.2.tgz 8813ms (cache miss)
877 http fetch GET 200 https://registry.npmjs.org/cache-manager/-/cache-manager-5.2.2.tgz 8887ms (cache miss)
878 http fetch GET 200 https://registry.npmjs.org/async.util.noop/-/async.util.noop-0.5.2.tgz 8837ms (cache miss)
879 http fetch GET 200 https://registry.npmjs.org/async.util.once/-/async.util.once-0.5.2.tgz 8849ms (cache miss)
880 http fetch GET 200 https://registry.npmjs.org/async.util.keys/-/async.util.keys-0.5.2.tgz 9177ms (cache miss)
881 http fetch GET 200 https://registry.npmjs.org/async.util.keyiterator/-/async.util.keyiterator-0.5.2.tgz 9183ms (cache miss)
882 http fetch GET 200 https://registry.npmjs.org/domutils/-/domutils-3.2.2.tgz 9393ms (cache miss)
883 http fetch GET 200 https://registry.npmjs.org/async.util.isarraylike/-/async.util.isarraylike-0.5.2.tgz 9229ms (cache miss)
884 http fetch GET 200 https://registry.npmjs.org/async.util.eachoflimit/-/async.util.eachoflimit-0.5.2.tgz 9233ms (cache miss)
885 http fetch GET 200 https://registry.npmjs.org/async.parallellimit/-/async.parallellimit-0.5.2.tgz 9231ms (cache miss)
886 http fetch GET 200 https://registry.npmjs.org/async.util.isarray/-/async.util.isarray-0.5.2.tgz 9251ms (cache miss)
887 http fetch GET 200 https://registry.npmjs.org/async-mutex/-/async-mutex-0.5.0.tgz 9287ms (cache miss)
888 http fetch GET 200 https://registry.npmjs.org/async/-/async-0.2.10.tgz 9369ms (cache miss)
889 http fetch GET 200 https://registry.npmjs.org/array-flatten/-/array-flatten-1.1.1.tgz 9368ms (cache miss)
890 http fetch GET 200 https://registry.npmjs.org/ansi-styles/-/ansi-styles-4.3.0.tgz 9373ms (cache miss)
891 http fetch GET 200 https://registry.npmjs.org/awesome-phonenumber/-/awesome-phonenumber-3.4.0.tgz 9462ms (cache miss)
892 http fetch GET 200 https://registry.npmjs.org/ansi-regex/-/ansi-regex-5.0.1.tgz 9385ms (cache miss)
893 http fetch GET 200 https://registry.npmjs.org/acorn-node/-/acorn-node-1.8.2.tgz 9408ms (cache miss)
894 http fetch GET 200 https://registry.npmjs.org/acorn-walk/-/acorn-walk-7.2.0.tgz 9442ms (cache miss)
895 http fetch GET 200 https://registry.npmjs.org/entities/-/entities-4.5.0.tgz 9698ms (cache miss)
896 http fetch GET 200 https://registry.npmjs.org/accepts/-/accepts-1.3.8.tgz 9448ms (cache miss)
897 http fetch GET 200 https://registry.npmjs.org/abort-controller/-/abort-controller-3.0.0.tgz 9513ms (cache miss)
898 http fetch GET 200 https://registry.npmjs.org/@types/whatwg-url/-/whatwg-url-11.0.5.tgz 9620ms (cache miss)
899 http fetch GET 200 https://registry.npmjs.org/@types/long/-/long-4.0.2.tgz 9630ms (cache miss)
900 http fetch GET 200 https://registry.npmjs.org/@tokenizer/token/-/token-0.3.0.tgz 9661ms (cache miss)
901 http fetch GET 200 https://registry.npmjs.org/@protobufjs/utf8/-/utf8-1.1.0.tgz 9675ms (cache miss)
902 http fetch GET 200 https://registry.npmjs.org/@protobufjs/pool/-/pool-1.1.0.tgz 9702ms (cache miss)
903 http fetch GET 200 https://registry.npmjs.org/@protobufjs/path/-/path-1.1.2.tgz 9715ms (cache miss)
904 http fetch GET 200 https://registry.npmjs.org/@types/webidl-conversions/-/webidl-conversions-7.0.3.tgz 9846ms (cache miss)
905 http fetch GET 200 https://registry.npmjs.org/@protobufjs/inquire/-/inquire-1.1.0.tgz 9889ms (cache miss)
906 http fetch GET 200 https://registry.npmjs.org/web-streams-polyfill/-/web-streams-polyfill-3.3.3.tgz 10722ms (cache miss)
907 http fetch GET 200 https://registry.npmjs.org/@protobufjs/fetch/-/fetch-1.1.0.tgz 9952ms (cache miss)
908 http fetch GET 200 https://registry.npmjs.org/@protobufjs/eventemitter/-/eventemitter-1.1.0.tgz 9985ms (cache miss)
909 http fetch GET 200 https://registry.npmjs.org/@protobufjs/codegen/-/codegen-2.0.4.tgz 10030ms (cache miss)
910 http fetch GET 200 https://registry.npmjs.org/@protobufjs/base64/-/base64-1.1.2.tgz 10038ms (cache miss)
911 http fetch GET 200 https://registry.npmjs.org/@protobufjs/float/-/float-1.0.2.tgz 10177ms (cache miss)
912 http fetch GET 200 https://registry.npmjs.org/@keyv/serialize/-/serialize-1.1.1.tgz 10257ms (cache miss)
913 http fetch GET 200 https://registry.npmjs.org/@protobufjs/aspromise/-/aspromise-1.1.2.tgz 10279ms (cache miss)
914 http fetch GET 200 https://registry.npmjs.org/@keyv/bigmap/-/bigmap-1.3.1.tgz 10274ms (cache miss)
915 http fetch GET 200 https://registry.npmjs.org/css-select/-/css-select-5.1.0.tgz 10576ms (cache miss)
916 http fetch GET 200 https://registry.npmjs.org/music-metadata/-/music-metadata-7.14.0.tgz 10879ms (cache miss)
917 http fetch GET 200 https://registry.npmjs.org/@jsep-plugin/regex/-/regex-1.0.4.tgz 10378ms (cache miss)
918 http fetch GET 200 https://registry.npmjs.org/pino/-/pino-8.21.0.tgz 10984ms (cache miss)
919 http fetch GET 200 https://registry.npmjs.org/@hapi/hoek/-/hoek-9.3.0.tgz 10408ms (cache miss)
920 http fetch GET 200 https://registry.npmjs.org/bson/-/bson-6.10.3.tgz 10638ms (cache miss)
921 http fetch GET 200 https://registry.npmjs.org/strtok3/-/strtok3-6.3.0.tgz 10739ms (cache miss)
922 http fetch GET 200 https://registry.npmjs.org/@hapi/boom/-/boom-9.1.4.tgz 10824ms (cache miss)
923 http fetch GET 200 https://registry.npmjs.org/@cacheable/utils/-/utils-2.3.3.tgz 10851ms (cache miss)
924 http fetch GET 200 https://registry.npmjs.org/@cacheable/memory/-/memory-2.0.7.tgz 10895ms (cache miss)
925 http fetch GET 200 https://registry.npmjs.org/@cacheable/node-cache/-/node-cache-1.7.6.tgz 10916ms (cache miss)
926 http fetch GET 200 https://registry.npmjs.org/@mongodb-js/saslprep/-/saslprep-1.2.2.tgz 11138ms (cache miss)
927 http fetch GET 200 https://registry.npmjs.org/node-addon-api/-/node-addon-api-5.1.0.tgz 11095ms (cache miss)
928 http fetch GET 200 https://registry.npmjs.org/@adiwajshing/keyed-db/-/keyed-db-0.2.4.tgz 11140ms (cache miss)
929 http fetch GET 200 https://registry.npmjs.org/@jsep-plugin/assignment/-/assignment-1.3.0.tgz 11212ms (cache miss)
930 http fetch GET 200 https://registry.npmjs.org/file-type/-/file-type-16.5.4.tgz 11173ms (cache miss)
931 http fetch GET 200 https://registry.npmjs.org/token-types/-/token-types-4.2.1.tgz 11184ms (cache miss)
932 http fetch GET 200 https://registry.npmjs.org/axios/-/axios-1.8.4.tgz 11426ms (cache miss)
933 http fetch GET 200 https://registry.npmjs.org/undici/-/undici-6.21.2.tgz 12077ms (cache miss)
934 http fetch GET 200 https://registry.npmjs.org/peek-readable/-/peek-readable-4.1.0.tgz 11215ms (cache miss)
935 http fetch GET 200 https://registry.npmjs.org/inherits/-/inherits-2.0.3.tgz 11201ms (cache miss)
936 http fetch GET 200 https://registry.npmjs.org/punycode/-/punycode-1.4.1.tgz 11229ms (cache miss)
937 http fetch GET 200 https://registry.npmjs.org/mime-types/-/mime-types-3.0.1.tgz 11242ms (cache miss)
938 http fetch GET 200 https://registry.npmjs.org/encodeurl/-/encodeurl-1.0.2.tgz 11351ms (cache miss)
939 http fetch GET 200 https://registry.npmjs.org/minimatch/-/minimatch-3.0.8.tgz 11432ms (cache miss)
940 http fetch GET 200 https://registry.npmjs.org/brace-expansion/-/brace-expansion-1.1.11.tgz 11431ms (cache miss)
941 http fetch GET 200 https://registry.npmjs.org/ms/-/ms-2.0.0.tgz 11449ms (cache miss)
942 http fetch GET 200 https://registry.npmjs.org/strip-json-comments/-/strip-json-comments-2.0.1.tgz 11448ms (cache miss)
943 http fetch GET 200 https://registry.npmjs.org/strip-ansi/-/strip-ansi-4.0.0.tgz 11478ms (cache miss)
944 http fetch GET 200 https://registry.npmjs.org/string-width/-/string-width-2.1.1.tgz 11478ms (cache miss)
945 http fetch GET 200 https://registry.npmjs.org/is-fullwidth-code-point/-/is-fullwidth-code-point-2.0.0.tgz 11494ms (cache miss)
946 http fetch GET 200 https://registry.npmjs.org/token-types/-/token-types-4.2.1.tgz 11503ms (cache miss)
947 http fetch GET 200 https://registry.npmjs.org/ansi-regex/-/ansi-regex-3.0.1.tgz 11501ms (cache miss)
948 http fetch GET 200 https://registry.npmjs.org/peek-readable/-/peek-readable-4.1.0.tgz 11536ms (cache miss)
949 http fetch GET 200 https://registry.npmjs.org/debug/-/debug-2.6.9.tgz 11569ms (cache miss)
950 http fetch GET 200 https://registry.npmjs.org/strtok3/-/strtok3-6.3.0.tgz 11551ms (cache miss)
951 http fetch GET 200 https://registry.npmjs.org/file-type/-/file-type-16.5.4.tgz 11559ms (cache miss)
952 http fetch GET 200 https://registry.npmjs.org/which/-/which-1.3.1.tgz 11551ms (cache miss)
953 http fetch GET 200 https://registry.npmjs.org/ms/-/ms-2.0.0.tgz 11576ms (cache miss)
954 http fetch GET 200 https://registry.npmjs.org/type-is/-/type-is-1.6.18.tgz 11584ms (cache miss)
955 http fetch GET 200 https://registry.npmjs.org/raw-body/-/raw-body-2.5.2.tgz 11602ms (cache miss)
956 http fetch GET 200 https://registry.npmjs.org/sharp/-/sharp-0.30.7.tgz 11774ms (cache miss)
957 http fetch GET 200 https://registry.npmjs.org/media-typer/-/media-typer-0.3.0.tgz 11661ms (cache miss)
958 http fetch GET 200 https://registry.npmjs.org/ms/-/ms-2.0.0.tgz 11658ms (cache miss)
959 http fetch GET 200 https://registry.npmjs.org/debug/-/debug-2.6.9.tgz 11705ms (cache miss)
960 http fetch GET 200 https://registry.npmjs.org/debug/-/debug-2.6.9.tgz 11808ms (cache miss)
961 http fetch GET 200 https://registry.npmjs.org/buffer/-/buffer-5.7.1.tgz 11827ms (cache miss)
962 http fetch GET 200 https://registry.npmjs.org/process-warning/-/process-warning-4.0.1.tgz 11825ms (cache miss)
963 http fetch GET 200 https://registry.npmjs.org/qs/-/qs-6.13.0.tgz 11907ms (cache miss)
964 http fetch GET 200 https://registry.npmjs.org/pino-std-serializers/-/pino-std-serializers-7.0.0.tgz 11889ms (cache miss)
965 http fetch GET 200 https://registry.npmjs.org/body-parser/-/body-parser-1.20.3.tgz 11909ms (cache miss)
966 http fetch GET 200 https://registry.npmjs.org/readable-stream/-/readable-stream-3.6.2.tgz 12015ms (cache miss)
967 http fetch GET 200 https://registry.npmjs.org/pino-abstract-transport/-/pino-abstract-transport-2.0.0.tgz 11915ms (cache miss)
968 http fetch GET 200 https://registry.npmjs.org/sonic-boom/-/sonic-boom-4.2.0.tgz 12074ms (cache miss)
969 http fetch GET 200 https://registry.npmjs.org/@protobufjs%2futf8 10204ms (cache miss)
970 silly packumentCache corgi:https://registry.npmjs.org/@protobufjs%2futf8 set size:undefined disposed:false
971 http fetch GET 200 https://registry.npmjs.org/readable-stream/-/readable-stream-3.6.2.tgz 12151ms (cache miss)
972 http fetch GET 200 https://registry.npmjs.org/axios/-/axios-0.21.4.tgz 12287ms (cache miss)
973 http fetch GET 200 https://registry.npmjs.org/axios 10346ms (cache miss)
974 silly packumentCache corgi:https://registry.npmjs.org/axios set size:undefined disposed:false
975 http fetch GET 200 https://registry.npmjs.org/follow-redirects 10774ms (cache miss)
976 silly packumentCache corgi:https://registry.npmjs.org/follow-redirects set size:undefined disposed:false
977 http fetch GET 200 https://registry.npmjs.org/image-size 10795ms (cache miss)
978 silly packumentCache corgi:https://registry.npmjs.org/image-size set size:undefined disposed:false
979 http fetch GET 200 https://registry.npmjs.org/form-data 10927ms (cache miss)
980 silly packumentCache corgi:https://registry.npmjs.org/form-data set size:undefined disposed:false
981 http fetch GET 200 https://registry.npmjs.org/file-type 11019ms (cache miss)
982 silly packumentCache corgi:https://registry.npmjs.org/file-type set size:undefined disposed:false
983 http fetch GET 200 https://registry.npmjs.org/brace-expansion 11017ms (cache miss)
984 silly packumentCache corgi:https://registry.npmjs.org/brace-expansion set size:undefined disposed:false
985 http fetch GET 200 https://registry.npmjs.org/tar-fs 11036ms (cache miss)
986 silly packumentCache corgi:https://registry.npmjs.org/tar-fs set size:undefined disposed:false
987 http fetch GET 200 https://registry.npmjs.org/@types/node/-/node-10.17.60.tgz 13048ms (cache miss)
988 http fetch GET 200 https://registry.npmjs.org/lodash 11082ms (cache miss)
989 silly packumentCache corgi:https://registry.npmjs.org/lodash set size:undefined disposed:false
990 http fetch GET 200 https://registry.npmjs.org/path-to-regexp 11165ms (cache miss)
991 silly packumentCache corgi:https://registry.npmjs.org/path-to-regexp set size:undefined disposed:false
992 http fetch GET 200 https://registry.npmjs.org/uuid 11173ms (cache miss)
993 silly packumentCache corgi:https://registry.npmjs.org/uuid set size:undefined disposed:false
994 http fetch GET 200 https://registry.npmjs.org/minimatch 11205ms (cache miss)
995 silly packumentCache corgi:https://registry.npmjs.org/minimatch set size:undefined disposed:false
996 http fetch GET 200 https://registry.npmjs.org/ws 11225ms (cache miss)
997 silly packumentCache corgi:https://registry.npmjs.org/ws set size:undefined disposed:false
998 http fetch GET 200 https://registry.npmjs.org/body-parser 11297ms (cache miss)
999 silly packumentCache corgi:https://registry.npmjs.org/body-parser set size:undefined disposed:false
1000 http fetch GET 200 https://registry.npmjs.org/protobufjs 11300ms (cache miss)
1001 silly packumentCache corgi:https://registry.npmjs.org/protobufjs set size:undefined disposed:false
1002 http fetch GET 200 https://registry.npmjs.org/iconv-lite/-/iconv-lite-0.4.24.tgz 13572ms (cache miss)
1003 http fetch GET 200 https://registry.npmjs.org/qs 11653ms (cache miss)
1004 silly packumentCache corgi:https://registry.npmjs.org/qs set size:undefined disposed:false
1005 http fetch GET 200 https://registry.npmjs.org/prettier/-/prettier-3.5.3.tgz 14438ms (cache miss)
1006 http fetch GET 200 https://registry.npmjs.org/music-metadata 11721ms (cache miss)
1007 silly packumentCache corgi:https://registry.npmjs.org/music-metadata set size:undefined disposed:false
1008 http fetch GET 200 https://registry.npmjs.org/sharp 11763ms (cache miss)
1009 silly packumentCache corgi:https://registry.npmjs.org/sharp set size:undefined disposed:false
1010 http fetch GET 200 https://registry.npmjs.org/thread-stream/-/thread-stream-3.1.0.tgz 13803ms (cache miss)
1011 http fetch GET 200 https://registry.npmjs.org/undici 11904ms (cache miss)
1012 silly packumentCache corgi:https://registry.npmjs.org/undici set size:undefined disposed:false
1013 http fetch GET 200 https://registry.npmjs.org/acorn/-/acorn-7.4.1.tgz 14308ms (cache miss)
1014 http fetch GET 200 https://registry.npmjs.org/@types/node/-/node-25.0.10.tgz 14579ms (cache miss)
1015 silly packumentCache corgi:https://registry.npmjs.org/wa-sticker-formatter cache-miss
1016 http fetch GET 200 https://registry.npmjs.org/wa-sticker-formatter 410ms (cache miss)
1017 silly packumentCache corgi:https://registry.npmjs.org/wa-sticker-formatter set size:undefined disposed:false
1018 silly packumentCache corgi:https://registry.npmjs.org/baileys-mod cache-miss
1019 http fetch GET 200 https://registry.npmjs.org/baileys-mod 419ms (cache miss)
1020 silly packumentCache corgi:https://registry.npmjs.org/baileys-mod set size:undefined disposed:false
1021 silly packumentCache corgi:https://registry.npmjs.org/express cache-miss
1022 http fetch GET 200 https://registry.npmjs.org/protobufjs/-/protobufjs-6.8.8.tgz 15397ms (cache miss)
1023 http fetch GET 200 https://registry.npmjs.org/fluent-ffmpeg/-/fluent-ffmpeg-2.1.3.tgz 15949ms (cache miss)
1024 http fetch GET 200 https://registry.npmjs.org/express 194ms (cache miss)
1025 silly packumentCache corgi:https://registry.npmjs.org/express set size:undefined disposed:false
1026 silly packumentCache corgi:https://registry.npmjs.org/url cache-miss
1027 http fetch GET 200 https://registry.npmjs.org/cheerio/-/cheerio-1.0.0.tgz 16141ms (cache miss)
1028 http fetch GET 200 https://registry.npmjs.org/url 191ms (cache miss)
1029 silly packumentCache corgi:https://registry.npmjs.org/url set size:undefined disposed:false
1030 silly packumentCache corgi:https://registry.npmjs.org/libsignal-node cache-miss
1031 http fetch GET 200 https://registry.npmjs.org/pino/-/pino-9.6.0.tgz 16224ms (cache miss)
1032 http fetch GET 200 https://registry.npmjs.org/lodash/-/lodash-4.17.23.tgz 16885ms (cache miss)
1033 http fetch GET 200 https://registry.npmjs.org/libsignal-node 299ms (cache miss)
1034 silly packumentCache corgi:https://registry.npmjs.org/libsignal-node set size:undefined disposed:false
1035 silly packumentCache corgi:https://registry.npmjs.org/redstar cache-miss
1036 http fetch GET 200 https://registry.npmjs.org/mongodb/-/mongodb-6.16.0.tgz 17507ms (cache miss)
1037 http fetch GET 200 https://registry.npmjs.org/redstar 342ms (cache miss)
1038 silly packumentCache corgi:https://registry.npmjs.org/redstar set size:undefined disposed:false
1039 silly packumentCache corgi:https://registry.npmjs.org/prebuild-install cache-miss
1040 http fetch GET 200 https://registry.npmjs.org/figlet/-/figlet-1.8.1.tgz 17637ms (cache miss)
1041 http fetch GET 200 https://registry.npmjs.org/prebuild-install 199ms (cache miss)
1042 silly packumentCache corgi:https://registry.npmjs.org/prebuild-install set size:undefined disposed:false
1043 silly packumentCache corgi:https://registry.npmjs.org/cheerio cache-miss
1044 http fetch GET 200 https://registry.npmjs.org/moment/-/moment-2.30.1.tgz 17915ms (cache miss)
1045 http fetch GET 200 https://codeload.github.com/nstar-y/bail/tar.gz/54c0d685e38bb04346dbb187a60046d584a93fad 16036ms (cache miss)
1046 http fetch GET 200 https://registry.npmjs.org/cheerio 171ms (cache miss)
1047 silly packumentCache corgi:https://registry.npmjs.org/cheerio set size:undefined disposed:false
1048 silly packumentCache corgi:https://registry.npmjs.org/express-rate-limit cache-miss
1049 http fetch GET 200 https://registry.npmjs.org/express-rate-limit 272ms (cache miss)
1050 silly packumentCache corgi:https://registry.npmjs.org/express-rate-limit set size:undefined disposed:false
1051 silly packumentCache corgi:https://registry.npmjs.org/node-fzf cache-miss
1052 http fetch GET 200 https://registry.npmjs.org/libphonenumber-js/-/libphonenumber-js-1.12.35.tgz 18579ms (cache miss)
1053 http fetch GET 200 https://registry.npmjs.org/node-fzf 359ms (cache miss)
1054 silly packumentCache corgi:https://registry.npmjs.org/node-fzf set size:undefined disposed:false
1055 silly packumentCache corgi:https://registry.npmjs.org/yt-search cache-miss
1056 http fetch GET 200 https://registry.npmjs.org/yt-search 556ms (cache miss)
1057 silly packumentCache corgi:https://registry.npmjs.org/yt-search set size:undefined disposed:false
1058 http fetch GET 200 https://registry.npmjs.org/protobufjs/-/protobufjs-6.11.4.tgz 25258ms (cache miss)
