0 verbose cli /data/data/com.termux/files/usr/bin/node /data/data/com.termux/files/usr/lib/node_modules/npm/bin/npm-cli.js
1 info using npm@11.17.0
2 info using node@v26.3.1
3 silly config load:file:/data/data/com.termux/files/usr/lib/node_modules/npm/npmrc
4 silly config load:file:/data/data/com.termux/files/home/.npm/_cacache/tmp/git-cloneuAR3LB/.npmrc
5 silly config load:file:/data/data/com.termux/files/home/.npmrc
6 silly config load:file:/data/data/com.termux/files/usr/etc/npmrc
7 verbose title npm install
8 verbose argv "install" "--force" "--cache" "/data/data/com.termux/files/home/.npm" "--prefer-offline" "false" "--prefer-online" "false" "--offline" "false" "--no-progress" "--no-save" "--no-audit" "--include" "dev" "--include" "peer" "--include" "optional" "--no-package-lock-only" "--no-dry-run"
9 verbose logfile logs-max:10 dir:/data/data/com.termux/files/home/.npm/_logs/2026-09-28T10_46_52_023Z-
10 verbose logfile /data/data/com.termux/files/home/.npm/_logs/2026-09-28T10_46_52_023Z-debug-0.log
11 warn using --force Recommended protections disabled.
12 silly logfile done cleaning log files
13 silly packumentCache heap:1047265280 maxSize:261816320 maxEntrySize:130908160
14 silly idealTree buildDeps
15 silly fetch manifest @adiwajshing/keyed-db@^0.2.4
16 silly packumentCache full:https://registry.npmjs.org/@adiwajshing%2fkeyed-db cache-miss
17 http fetch GET 200 https://registry.npmjs.org/@adiwajshing%2fkeyed-db 1047ms (cache miss)
18 silly packumentCache full:https://registry.npmjs.org/@adiwajshing%2fkeyed-db set size:undefined disposed:false
19 silly fetch manifest @cacheable/node-cache@^1.4.0
20 silly packumentCache full:https://registry.npmjs.org/@cacheable%2fnode-cache cache-miss
21 http fetch GET 200 https://registry.npmjs.org/@cacheable%2fnode-cache 740ms (cache miss)
22 silly packumentCache full:https://registry.npmjs.org/@cacheable%2fnode-cache set size:undefined disposed:false
23 silly fetch manifest @hapi/boom@^9.1.3
24 silly packumentCache full:https://registry.npmjs.org/@hapi%2fboom cache-miss
25 http fetch GET 200 https://registry.npmjs.org/@hapi%2fboom 235ms (cache miss)
26 silly packumentCache full:https://registry.npmjs.org/@hapi%2fboom set size:undefined disposed:false
27 silly fetch manifest async-mutex@^0.5.0
28 silly packumentCache full:https://registry.npmjs.org/async-mutex cache-miss
29 http fetch GET 200 https://registry.npmjs.org/async-mutex 122ms (cache miss)
30 silly packumentCache full:https://registry.npmjs.org/async-mutex set size:undefined disposed:false
31 silly fetch manifest axios@^1.6.0
32 silly packumentCache full:https://registry.npmjs.org/axios cache-miss
33 http fetch GET 200 https://registry.npmjs.org/axios 235ms (cache miss)
34 silly packumentCache full:https://registry.npmjs.org/axios set size:undefined disposed:false
35 silly fetch manifest cache-manager@^5.7.6
36 silly packumentCache full:https://registry.npmjs.org/cache-manager cache-miss
37 http fetch GET 200 https://registry.npmjs.org/cache-manager 157ms (cache miss)
38 silly packumentCache full:https://registry.npmjs.org/cache-manager set size:undefined disposed:false
39 silly fetch manifest cheerio@^1.0.0-rc.10
40 silly packumentCache full:https://registry.npmjs.org/cheerio cache-miss
41 http fetch GET 200 https://registry.npmjs.org/cheerio 122ms (cache miss)
42 silly packumentCache full:https://registry.npmjs.org/cheerio set size:undefined disposed:false
43 silly fetch manifest libphonenumber-js@^1.10.20
44 silly packumentCache full:https://registry.npmjs.org/libphonenumber-js cache-miss
45 http fetch GET 200 https://registry.npmjs.org/libphonenumber-js 332ms (cache miss)
46 silly packumentCache full:https://registry.npmjs.org/libphonenumber-js set size:undefined disposed:false
47 silly fetch manifest libsignal@github:nstar-y/libsignal
48 silly fetch manifest lodash@^4.17.21
49 silly packumentCache full:https://registry.npmjs.org/lodash cache-miss
50 http fetch GET 200 https://registry.npmjs.org/lodash 99ms (cache miss)
51 silly packumentCache full:https://registry.npmjs.org/lodash set size:undefined disposed:false
52 silly fetch manifest music-metadata@^7.12.3
53 silly packumentCache full:https://registry.npmjs.org/music-metadata cache-miss
54 http fetch GET 200 https://registry.npmjs.org/music-metadata 184ms (cache miss)
55 silly packumentCache full:https://registry.npmjs.org/music-metadata set size:undefined disposed:false
56 silly fetch manifest pino@^9.6
57 silly packumentCache full:https://registry.npmjs.org/pino cache-miss
58 http fetch GET 200 https://registry.npmjs.org/pino 154ms (cache miss)
59 silly packumentCache full:https://registry.npmjs.org/pino set size:undefined disposed:false
60 silly fetch manifest protobufjs@^6.11.3
61 silly packumentCache full:https://registry.npmjs.org/protobufjs cache-miss
62 http fetch GET 200 https://registry.npmjs.org/protobufjs 146ms (cache miss)
63 silly packumentCache full:https://registry.npmjs.org/protobufjs set size:undefined disposed:false
64 silly fetch manifest uuid@^10.0.0
65 silly packumentCache full:https://registry.npmjs.org/uuid cache-miss
66 http fetch GET 200 https://registry.npmjs.org/uuid 120ms (cache miss)
67 silly packumentCache full:https://registry.npmjs.org/uuid set size:undefined disposed:false
68 silly fetch manifest ws@^8.13.0
69 silly packumentCache full:https://registry.npmjs.org/ws cache-miss
70 http fetch GET 200 https://registry.npmjs.org/ws 173ms (cache miss)
71 silly packumentCache full:https://registry.npmjs.org/ws set size:undefined disposed:false
72 silly fetch manifest bufferutil@^4.0.1
73 silly packumentCache full:https://registry.npmjs.org/bufferutil cache-miss
74 http fetch GET 200 https://registry.npmjs.org/bufferutil 80ms (cache miss)
75 silly packumentCache full:https://registry.npmjs.org/bufferutil set size:undefined disposed:false
76 silly fetch manifest utf-8-validate@>=5.0.2
77 silly packumentCache full:https://registry.npmjs.org/utf-8-validate cache-miss
78 http fetch GET 200 https://registry.npmjs.org/utf-8-validate 79ms (cache miss)
79 silly packumentCache full:https://registry.npmjs.org/utf-8-validate set size:undefined disposed:false
80 silly fetch manifest @adiwajshing/eslint-config@github:adiwajshing/eslint-config
81 silly fetch manifest oxlint@*
82 silly packumentCache full:https://registry.npmjs.org/oxlint cache-miss
83 http fetch GET 200 https://registry.npmjs.org/oxlint 138ms (cache miss)
84 silly packumentCache full:https://registry.npmjs.org/oxlint set size:undefined disposed:false
85 silly fetch manifest oxlint-tsgolint@>=7.0.2003
86 silly packumentCache full:https://registry.npmjs.org/oxlint-tsgolint cache-miss
87 http fetch GET 200 https://registry.npmjs.org/oxlint-tsgolint 99ms (cache miss)
88 silly packumentCache full:https://registry.npmjs.org/oxlint-tsgolint set size:undefined disposed:false
89 silly fetch manifest vite-plus@*
90 silly packumentCache full:https://registry.npmjs.org/vite-plus cache-miss
91 http fetch GET 200 https://registry.npmjs.org/vite-plus 152ms (cache miss)
92 silly packumentCache full:https://registry.npmjs.org/vite-plus set size:undefined disposed:false
93 silly fetch manifest @vitest/browser-playwright@5.0.1
94 silly packumentCache full:https://registry.npmjs.org/@vitest%2fbrowser-playwright cache-miss
95 http fetch GET 200 https://registry.npmjs.org/@vitest%2fbrowser-playwright 121ms (cache miss)
96 silly packumentCache full:https://registry.npmjs.org/@vitest%2fbrowser-playwright set size:undefined disposed:false
97 silly fetch manifest playwright@*
98 silly packumentCache full:https://registry.npmjs.org/playwright cache-miss
99 http fetch GET 200 https://registry.npmjs.org/playwright 2072ms (cache miss)
100 silly packumentCache full:https://registry.npmjs.org/playwright set size:undefined disposed:false
101 silly fetch manifest vitest@5.0.1
102 silly packumentCache full:https://registry.npmjs.org/vitest cache-miss
103 http fetch GET 200 https://registry.npmjs.org/vitest 256ms (cache miss)
104 silly packumentCache full:https://registry.npmjs.org/vitest set size:undefined disposed:false
105 silly fetch manifest @edge-runtime/vm@*
106 silly packumentCache full:https://registry.npmjs.org/@edge-runtime%2fvm cache-miss
107 http fetch GET 200 https://registry.npmjs.org/@edge-runtime%2fvm 353ms (cache miss)
108 silly packumentCache full:https://registry.npmjs.org/@edge-runtime%2fvm set size:undefined disposed:false
109 silly fetch manifest @opentelemetry/api@^1.9.0
110 silly packumentCache full:https://registry.npmjs.org/@opentelemetry%2fapi cache-miss
111 http fetch GET 200 https://registry.npmjs.org/@opentelemetry%2fapi 123ms (cache miss)
112 silly packumentCache full:https://registry.npmjs.org/@opentelemetry%2fapi set size:undefined disposed:false
113 silly fetch manifest @types/node@^16.0.0
114 silly packumentCache full:https://registry.npmjs.org/@types%2fnode cache-miss
115 http fetch GET 200 https://registry.npmjs.org/@types%2fnode 700ms (cache miss)
116 silly packumentCache full:https://registry.npmjs.org/@types%2fnode set size:undefined disposed:false
117 silly fetch manifest @types/node@^22.0.0 || >=24.0.0
118 silly packumentCache full:https://registry.npmjs.org/@types%2fnode cache-miss
119 http cache https://registry.npmjs.org/@types%2fnode 97ms (cache hit)
120 silly packumentCache full:https://registry.npmjs.org/@types%2fnode set size:11157642 disposed:false
121 silly fetch manifest @vitest/browser-preview@5.0.1
122 silly packumentCache full:https://registry.npmjs.org/@vitest%2fbrowser-preview cache-miss
123 http fetch GET 200 https://registry.npmjs.org/@vitest%2fbrowser-preview 102ms (cache miss)
124 silly packumentCache full:https://registry.npmjs.org/@vitest%2fbrowser-preview set size:undefined disposed:false
125 silly fetch manifest @vitest/browser-webdriverio@^5.0.0-beta.5 || >=5.0.0
126 silly packumentCache full:https://registry.npmjs.org/@vitest%2fbrowser-webdriverio cache-miss
127 http fetch GET 200 https://registry.npmjs.org/@vitest%2fbrowser-webdriverio 114ms (cache miss)
128 silly packumentCache full:https://registry.npmjs.org/@vitest%2fbrowser-webdriverio set size:undefined disposed:false
129 silly fetch manifest webdriverio@*
130 silly packumentCache full:https://registry.npmjs.org/webdriverio cache-miss
131 http fetch GET 200 https://registry.npmjs.org/webdriverio 598ms (cache miss)
132 silly packumentCache full:https://registry.npmjs.org/webdriverio set size:undefined disposed:false
133 silly fetch manifest puppeteer-core@>=22.x <=24.x
134 silly packumentCache full:https://registry.npmjs.org/puppeteer-core cache-miss
135 http fetch GET 200 https://registry.npmjs.org/puppeteer-core 208ms (cache miss)
136 silly packumentCache full:https://registry.npmjs.org/puppeteer-core set size:undefined disposed:false
137 silly fetch manifest @vitest/coverage-istanbul@5.0.1
138 silly packumentCache full:https://registry.npmjs.org/@vitest%2fcoverage-istanbul cache-miss
139 http fetch GET 200 https://registry.npmjs.org/@vitest%2fcoverage-istanbul 133ms (cache miss)
140 silly packumentCache full:https://registry.npmjs.org/@vitest%2fcoverage-istanbul set size:undefined disposed:false
141 silly fetch manifest @vitest/coverage-v8@5.0.1
142 silly packumentCache full:https://registry.npmjs.org/@vitest%2fcoverage-v8 cache-miss
143 http fetch GET 200 https://registry.npmjs.org/@vitest%2fcoverage-v8 104ms (cache miss)
144 silly packumentCache full:https://registry.npmjs.org/@vitest%2fcoverage-v8 set size:undefined disposed:false
145 silly fetch manifest @vitest/browser@5.0.1
146 silly packumentCache full:https://registry.npmjs.org/@vitest%2fbrowser cache-miss
147 http fetch GET 200 https://registry.npmjs.org/@vitest%2fbrowser 156ms (cache miss)
148 silly packumentCache full:https://registry.npmjs.org/@vitest%2fbrowser set size:undefined disposed:false
149 silly fetch manifest @vitest/ui@5.0.1
150 silly packumentCache full:https://registry.npmjs.org/@vitest%2fui cache-miss
151 http fetch GET 200 https://registry.npmjs.org/@vitest%2fui 208ms (cache miss)
152 silly packumentCache full:https://registry.npmjs.org/@vitest%2fui set size:undefined disposed:false
153 silly fetch manifest happy-dom@*
154 silly packumentCache full:https://registry.npmjs.org/happy-dom cache-miss
155 http fetch GET 200 https://registry.npmjs.org/happy-dom 289ms (cache miss)
156 silly packumentCache full:https://registry.npmjs.org/happy-dom set size:undefined disposed:false
157 silly fetch manifest jsdom@*
158 silly packumentCache full:https://registry.npmjs.org/jsdom cache-miss
159 http fetch GET 200 https://registry.npmjs.org/jsdom 139ms (cache miss)
160 silly packumentCache full:https://registry.npmjs.org/jsdom set size:undefined disposed:false
161 silly fetch manifest canvas@^3.2.3
162 silly packumentCache full:https://registry.npmjs.org/canvas cache-miss
163 http fetch GET 200 https://registry.npmjs.org/canvas 100ms (cache miss)
164 silly packumentCache full:https://registry.npmjs.org/canvas set size:undefined disposed:false
165 silly fetch manifest vite@^6.4.0 || ^7.0.0 || ^8.0.0
166 silly packumentCache full:https://registry.npmjs.org/vite cache-miss
167 http fetch GET 200 https://registry.npmjs.org/vite 3147ms (cache miss)
168 silly packumentCache full:https://registry.npmjs.org/vite set size:undefined disposed:false
169 silly fetch manifest @types/node@^20.19.0 || >=22.12.0
170 silly packumentCache full:https://registry.npmjs.org/@types%2fnode cache-miss
171 http cache https://registry.npmjs.org/@types%2fnode 155ms (cache hit)
172 silly packumentCache full:https://registry.npmjs.org/@types%2fnode set size:11157642 disposed:false
173 silly fetch manifest @vitejs/devtools@^0.7.1
174 silly packumentCache full:https://registry.npmjs.org/@vitejs%2fdevtools cache-miss
175 http fetch GET 200 https://registry.npmjs.org/@vitejs%2fdevtools 97ms (cache miss)
176 silly packumentCache full:https://registry.npmjs.org/@vitejs%2fdevtools set size:undefined disposed:false
177 silly fetch manifest @vitejs/devtools-oxc@^0.7.6
178 silly packumentCache full:https://registry.npmjs.org/@vitejs%2fdevtools-oxc cache-miss
179 http fetch GET 200 https://registry.npmjs.org/@vitejs%2fdevtools-oxc 89ms (cache miss)
180 silly packumentCache full:https://registry.npmjs.org/@vitejs%2fdevtools-oxc set size:undefined disposed:false
181 silly fetch manifest @vitejs/devtools-rolldown@^0.7.6
182 silly packumentCache full:https://registry.npmjs.org/@vitejs%2fdevtools-rolldown cache-miss
183 http fetch GET 200 https://registry.npmjs.org/@vitejs%2fdevtools-rolldown 104ms (cache miss)
184 silly packumentCache full:https://registry.npmjs.org/@vitejs%2fdevtools-rolldown set size:undefined disposed:false
185 silly fetch manifest @vitejs/devtools-vite@^0.7.6
186 silly packumentCache full:https://registry.npmjs.org/@vitejs%2fdevtools-vite cache-miss
187 http fetch GET 200 https://registry.npmjs.org/@vitejs%2fdevtools-vite 92ms (cache miss)
188 silly packumentCache full:https://registry.npmjs.org/@vitejs%2fdevtools-vite set size:undefined disposed:false
189 silly fetch manifest @vitejs/devtools-vitest@^0.7.6
190 silly packumentCache full:https://registry.npmjs.org/@vitejs%2fdevtools-vitest cache-miss
191 http fetch GET 200 https://registry.npmjs.org/@vitejs%2fdevtools-vitest 85ms (cache miss)
192 silly packumentCache full:https://registry.npmjs.org/@vitejs%2fdevtools-vitest set size:undefined disposed:false
193 silly fetch manifest esbuild@^0.27.0 || ^0.28.0
194 silly packumentCache full:https://registry.npmjs.org/esbuild cache-miss
195 http fetch GET 200 https://registry.npmjs.org/esbuild 235ms (cache miss)
196 silly packumentCache full:https://registry.npmjs.org/esbuild set size:undefined disposed:false
197 silly fetch manifest jiti@>=1.21.0
198 silly packumentCache full:https://registry.npmjs.org/jiti cache-miss
199 http fetch GET 200 https://registry.npmjs.org/jiti 127ms (cache miss)
200 silly packumentCache full:https://registry.npmjs.org/jiti set size:undefined disposed:false
201 silly fetch manifest less@^4.0.0
202 silly packumentCache full:https://registry.npmjs.org/less cache-miss
203 http fetch GET 200 https://registry.npmjs.org/less 119ms (cache miss)
204 silly packumentCache full:https://registry.npmjs.org/less set size:undefined disposed:false
205 silly fetch manifest sass@^1.70.0
206 silly packumentCache full:https://registry.npmjs.org/sass cache-miss
207 http fetch GET 200 https://registry.npmjs.org/sass 165ms (cache miss)
208 silly packumentCache full:https://registry.npmjs.org/sass set size:undefined disposed:false
209 silly fetch manifest sass-embedded@^1.70.0
210 silly packumentCache full:https://registry.npmjs.org/sass-embedded cache-miss
211 http fetch GET 200 https://registry.npmjs.org/sass-embedded 119ms (cache miss)
212 silly packumentCache full:https://registry.npmjs.org/sass-embedded set size:undefined disposed:false
213 silly fetch manifest stylus@>=0.54.8
214 silly packumentCache full:https://registry.npmjs.org/stylus cache-miss
215 http fetch GET 200 https://registry.npmjs.org/stylus 97ms (cache miss)
216 silly packumentCache full:https://registry.npmjs.org/stylus set size:undefined disposed:false
217 silly fetch manifest sugarss@^5.0.0
218 silly packumentCache full:https://registry.npmjs.org/sugarss cache-miss
219 http fetch GET 200 https://registry.npmjs.org/sugarss 95ms (cache miss)
220 silly packumentCache full:https://registry.npmjs.org/sugarss set size:undefined disposed:false
221 silly fetch manifest postcss@^8.3.3
222 silly packumentCache full:https://registry.npmjs.org/postcss cache-miss
223 http fetch GET 200 https://registry.npmjs.org/postcss 168ms (cache miss)
224 silly packumentCache full:https://registry.npmjs.org/postcss set size:undefined disposed:false
225 silly fetch manifest terser@^5.16.0
226 silly packumentCache full:https://registry.npmjs.org/terser cache-miss
227 http fetch GET 200 https://registry.npmjs.org/terser 145ms (cache miss)
228 silly packumentCache full:https://registry.npmjs.org/terser set size:undefined disposed:false
229 silly fetch manifest tsx@^4.8.1
230 silly packumentCache full:https://registry.npmjs.org/tsx cache-miss
231 http fetch GET 200 https://registry.npmjs.org/tsx 101ms (cache miss)
232 silly packumentCache full:https://registry.npmjs.org/tsx set size:undefined disposed:false
233 silly fetch manifest yaml@^2.4.2
234 silly packumentCache full:https://registry.npmjs.org/yaml cache-miss
235 http fetch GET 200 https://registry.npmjs.org/yaml 130ms (cache miss)
236 silly packumentCache full:https://registry.npmjs.org/yaml set size:undefined disposed:false
237 silly fetch manifest @types/got@^9.6.11
238 silly packumentCache full:https://registry.npmjs.org/@types%2fgot cache-miss
239 http fetch GET 200 https://registry.npmjs.org/@types%2fgot 538ms (cache miss)
240 silly packumentCache full:https://registry.npmjs.org/@types%2fgot set size:undefined disposed:false
241 silly fetch manifest @types/jest@^27.5.1
242 silly packumentCache full:https://registry.npmjs.org/@types%2fjest cache-miss
243 http fetch GET 200 https://registry.npmjs.org/@types%2fjest 150ms (cache miss)
244 silly packumentCache full:https://registry.npmjs.org/@types%2fjest set size:undefined disposed:false
245 silly fetch manifest @types/sharp@^0.29.4
246 silly packumentCache full:https://registry.npmjs.org/@types%2fsharp cache-miss
247 http fetch GET 200 https://registry.npmjs.org/@types%2fsharp 529ms (cache miss)
248 silly packumentCache full:https://registry.npmjs.org/@types%2fsharp set size:undefined disposed:false
249 silly fetch manifest @types/ws@^8.0.0
250 silly packumentCache full:https://registry.npmjs.org/@types%2fws cache-miss
251 http fetch GET 200 https://registry.npmjs.org/@types%2fws 125ms (cache miss)
252 silly packumentCache full:https://registry.npmjs.org/@types%2fws set size:undefined disposed:false
253 silly fetch manifest conventional-changelog-cli@^2.2.2
254 silly packumentCache full:https://registry.npmjs.org/conventional-changelog-cli cache-miss
255 http fetch GET 200 https://registry.npmjs.org/conventional-changelog-cli 339ms (cache miss)
256 silly packumentCache full:https://registry.npmjs.org/conventional-changelog-cli set size:undefined disposed:false
257 silly fetch manifest eslint@^8.0.0
258 silly packumentCache full:https://registry.npmjs.org/eslint cache-miss
259 http fetch GET 200 https://registry.npmjs.org/eslint 187ms (cache miss)
260 silly packumentCache full:https://registry.npmjs.org/eslint set size:undefined disposed:false
261 silly fetch manifest jest@^27.0.6
262 silly packumentCache full:https://registry.npmjs.org/jest cache-miss
263 http fetch GET 200 https://registry.npmjs.org/jest 181ms (cache miss)
264 silly packumentCache full:https://registry.npmjs.org/jest set size:undefined disposed:false
265 silly fetch manifest node-notifier@^8.0.1 || ^9.0.0 || ^10.0.0
266 silly packumentCache full:https://registry.npmjs.org/node-notifier cache-miss
267 http fetch GET 200 https://registry.npmjs.org/node-notifier 91ms (cache miss)
268 silly packumentCache full:https://registry.npmjs.org/node-notifier set size:undefined disposed:false
269 silly fetch manifest jimp@^0.16.1
270 silly packumentCache full:https://registry.npmjs.org/jimp cache-miss
271 http fetch GET 200 https://registry.npmjs.org/jimp 171ms (cache miss)
272 silly packumentCache full:https://registry.npmjs.org/jimp set size:undefined disposed:false
273 silly fetch manifest json@^11.0.0
274 silly packumentCache full:https://registry.npmjs.org/json cache-miss
275 http fetch GET 200 https://registry.npmjs.org/json 310ms (cache miss)
276 silly packumentCache full:https://registry.npmjs.org/json set size:undefined disposed:false
277 silly fetch manifest link-preview-js@^3.0.0
278 silly packumentCache full:https://registry.npmjs.org/link-preview-js cache-miss
279 http fetch GET 200 https://registry.npmjs.org/link-preview-js 341ms (cache miss)
280 silly packumentCache full:https://registry.npmjs.org/link-preview-js set size:undefined disposed:false
281 silly fetch manifest open@^8.4.2
282 silly packumentCache full:https://registry.npmjs.org/open cache-miss
283 http fetch GET 200 https://registry.npmjs.org/open 100ms (cache miss)
284 silly packumentCache full:https://registry.npmjs.org/open set size:undefined disposed:false
285 silly fetch manifest qrcode-terminal@^0.12.0
286 silly packumentCache full:https://registry.npmjs.org/qrcode-terminal cache-miss
287 http fetch GET 200 https://registry.npmjs.org/qrcode-terminal 73ms (cache miss)
288 silly packumentCache full:https://registry.npmjs.org/qrcode-terminal set size:undefined disposed:false
289 silly fetch manifest release-it@^15.10.3
290 silly packumentCache full:https://registry.npmjs.org/release-it cache-miss
291 http fetch GET 200 https://registry.npmjs.org/release-it 253ms (cache miss)
292 silly packumentCache full:https://registry.npmjs.org/release-it set size:undefined disposed:false
293 silly fetch manifest sharp@^0.34.1
294 silly packumentCache full:https://registry.npmjs.org/sharp cache-miss
295 http fetch GET 200 https://registry.npmjs.org/sharp 153ms (cache miss)
296 silly packumentCache full:https://registry.npmjs.org/sharp set size:undefined disposed:false
297 silly fetch manifest ts-jest@^27.0.3
298 silly packumentCache full:https://registry.npmjs.org/ts-jest cache-miss
299 http fetch GET 200 https://registry.npmjs.org/ts-jest 180ms (cache miss)
300 silly packumentCache full:https://registry.npmjs.org/ts-jest set size:undefined disposed:false
301 silly fetch manifest @babel/core@>=7.0.0-beta.0 <8
302 silly packumentCache full:https://registry.npmjs.org/@babel%2fcore cache-miss
303 http fetch GET 200 https://registry.npmjs.org/@babel%2fcore 157ms (cache miss)
304 silly packumentCache full:https://registry.npmjs.org/@babel%2fcore set size:undefined disposed:false
305 silly fetch manifest babel-jest@>=27.0.0 <28
306 silly packumentCache full:https://registry.npmjs.org/babel-jest cache-miss
307 http fetch GET 200 https://registry.npmjs.org/babel-jest 221ms (cache miss)
308 silly packumentCache full:https://registry.npmjs.org/babel-jest set size:undefined disposed:false
309 silly fetch manifest typescript@^5.8.2
310 silly packumentCache full:https://registry.npmjs.org/typescript cache-miss
311 http fetch GET 200 https://registry.npmjs.org/typescript 1334ms (cache miss)
312 silly packumentCache full:https://registry.npmjs.org/typescript set size:undefined disposed:false
313 silly fetch manifest typescript@>=3.8 <5.0
314 silly packumentCache full:https://registry.npmjs.org/typescript cache-miss
315 http cache https://registry.npmjs.org/typescript 104ms (cache hit)
316 silly packumentCache full:https://registry.npmjs.org/typescript set size:15727452 disposed:false
317 silly fetch manifest ts-node@^10.8.1
318 silly packumentCache full:https://registry.npmjs.org/ts-node cache-miss
319 http fetch GET 200 https://registry.npmjs.org/ts-node 155ms (cache miss)
320 silly packumentCache full:https://registry.npmjs.org/ts-node set size:undefined disposed:false
321 silly fetch manifest @swc/core@>=1.2.50
322 silly packumentCache full:https://registry.npmjs.org/@swc%2fcore cache-miss
323 http fetch GET 200 https://registry.npmjs.org/@swc%2fcore 387ms (cache miss)
324 silly packumentCache full:https://registry.npmjs.org/@swc%2fcore set size:undefined disposed:false
325 silly fetch manifest @swc/helpers@>=0.5.17
326 silly packumentCache full:https://registry.npmjs.org/@swc%2fhelpers cache-miss
327 http fetch GET 200 https://registry.npmjs.org/@swc%2fhelpers 164ms (cache miss)
328 silly packumentCache full:https://registry.npmjs.org/@swc%2fhelpers set size:undefined disposed:false
329 silly fetch manifest @swc/wasm@>=1.2.50
330 silly packumentCache full:https://registry.npmjs.org/@swc%2fwasm cache-miss
331 http fetch GET 200 https://registry.npmjs.org/@swc%2fwasm 396ms (cache miss)
332 silly packumentCache full:https://registry.npmjs.org/@swc%2fwasm set size:undefined disposed:false
333 silly fetch manifest typedoc@^0.27.9
334 silly packumentCache full:https://registry.npmjs.org/typedoc cache-miss
335 http fetch GET 200 https://registry.npmjs.org/typedoc 200ms (cache miss)
336 silly packumentCache full:https://registry.npmjs.org/typedoc set size:undefined disposed:false
337 silly fetch manifest typescript@5.0.x || 5.1.x || 5.2.x || 5.3.x || 5.4.x || 5.5.x || 5.6.x || 5.7.x || 5.8.x
338 silly packumentCache full:https://registry.npmjs.org/typescript cache-miss
339 http cache https://registry.npmjs.org/typescript 90ms (cache hit)
340 silly packumentCache full:https://registry.npmjs.org/typescript set size:15727452 disposed:false
341 silly placeDep ROOT @adiwajshing/eslint-config@3.0.0 OK for: baileys-mod@6.8.5 want: github:adiwajshing/eslint-config
342 silly placeDep ROOT oxlint@1.86.0 OK for: @adiwajshing/oxlint-config@3.0.0 want: *
343 silly placeDep ROOT oxlint-tsgolint@7.0.2003 OK for: @adiwajshing/oxlint-config@3.0.0 want: *
344 silly placeDep ROOT @adiwajshing/keyed-db@0.2.4 OK for: baileys-mod@6.8.5 want: ^0.2.4
345 silly placeDep ROOT @cacheable/node-cache@1.7.6 OK for: baileys-mod@6.8.5 want: ^1.4.0
346 silly placeDep ROOT @hapi/boom@9.1.4 OK for: baileys-mod@6.8.5 want: ^9.1.3
347 silly placeDep ROOT @types/got@9.6.12 OK for: baileys-mod@6.8.5 want: ^9.6.11
348 silly placeDep ROOT @types/jest@27.5.2 OK for: baileys-mod@6.8.5 want: ^27.5.1
349 silly placeDep ROOT @types/node@16.18.126 OK for: baileys-mod@6.8.5 want: ^16.0.0
350 silly placeDep ROOT @types/sharp@0.29.5 OK for: baileys-mod@6.8.5 want: ^0.29.4
351 silly placeDep ROOT @types/ws@8.18.1 OK for: baileys-mod@6.8.5 want: ^8.0.0
352 silly placeDep ROOT async-mutex@0.5.0 OK for: baileys-mod@6.8.5 want: ^0.5.0
353 silly placeDep ROOT axios@1.20.0 OK for: baileys-mod@6.8.5 want: ^1.6.0
354 silly placeDep ROOT cache-manager@5.7.6 OK for: baileys-mod@6.8.5 want: ^5.7.6
355 silly placeDep ROOT cheerio@1.2.0 OK for: baileys-mod@6.8.5 want: ^1.0.0-rc.10
356 silly placeDep ROOT conventional-changelog-cli@2.2.2 OK for: baileys-mod@6.8.5 want: ^2.2.2
357 silly placeDep ROOT eslint@8.57.1 OK for: baileys-mod@6.8.5 want: ^8.0.0
358 silly placeDep ROOT jest@27.5.1 OK for: baileys-mod@6.8.5 want: ^27.0.6
359 silly placeDep ROOT jimp@0.16.13 OK for: baileys-mod@6.8.5 want: ^0.16.1
360 silly placeDep ROOT json@11.0.0 OK for: baileys-mod@6.8.5 want: ^11.0.0
361 silly placeDep ROOT libphonenumber-js@1.13.14 OK for: baileys-mod@6.8.5 want: ^1.10.20
362 silly placeDep ROOT libsignal@2.0.1 OK for: baileys-mod@6.8.5 want: github:nstar-y/libsignal
363 silly placeDep ROOT link-preview-js@3.2.0 OK for: baileys-mod@6.8.5 want: ^3.0.0
364 silly placeDep ROOT lodash@4.18.1 OK for: baileys-mod@6.8.5 want: ^4.17.21
365 silly placeDep ROOT music-metadata@7.14.0 OK for: baileys-mod@6.8.5 want: ^7.12.3
366 silly placeDep ROOT open@8.4.2 OK for: baileys-mod@6.8.5 want: ^8.4.2
367 silly placeDep ROOT pino@9.14.0 OK for: baileys-mod@6.8.5 want: ^9.6
368 silly placeDep ROOT protobufjs@6.11.6 OK for: baileys-mod@6.8.5 want: ^6.11.3
369 silly placeDep ROOT qrcode-terminal@0.12.0 OK for: baileys-mod@6.8.5 want: ^0.12.0
370 silly placeDep ROOT release-it@15.11.0 OK for: baileys-mod@6.8.5 want: ^15.10.3
371 silly placeDep ROOT sharp@0.34.5 OK for: baileys-mod@6.8.5 want: ^0.34.1
372 silly placeDep ROOT ts-jest@27.1.5 OK for: baileys-mod@6.8.5 want: ^27.0.3
373 silly placeDep ROOT ts-node@10.9.2 OK for: baileys-mod@6.8.5 want: ^10.8.1
374 silly placeDep ROOT typescript@5.9.3 OK for: ts-node@10.9.2 want: >=2.7
375 silly placeDep ROOT typedoc@0.27.9 CONFLICT for: baileys-mod@6.8.5 want: ^0.27.9
376 warn ERESOLVE overriding peer dependency {
376 warn ERESOLVE   code: 'ERESOLVE',
376 warn ERESOLVE   edge: {
376 warn ERESOLVE     type: 'peer',
376 warn ERESOLVE     name: 'typescript',
376 warn ERESOLVE     spec: '5.0.x || 5.1.x || 5.2.x || 5.3.x || 5.4.x || 5.5.x || 5.6.x || 5.7.x || 5.8.x',
376 warn ERESOLVE     error: 'INVALID',
376 warn ERESOLVE     from: {
376 warn ERESOLVE       name: 'typedoc',
376 warn ERESOLVE       version: '0.27.9',
376 warn ERESOLVE       location: 'node_modules/typedoc',
376 warn ERESOLVE       isWorkspace: false,
376 warn ERESOLVE       dependents: [Array]
376 warn ERESOLVE     }
376 warn ERESOLVE   },
376 warn ERESOLVE   dep: {
376 warn ERESOLVE     name: 'typescript',
376 warn ERESOLVE     version: '5.8.3',
376 warn ERESOLVE     whileInstalling: {
376 warn ERESOLVE       name: 'baileys-mod',
376 warn ERESOLVE       version: '6.8.5',
376 warn ERESOLVE       path: '/data/data/com.termux/files/home/.npm/_cacache/tmp/git-cloneuAR3LB'
376 warn ERESOLVE     },
376 warn ERESOLVE     location: 'node_modules/typescript',
376 warn ERESOLVE     isWorkspace: false,
376 warn ERESOLVE     dependents: [ [Object] ]
376 warn ERESOLVE   },
376 warn ERESOLVE   force: true,
376 warn ERESOLVE   isMine: true,
376 warn ERESOLVE   strictPeerDeps: false,
376 warn ERESOLVE   current: {
376 warn ERESOLVE     name: 'typescript',
376 warn ERESOLVE     version: '5.9.3',
376 warn ERESOLVE     location: 'node_modules/typescript',
376 warn ERESOLVE     isWorkspace: false,
376 warn ERESOLVE     dependents: [ [Object] ]
376 warn ERESOLVE   },
376 warn ERESOLVE   peerConflict: {
376 warn ERESOLVE     name: 'typescript',
376 warn ERESOLVE     version: '5.9.3',
376 warn ERESOLVE     location: 'node_modules/typescript',
376 warn ERESOLVE     isWorkspace: false,
376 warn ERESOLVE     dependents: [ [Object] ]
376 warn ERESOLVE   }
376 warn ERESOLVE }
377 silly placeDep ROOT uuid@10.0.0 OK for: baileys-mod@6.8.5 want: ^10.0.0
378 silly placeDep ROOT ws@8.22.0 OK for: baileys-mod@6.8.5 want: ^8.13.0
379 silly fetch manifest @stylistic/eslint-plugin@^5.10.0
380 silly packumentCache full:https://registry.npmjs.org/@stylistic%2feslint-plugin cache-miss
381 silly fetch manifest eslint-plugin-simple-import-sort@^14.0.0
382 silly packumentCache full:https://registry.npmjs.org/eslint-plugin-simple-import-sort cache-miss
383 silly fetch manifest @oxlint-tsgolint/linux-x64@7.0.2003
384 silly packumentCache full:https://registry.npmjs.org/@oxlint-tsgolint%2flinux-x64 cache-miss
385 silly fetch manifest @oxlint-tsgolint/win32-x64@7.0.2003
386 silly packumentCache full:https://registry.npmjs.org/@oxlint-tsgolint%2fwin32-x64 cache-miss
387 silly fetch manifest @oxlint-tsgolint/darwin-x64@7.0.2003
388 silly packumentCache full:https://registry.npmjs.org/@oxlint-tsgolint%2fdarwin-x64 cache-miss
389 silly fetch manifest @oxlint-tsgolint/linux-arm64@7.0.2003
390 silly packumentCache full:https://registry.npmjs.org/@oxlint-tsgolint%2flinux-arm64 cache-miss
391 http fetch GET 200 https://registry.npmjs.org/@stylistic%2feslint-plugin 193ms (cache miss)
392 silly packumentCache full:https://registry.npmjs.org/@stylistic%2feslint-plugin set size:undefined disposed:false
393 silly fetch manifest @oxlint-tsgolint/win32-arm64@7.0.2003
394 silly packumentCache full:https://registry.npmjs.org/@oxlint-tsgolint%2fwin32-arm64 cache-miss
395 http fetch GET 200 https://registry.npmjs.org/eslint-plugin-simple-import-sort 417ms (cache miss)
396 silly packumentCache full:https://registry.npmjs.org/eslint-plugin-simple-import-sort set size:undefined disposed:false
397 silly fetch manifest @oxlint-tsgolint/darwin-arm64@7.0.2003
398 silly packumentCache full:https://registry.npmjs.org/@oxlint-tsgolint%2fdarwin-arm64 cache-miss
399 http fetch GET 200 https://registry.npmjs.org/@oxlint-tsgolint%2fwin32-arm64 768ms (cache miss)
400 silly packumentCache full:https://registry.npmjs.org/@oxlint-tsgolint%2fwin32-arm64 set size:undefined disposed:false
401 silly fetch manifest @oxlint/binding-darwin-x64@1.86.0
402 silly packumentCache full:https://registry.npmjs.org/@oxlint%2fbinding-darwin-x64 cache-miss
403 http fetch GET 200 https://registry.npmjs.org/@oxlint-tsgolint%2fdarwin-x64 1019ms (cache miss)
404 silly packumentCache full:https://registry.npmjs.org/@oxlint-tsgolint%2fdarwin-x64 set size:undefined disposed:false
405 silly fetch manifest @oxlint/binding-freebsd-x64@1.86.0
406 silly packumentCache full:https://registry.npmjs.org/@oxlint%2fbinding-freebsd-x64 cache-miss
407 http fetch GET 200 https://registry.npmjs.org/@oxlint-tsgolint%2fwin32-x64 1030ms (cache miss)
408 silly packumentCache full:https://registry.npmjs.org/@oxlint-tsgolint%2fwin32-x64 set size:undefined disposed:false
409 silly fetch manifest @oxlint/binding-darwin-arm64@1.86.0
410 silly packumentCache full:https://registry.npmjs.org/@oxlint%2fbinding-darwin-arm64 cache-miss
411 http fetch GET 200 https://registry.npmjs.org/@oxlint-tsgolint%2flinux-x64 1059ms (cache miss)
412 silly packumentCache full:https://registry.npmjs.org/@oxlint-tsgolint%2flinux-x64 set size:undefined disposed:false
413 silly fetch manifest @oxlint/binding-android-arm64@1.86.0
414 silly packumentCache full:https://registry.npmjs.org/@oxlint%2fbinding-android-arm64 cache-miss
415 http fetch GET 200 https://registry.npmjs.org/@oxlint-tsgolint%2flinux-arm64 1063ms (cache miss)
416 silly packumentCache full:https://registry.npmjs.org/@oxlint-tsgolint%2flinux-arm64 set size:undefined disposed:false
417 silly fetch manifest @oxlint/binding-linux-x64-gnu@1.86.0
418 silly packumentCache full:https://registry.npmjs.org/@oxlint%2fbinding-linux-x64-gnu cache-miss
419 http fetch GET 200 https://registry.npmjs.org/@oxlint%2fbinding-darwin-x64 100ms (cache miss)
420 silly packumentCache full:https://registry.npmjs.org/@oxlint%2fbinding-darwin-x64 set size:undefined disposed:false
421 silly fetch manifest @oxlint/binding-linux-x64-musl@1.86.0
422 silly packumentCache full:https://registry.npmjs.org/@oxlint%2fbinding-linux-x64-musl cache-miss
423 http fetch GET 200 https://registry.npmjs.org/@oxlint%2fbinding-freebsd-x64 113ms (cache miss)
424 silly packumentCache full:https://registry.npmjs.org/@oxlint%2fbinding-freebsd-x64 set size:undefined disposed:false
425 silly fetch manifest @oxlint/binding-win32-x64-msvc@1.86.0
426 silly packumentCache full:https://registry.npmjs.org/@oxlint%2fbinding-win32-x64-msvc cache-miss
427 http fetch GET 200 https://registry.npmjs.org/@oxlint%2fbinding-darwin-arm64 112ms (cache miss)
428 silly packumentCache full:https://registry.npmjs.org/@oxlint%2fbinding-darwin-arm64 set size:undefined disposed:false
429 silly fetch manifest @oxlint/binding-linux-arm64-gnu@1.86.0
430 silly packumentCache full:https://registry.npmjs.org/@oxlint%2fbinding-linux-arm64-gnu cache-miss
431 http fetch GET 200 https://registry.npmjs.org/@oxlint-tsgolint%2fdarwin-arm64 742ms (cache miss)
432 silly packumentCache full:https://registry.npmjs.org/@oxlint-tsgolint%2fdarwin-arm64 set size:undefined disposed:false
433 silly fetch manifest @oxlint/binding-linux-ppc64-gnu@1.86.0
434 silly packumentCache full:https://registry.npmjs.org/@oxlint%2fbinding-linux-ppc64-gnu cache-miss
435 http fetch GET 200 https://registry.npmjs.org/@oxlint%2fbinding-linux-x64-musl 122ms (cache miss)
436 silly packumentCache full:https://registry.npmjs.org/@oxlint%2fbinding-linux-x64-musl set size:undefined disposed:false
437 silly fetch manifest @oxlint/binding-linux-s390x-gnu@1.86.0
438 silly packumentCache full:https://registry.npmjs.org/@oxlint%2fbinding-linux-s390x-gnu cache-miss
439 http fetch GET 200 https://registry.npmjs.org/@oxlint%2fbinding-android-arm64 214ms (cache miss)
440 silly packumentCache full:https://registry.npmjs.org/@oxlint%2fbinding-android-arm64 set size:undefined disposed:false
441 silly fetch manifest @oxlint/binding-win32-ia32-msvc@1.86.0
442 silly packumentCache full:https://registry.npmjs.org/@oxlint%2fbinding-win32-ia32-msvc cache-miss
443 http fetch GET 200 https://registry.npmjs.org/@oxlint%2fbinding-linux-x64-gnu 235ms (cache miss)
444 silly packumentCache full:https://registry.npmjs.org/@oxlint%2fbinding-linux-x64-gnu set size:undefined disposed:false
445 silly fetch manifest @oxlint/binding-android-arm-eabi@1.86.0
446 silly packumentCache full:https://registry.npmjs.org/@oxlint%2fbinding-android-arm-eabi cache-miss
447 http fetch GET 200 https://registry.npmjs.org/@oxlint%2fbinding-win32-x64-msvc 188ms (cache miss)
448 silly packumentCache full:https://registry.npmjs.org/@oxlint%2fbinding-win32-x64-msvc set size:undefined disposed:false
449 silly fetch manifest @oxlint/binding-linux-arm64-musl@1.86.0
450 silly packumentCache full:https://registry.npmjs.org/@oxlint%2fbinding-linux-arm64-musl cache-miss
451 http fetch GET 200 https://registry.npmjs.org/@oxlint%2fbinding-linux-ppc64-gnu 176ms (cache miss)
452 silly packumentCache full:https://registry.npmjs.org/@oxlint%2fbinding-linux-ppc64-gnu set size:undefined disposed:false
453 silly fetch manifest @oxlint/binding-win32-arm64-msvc@1.86.0
454 silly packumentCache full:https://registry.npmjs.org/@oxlint%2fbinding-win32-arm64-msvc cache-miss
455 http fetch GET 200 https://registry.npmjs.org/@oxlint%2fbinding-linux-s390x-gnu 123ms (cache miss)
456 silly packumentCache full:https://registry.npmjs.org/@oxlint%2fbinding-linux-s390x-gnu set size:undefined disposed:false
457 silly fetch manifest @oxlint/binding-linux-riscv64-gnu@1.86.0
458 silly packumentCache full:https://registry.npmjs.org/@oxlint%2fbinding-linux-riscv64-gnu cache-miss
459 http fetch GET 200 https://registry.npmjs.org/@oxlint%2fbinding-linux-arm64-gnu 209ms (cache miss)
460 silly packumentCache full:https://registry.npmjs.org/@oxlint%2fbinding-linux-arm64-gnu set size:undefined disposed:false
461 silly fetch manifest @oxlint/binding-openharmony-arm64@1.86.0
462 silly packumentCache full:https://registry.npmjs.org/@oxlint%2fbinding-openharmony-arm64 cache-miss
463 http fetch GET 200 https://registry.npmjs.org/@oxlint%2fbinding-win32-ia32-msvc 117ms (cache miss)
464 silly packumentCache full:https://registry.npmjs.org/@oxlint%2fbinding-win32-ia32-msvc set size:undefined disposed:false
465 silly fetch manifest @oxlint/binding-linux-riscv64-musl@1.86.0
466 silly packumentCache full:https://registry.npmjs.org/@oxlint%2fbinding-linux-riscv64-musl cache-miss
467 http fetch GET 200 https://registry.npmjs.org/@oxlint%2fbinding-linux-arm64-musl 89ms (cache miss)
468 silly packumentCache full:https://registry.npmjs.org/@oxlint%2fbinding-linux-arm64-musl set size:undefined disposed:false
469 silly fetch manifest @oxlint/binding-linux-arm-gnueabihf@1.86.0
470 silly packumentCache full:https://registry.npmjs.org/@oxlint%2fbinding-linux-arm-gnueabihf cache-miss
471 http fetch GET 200 https://registry.npmjs.org/@oxlint%2fbinding-win32-arm64-msvc 137ms (cache miss)
472 silly packumentCache full:https://registry.npmjs.org/@oxlint%2fbinding-win32-arm64-msvc set size:undefined disposed:false
473 silly fetch manifest @oxlint/binding-linux-arm-musleabihf@1.86.0
474 silly packumentCache full:https://registry.npmjs.org/@oxlint%2fbinding-linux-arm-musleabihf cache-miss
475 http fetch GET 200 https://registry.npmjs.org/@oxlint%2fbinding-openharmony-arm64 140ms (cache miss)
476 silly packumentCache full:https://registry.npmjs.org/@oxlint%2fbinding-openharmony-arm64 set size:undefined disposed:false
477 silly fetch manifest keyv@^5.5.5
478 silly packumentCache full:https://registry.npmjs.org/keyv cache-miss
479 http fetch GET 200 https://registry.npmjs.org/@oxlint%2fbinding-linux-riscv64-gnu 164ms (cache miss)
480 silly packumentCache full:https://registry.npmjs.org/@oxlint%2fbinding-linux-riscv64-gnu set size:undefined disposed:false
481 silly fetch manifest cacheable@^2.3.1
482 silly packumentCache full:https://registry.npmjs.org/cacheable cache-miss
483 http fetch GET 200 https://registry.npmjs.org/@oxlint%2fbinding-linux-riscv64-musl 137ms (cache miss)
484 silly packumentCache full:https://registry.npmjs.org/@oxlint%2fbinding-linux-riscv64-musl set size:undefined disposed:false
485 silly fetch manifest hookified@^1.14.0
486 silly packumentCache full:https://registry.npmjs.org/hookified cache-miss
487 http fetch GET 200 https://registry.npmjs.org/@oxlint%2fbinding-linux-arm-gnueabihf 126ms (cache miss)
488 silly packumentCache full:https://registry.npmjs.org/@oxlint%2fbinding-linux-arm-gnueabihf set size:undefined disposed:false
489 silly fetch manifest @hapi/hoek@9.x.x
490 silly packumentCache full:https://registry.npmjs.org/@hapi%2fhoek cache-miss
491 http fetch GET 200 https://registry.npmjs.org/@oxlint%2fbinding-linux-arm-musleabihf 99ms (cache miss)
492 silly packumentCache full:https://registry.npmjs.org/@oxlint%2fbinding-linux-arm-musleabihf set size:undefined disposed:false
493 silly fetch manifest @types/node@*
494 silly packumentCache full:https://registry.npmjs.org/@types%2fnode cache-miss
495 http fetch GET 200 https://registry.npmjs.org/keyv 146ms (cache miss)
496 silly packumentCache full:https://registry.npmjs.org/keyv set size:undefined disposed:false
497 silly fetch manifest @types/tough-cookie@*
498 silly packumentCache full:https://registry.npmjs.org/@types%2ftough-cookie cache-miss
499 http cache https://registry.npmjs.org/@types%2fnode 121ms (cache hit)
500 silly packumentCache full:https://registry.npmjs.org/@types%2fnode set size:11157642 disposed:false
501 silly fetch manifest form-data@^2.5.0
502 silly packumentCache full:https://registry.npmjs.org/form-data cache-miss
503 http fetch GET 200 https://registry.npmjs.org/cacheable 719ms (cache miss)
504 silly packumentCache full:https://registry.npmjs.org/cacheable set size:undefined disposed:false
505 silly fetch manifest pretty-format@^27.0.0
506 silly packumentCache full:https://registry.npmjs.org/pretty-format cache-miss
507 http fetch GET 200 https://registry.npmjs.org/hookified 714ms (cache miss)
508 silly packumentCache full:https://registry.npmjs.org/hookified set size:undefined disposed:false
509 silly fetch manifest jest-matcher-utils@^27.0.0
510 silly packumentCache full:https://registry.npmjs.org/jest-matcher-utils cache-miss
511 http fetch GET 200 https://registry.npmjs.org/@hapi%2fhoek 724ms (cache miss)
512 silly packumentCache full:https://registry.npmjs.org/@hapi%2fhoek set size:undefined disposed:false
513 silly fetch manifest tslib@^2.4.0
514 silly packumentCache full:https://registry.npmjs.org/tslib cache-miss
515 http fetch GET 200 https://registry.npmjs.org/@oxlint%2fbinding-android-arm-eabi 998ms (cache miss)
516 silly packumentCache full:https://registry.npmjs.org/@oxlint%2fbinding-android-arm-eabi set size:undefined disposed:false
517 silly fetch manifest form-data@^4.0.6
518 silly packumentCache full:https://registry.npmjs.org/form-data cache-miss
519 http fetch GET 200 https://registry.npmjs.org/@types%2ftough-cookie 655ms (cache miss)
520 silly packumentCache full:https://registry.npmjs.org/@types%2ftough-cookie set size:undefined disposed:false
521 silly fetch manifest proxy-from-env@^2.1.0
522 silly packumentCache full:https://registry.npmjs.org/proxy-from-env cache-miss
523 http fetch GET 200 https://registry.npmjs.org/form-data 186ms (cache miss)
524 silly packumentCache full:https://registry.npmjs.org/form-data set size:undefined disposed:false
525 silly fetch manifest follow-redirects@^1.16.0
526 silly packumentCache full:https://registry.npmjs.org/follow-redirects cache-miss
527 http fetch GET 200 https://registry.npmjs.org/tslib 145ms (cache miss)
528 silly packumentCache full:https://registry.npmjs.org/tslib set size:undefined disposed:false
529 silly fetch manifest https-proxy-agent@^5.0.1
530 silly packumentCache full:https://registry.npmjs.org/https-proxy-agent cache-miss
531 http fetch GET 200 https://registry.npmjs.org/proxy-from-env 148ms (cache miss)
532 silly packumentCache full:https://registry.npmjs.org/proxy-from-env set size:undefined disposed:false
533 silly fetch manifest lru-cache@^10.2.2
534 silly packumentCache full:https://registry.npmjs.org/lru-cache cache-miss
535 http fetch GET 200 https://registry.npmjs.org/form-data 189ms (cache miss)
536 silly packumentCache full:https://registry.npmjs.org/form-data set size:undefined disposed:false
537 silly fetch manifest eventemitter3@^5.0.1
538 silly packumentCache full:https://registry.npmjs.org/eventemitter3 cache-miss
539 http fetch GET 200 https://registry.npmjs.org/jest-matcher-utils 250ms (cache miss)
540 silly packumentCache full:https://registry.npmjs.org/jest-matcher-utils set size:undefined disposed:false
541 silly fetch manifest lodash.clonedeep@^4.5.0
542 silly packumentCache full:https://registry.npmjs.org/lodash.clonedeep cache-miss
543 http fetch GET 200 https://registry.npmjs.org/pretty-format 309ms (cache miss)
544 silly packumentCache full:https://registry.npmjs.org/pretty-format set size:undefined disposed:false
545 silly fetch manifest promise-coalesce@^1.1.2
546 silly packumentCache full:https://registry.npmjs.org/promise-coalesce cache-miss
547 http fetch GET 200 https://registry.npmjs.org/https-proxy-agent 196ms (cache miss)
548 silly packumentCache full:https://registry.npmjs.org/https-proxy-agent set size:undefined disposed:false
549 silly fetch manifest parse5@^7.3.0
550 silly packumentCache full:https://registry.npmjs.org/parse5 cache-miss
551 http fetch GET 200 https://registry.npmjs.org/lodash.clonedeep 106ms (cache miss)
552 silly packumentCache full:https://registry.npmjs.org/lodash.clonedeep set size:undefined disposed:false
553 silly fetch manifest undici@^7.19.0
554 silly packumentCache full:https://registry.npmjs.org/undici cache-miss
555 http fetch GET 200 https://registry.npmjs.org/eventemitter3 159ms (cache miss)
556 silly packumentCache full:https://registry.npmjs.org/eventemitter3 set size:undefined disposed:false
557 silly fetch manifest domutils@^3.2.2
558 silly packumentCache full:https://registry.npmjs.org/domutils cache-miss
559 http fetch GET 200 https://registry.npmjs.org/follow-redirects 257ms (cache miss)
560 silly packumentCache full:https://registry.npmjs.org/follow-redirects set size:undefined disposed:false
561 silly fetch manifest domhandler@^5.0.3
562 silly packumentCache full:https://registry.npmjs.org/domhandler cache-miss
563 http fetch GET 200 https://registry.npmjs.org/lru-cache 230ms (cache miss)
564 silly packumentCache full:https://registry.npmjs.org/lru-cache set size:undefined disposed:false
565 silly fetch manifest htmlparser2@^10.1.0
566 silly packumentCache full:https://registry.npmjs.org/htmlparser2 cache-miss
567 http fetch GET 200 https://registry.npmjs.org/parse5 130ms (cache miss)
568 silly packumentCache full:https://registry.npmjs.org/parse5 set size:undefined disposed:false
569 silly fetch manifest cheerio-select@^2.1.0
570 silly packumentCache full:https://registry.npmjs.org/cheerio-select cache-miss
571 http fetch GET 200 https://registry.npmjs.org/domutils 122ms (cache miss)
572 silly packumentCache full:https://registry.npmjs.org/domutils set size:undefined disposed:false
573 silly fetch manifest dom-serializer@^2.0.0
574 silly packumentCache full:https://registry.npmjs.org/dom-serializer cache-miss
575 http fetch GET 200 https://registry.npmjs.org/domhandler 148ms (cache miss)
576 silly packumentCache full:https://registry.npmjs.org/domhandler set size:undefined disposed:false
577 silly fetch manifest whatwg-mimetype@^4.0.0
578 silly packumentCache full:https://registry.npmjs.org/whatwg-mimetype cache-miss
579 http fetch GET 200 https://registry.npmjs.org/htmlparser2 129ms (cache miss)
580 silly packumentCache full:https://registry.npmjs.org/htmlparser2 set size:undefined disposed:false
581 silly fetch manifest encoding-sniffer@^0.2.1
582 silly packumentCache full:https://registry.npmjs.org/encoding-sniffer cache-miss
583 http fetch GET 200 https://registry.npmjs.org/cheerio-select 141ms (cache miss)
584 silly packumentCache full:https://registry.npmjs.org/cheerio-select set size:undefined disposed:false
585 silly fetch manifest parse5-parser-stream@^7.1.2
586 silly packumentCache full:https://registry.npmjs.org/parse5-parser-stream cache-miss
587 http fetch GET 200 https://registry.npmjs.org/dom-serializer 126ms (cache miss)
588 silly packumentCache full:https://registry.npmjs.org/dom-serializer set size:undefined disposed:false
589 silly fetch manifest parse5-htmlparser2-tree-adapter@^7.1.0
590 silly packumentCache full:https://registry.npmjs.org/parse5-htmlparser2-tree-adapter cache-miss
591 http fetch GET 200 https://registry.npmjs.org/promise-coalesce 355ms (cache miss)
592 silly packumentCache full:https://registry.npmjs.org/promise-coalesce set size:undefined disposed:false
593 silly fetch manifest meow@^8.0.0
594 silly packumentCache full:https://registry.npmjs.org/meow cache-miss
595 http fetch GET 200 https://registry.npmjs.org/whatwg-mimetype 122ms (cache miss)
596 silly packumentCache full:https://registry.npmjs.org/whatwg-mimetype set size:undefined disposed:false
597 silly fetch manifest lodash@^4.17.15
598 silly packumentCache full:https://registry.npmjs.org/lodash cache-miss
599 http cache https://registry.npmjs.org/lodash 24ms (cache hit)
600 silly packumentCache full:https://registry.npmjs.org/lodash set size:247678 disposed:false
601 silly fetch manifest tempfile@^3.0.0
602 silly packumentCache full:https://registry.npmjs.org/tempfile cache-miss
603 http fetch GET 200 https://registry.npmjs.org/undici 392ms (cache miss)
604 silly packumentCache full:https://registry.npmjs.org/undici set size:undefined disposed:false
605 silly fetch manifest add-stream@^1.0.0
606 silly packumentCache full:https://registry.npmjs.org/add-stream cache-miss
607 http fetch GET 200 https://registry.npmjs.org/meow 164ms (cache miss)
608 silly packumentCache full:https://registry.npmjs.org/meow set size:undefined disposed:false
609 silly fetch manifest conventional-changelog@^3.1.24
610 silly packumentCache full:https://registry.npmjs.org/conventional-changelog cache-miss
611 http fetch GET 200 https://registry.npmjs.org/encoding-sniffer 303ms (cache miss)
612 silly packumentCache full:https://registry.npmjs.org/encoding-sniffer set size:undefined disposed:false
613 silly fetch manifest ajv@^6.12.4
614 silly packumentCache full:https://registry.npmjs.org/ajv cache-miss
615 http fetch GET 200 https://registry.npmjs.org/add-stream 133ms (cache miss)
616 silly packumentCache full:https://registry.npmjs.org/add-stream set size:undefined disposed:false
617 silly fetch manifest levn@^0.4.1
618 silly packumentCache full:https://registry.npmjs.org/levn cache-miss
619 http fetch GET 200 https://registry.npmjs.org/parse5-parser-stream 320ms (cache miss)
620 silly packumentCache full:https://registry.npmjs.org/parse5-parser-stream set size:undefined disposed:false
621 silly fetch manifest chalk@^4.0.0
622 silly packumentCache full:https://registry.npmjs.org/chalk cache-miss
623 http fetch GET 200 https://registry.npmjs.org/conventional-changelog 140ms (cache miss)
624 silly packumentCache full:https://registry.npmjs.org/conventional-changelog set size:undefined disposed:false
625 silly fetch manifest debug@^4.3.2
626 silly packumentCache full:https://registry.npmjs.org/debug cache-miss
627 http fetch GET 200 https://registry.npmjs.org/parse5-htmlparser2-tree-adapter 360ms (cache miss)
628 silly packumentCache full:https://registry.npmjs.org/parse5-htmlparser2-tree-adapter set size:undefined disposed:false
629 silly fetch manifest espree@^9.6.1
630 silly packumentCache full:https://registry.npmjs.org/espree cache-miss
631 http fetch GET 200 https://registry.npmjs.org/tempfile 317ms (cache miss)
632 silly packumentCache full:https://registry.npmjs.org/tempfile set size:undefined disposed:false
633 silly fetch manifest ignore@^5.2.0
634 silly packumentCache full:https://registry.npmjs.org/ignore cache-miss
635 http fetch GET 200 https://registry.npmjs.org/levn 189ms (cache miss)
636 silly packumentCache full:https://registry.npmjs.org/levn set size:undefined disposed:false
637 silly fetch manifest esquery@^1.4.2
638 silly packumentCache full:https://registry.npmjs.org/esquery cache-miss
639 http fetch GET 200 https://registry.npmjs.org/chalk 218ms (cache miss)
640 silly packumentCache full:https://registry.npmjs.org/chalk set size:undefined disposed:false
641 silly fetch manifest esutils@^2.0.2
642 silly packumentCache full:https://registry.npmjs.org/esutils cache-miss
643 http fetch GET 200 https://registry.npmjs.org/ajv 321ms (cache miss)
644 silly packumentCache full:https://registry.npmjs.org/ajv set size:undefined disposed:false
645 silly fetch manifest find-up@^5.0.0
646 silly packumentCache full:https://registry.npmjs.org/find-up cache-miss
647 http fetch GET 200 https://registry.npmjs.org/debug 301ms (cache revalidated)
648 silly packumentCache full:https://registry.npmjs.org/debug set size:195840 disposed:false
649 silly fetch manifest globals@^13.19.0
650 silly packumentCache full:https://registry.npmjs.org/globals cache-miss
651 http fetch GET 200 https://registry.npmjs.org/esquery 179ms (cache miss)
652 silly packumentCache full:https://registry.npmjs.org/esquery set size:undefined disposed:false
653 silly fetch manifest is-glob@^4.0.0
654 silly packumentCache full:https://registry.npmjs.org/is-glob cache-miss
655 http fetch GET 200 https://registry.npmjs.org/espree 329ms (cache miss)
656 silly packumentCache full:https://registry.npmjs.org/espree set size:undefined disposed:false
657 silly fetch manifest js-yaml@^4.1.0
658 silly packumentCache full:https://registry.npmjs.org/js-yaml cache-miss
659 http fetch GET 200 https://registry.npmjs.org/esutils 166ms (cache miss)
660 silly packumentCache full:https://registry.npmjs.org/esutils set size:undefined disposed:false
661 silly fetch manifest doctrine@^3.0.0
662 silly packumentCache full:https://registry.npmjs.org/doctrine cache-miss
663 http fetch GET 200 https://registry.npmjs.org/ignore 346ms (cache miss)
664 silly packumentCache full:https://registry.npmjs.org/ignore set size:undefined disposed:false
665 silly fetch manifest graphemer@^1.4.0
666 silly packumentCache full:https://registry.npmjs.org/graphemer cache-miss
667 http fetch GET 200 https://registry.npmjs.org/find-up 145ms (cache miss)
668 silly packumentCache full:https://registry.npmjs.org/find-up set size:undefined disposed:false
669 silly fetch manifest minimatch@^3.1.2
670 silly packumentCache full:https://registry.npmjs.org/minimatch cache-miss
671 http fetch GET 200 https://registry.npmjs.org/is-glob 113ms (cache miss)
672 silly packumentCache full:https://registry.npmjs.org/is-glob set size:undefined disposed:false
673 silly fetch manifest @eslint/js@8.57.1
674 silly packumentCache full:https://registry.npmjs.org/@eslint%2fjs cache-miss
675 http fetch GET 200 https://registry.npmjs.org/globals 179ms (cache miss)
676 silly packumentCache full:https://registry.npmjs.org/globals set size:undefined disposed:false
677 silly fetch manifest optionator@^0.9.3
678 silly packumentCache full:https://registry.npmjs.org/optionator cache-miss
679 http fetch GET 200 https://registry.npmjs.org/graphemer 128ms (cache miss)
680 silly packumentCache full:https://registry.npmjs.org/graphemer set size:undefined disposed:false
681 silly fetch manifest strip-ansi@^6.0.1
682 silly packumentCache full:https://registry.npmjs.org/strip-ansi cache-miss
683 http fetch GET 200 https://registry.npmjs.org/doctrine 175ms (cache miss)
684 silly packumentCache full:https://registry.npmjs.org/doctrine set size:undefined disposed:false
685 silly fetch manifest text-table@^0.2.0
686 silly packumentCache full:https://registry.npmjs.org/text-table cache-miss
687 http fetch GET 200 https://registry.npmjs.org/js-yaml 192ms (cache miss)
688 silly packumentCache full:https://registry.npmjs.org/js-yaml set size:undefined disposed:false
689 silly fetch manifest cross-spawn@^7.0.2
690 silly packumentCache full:https://registry.npmjs.org/cross-spawn cache-miss
691 http fetch GET 200 https://registry.npmjs.org/@eslint%2fjs 175ms (cache miss)
692 silly packumentCache full:https://registry.npmjs.org/@eslint%2fjs set size:undefined disposed:false
693 silly fetch manifest glob-parent@^6.0.2
694 silly packumentCache full:https://registry.npmjs.org/glob-parent cache-miss
695 http fetch GET 200 https://registry.npmjs.org/minimatch 236ms (cache miss)
696 silly packumentCache full:https://registry.npmjs.org/minimatch set size:undefined disposed:false
697 silly fetch manifest imurmurhash@^0.1.4
698 silly packumentCache full:https://registry.npmjs.org/imurmurhash cache-miss
699 http fetch GET 200 https://registry.npmjs.org/optionator 201ms (cache miss)
700 silly packumentCache full:https://registry.npmjs.org/optionator set size:undefined disposed:false
701 silly fetch manifest eslint-scope@^7.2.2
702 silly packumentCache full:https://registry.npmjs.org/eslint-scope cache-miss
703 http fetch GET 200 https://registry.npmjs.org/text-table 178ms (cache miss)
704 silly packumentCache full:https://registry.npmjs.org/text-table set size:undefined disposed:false
705 silly fetch manifest lodash.merge@^4.6.2
706 silly packumentCache full:https://registry.npmjs.org/lodash.merge cache-miss
707 http fetch GET 200 https://registry.npmjs.org/strip-ansi 200ms (cache miss)
708 silly packumentCache full:https://registry.npmjs.org/strip-ansi set size:undefined disposed:false
709 silly fetch manifest is-path-inside@^3.0.3
710 silly packumentCache full:https://registry.npmjs.org/is-path-inside cache-miss
711 http fetch GET 200 https://registry.npmjs.org/glob-parent 110ms (cache miss)
712 silly packumentCache full:https://registry.npmjs.org/glob-parent set size:undefined disposed:false
713 silly fetch manifest fast-deep-equal@^3.1.3
714 silly packumentCache full:https://registry.npmjs.org/fast-deep-equal cache-miss
715 http fetch GET 200 https://registry.npmjs.org/cross-spawn 186ms (cache miss)
716 silly packumentCache full:https://registry.npmjs.org/cross-spawn set size:undefined disposed:false
717 silly fetch manifest natural-compare@^1.4.0
718 silly packumentCache full:https://registry.npmjs.org/natural-compare cache-miss
719 http fetch GET 200 https://registry.npmjs.org/imurmurhash 97ms (cache miss)
720 silly packumentCache full:https://registry.npmjs.org/imurmurhash set size:undefined disposed:false
721 silly fetch manifest @eslint/eslintrc@^2.1.4
722 silly packumentCache full:https://registry.npmjs.org/@eslint%2feslintrc cache-miss
723 http fetch GET 200 https://registry.npmjs.org/eslint-scope 102ms (cache miss)
724 silly packumentCache full:https://registry.npmjs.org/eslint-scope set size:undefined disposed:false
725 silly fetch manifest @nodelib/fs.walk@^1.2.8
726 silly packumentCache full:https://registry.npmjs.org/@nodelib%2ffs.walk cache-miss
727 http fetch GET 200 https://registry.npmjs.org/is-path-inside 88ms (cache miss)
728 silly packumentCache full:https://registry.npmjs.org/is-path-inside set size:undefined disposed:false
729 silly fetch manifest file-entry-cache@^6.0.1
730 silly packumentCache full:https://registry.npmjs.org/file-entry-cache cache-miss
731 http fetch GET 200 https://registry.npmjs.org/lodash.merge 121ms (cache miss)
732 silly packumentCache full:https://registry.npmjs.org/lodash.merge set size:undefined disposed:false
733 silly fetch manifest eslint-visitor-keys@^3.4.3
734 silly packumentCache full:https://registry.npmjs.org/eslint-visitor-keys cache-miss
735 http fetch GET 200 https://registry.npmjs.org/natural-compare 104ms (cache miss)
736 silly packumentCache full:https://registry.npmjs.org/natural-compare set size:undefined disposed:false
737 silly fetch manifest escape-string-regexp@^4.0.0
738 silly packumentCache full:https://registry.npmjs.org/escape-string-regexp cache-miss
739 http fetch GET 200 https://registry.npmjs.org/fast-deep-equal 132ms (cache miss)
740 silly packumentCache full:https://registry.npmjs.org/fast-deep-equal set size:undefined disposed:false
741 silly fetch manifest @ungap/structured-clone@^1.2.0
742 silly packumentCache full:https://registry.npmjs.org/@ungap%2fstructured-clone cache-miss
743 http fetch GET 200 https://registry.npmjs.org/@eslint%2feslintrc 124ms (cache miss)
744 silly packumentCache full:https://registry.npmjs.org/@eslint%2feslintrc set size:undefined disposed:false
745 silly fetch manifest @eslint-community/regexpp@^4.6.1
746 silly packumentCache full:https://registry.npmjs.org/@eslint-community%2fregexpp cache-miss
747 http fetch GET 200 https://registry.npmjs.org/eslint-visitor-keys 90ms (cache miss)
748 silly packumentCache full:https://registry.npmjs.org/eslint-visitor-keys set size:undefined disposed:false
749 silly fetch manifest @humanwhocodes/config-array@^0.13.0
750 silly packumentCache full:https://registry.npmjs.org/@humanwhocodes%2fconfig-array cache-miss
751 http fetch GET 200 https://registry.npmjs.org/escape-string-regexp 111ms (cache miss)
752 silly packumentCache full:https://registry.npmjs.org/escape-string-regexp set size:undefined disposed:false
753 silly fetch manifest @eslint-community/eslint-utils@^4.2.0
754 silly packumentCache full:https://registry.npmjs.org/@eslint-community%2feslint-utils cache-miss
755 http fetch GET 200 https://registry.npmjs.org/@nodelib%2ffs.walk 169ms (cache miss)
756 silly packumentCache full:https://registry.npmjs.org/@nodelib%2ffs.walk set size:undefined disposed:false
757 silly fetch manifest @humanwhocodes/module-importer@^1.0.1
758 silly packumentCache full:https://registry.npmjs.org/@humanwhocodes%2fmodule-importer cache-miss
759 http fetch GET 200 https://registry.npmjs.org/file-entry-cache 170ms (cache miss)
760 silly packumentCache full:https://registry.npmjs.org/file-entry-cache set size:undefined disposed:false
761 silly fetch manifest json-stable-stringify-without-jsonify@^1.0.1
762 silly packumentCache full:https://registry.npmjs.org/json-stable-stringify-without-jsonify cache-miss
763 http fetch GET 200 https://registry.npmjs.org/@ungap%2fstructured-clone 157ms (cache miss)
764 silly packumentCache full:https://registry.npmjs.org/@ungap%2fstructured-clone set size:undefined disposed:false
765 silly fetch manifest jest-cli@^27.5.1
766 silly packumentCache full:https://registry.npmjs.org/jest-cli cache-miss
767 http fetch GET 200 https://registry.npmjs.org/@eslint-community%2fregexpp 140ms (cache miss)
768 silly packumentCache full:https://registry.npmjs.org/@eslint-community%2fregexpp set size:undefined disposed:false
769 silly fetch manifest @jest/core@^27.5.1
770 silly packumentCache full:https://registry.npmjs.org/@jest%2fcore cache-miss
771 http fetch GET 200 https://registry.npmjs.org/@humanwhocodes%2fconfig-array 132ms (cache miss)
772 silly packumentCache full:https://registry.npmjs.org/@humanwhocodes%2fconfig-array set size:undefined disposed:false
773 silly fetch manifest import-local@^3.0.2
774 silly packumentCache full:https://registry.npmjs.org/import-local cache-miss
775 http fetch GET 200 https://registry.npmjs.org/json-stable-stringify-without-jsonify 101ms (cache miss)
776 silly packumentCache full:https://registry.npmjs.org/json-stable-stringify-without-jsonify set size:undefined disposed:false
777 silly fetch manifest @jimp/types@^0.16.13
778 silly packumentCache full:https://registry.npmjs.org/@jimp%2ftypes cache-miss
779 http fetch GET 200 https://registry.npmjs.org/@humanwhocodes%2fmodule-importer 120ms (cache miss)
780 silly packumentCache full:https://registry.npmjs.org/@humanwhocodes%2fmodule-importer set size:undefined disposed:false
781 silly fetch manifest @jimp/custom@^0.16.13
782 silly packumentCache full:https://registry.npmjs.org/@jimp%2fcustom cache-miss
783 http fetch GET 200 https://registry.npmjs.org/@eslint-community%2feslint-utils 156ms (cache miss)
784 silly packumentCache full:https://registry.npmjs.org/@eslint-community%2feslint-utils set size:undefined disposed:false
785 silly fetch manifest @jimp/plugins@^0.16.13
786 silly packumentCache full:https://registry.npmjs.org/@jimp%2fplugins cache-miss
787 http fetch GET 200 https://registry.npmjs.org/@jest%2fcore 217ms (cache miss)
788 silly packumentCache full:https://registry.npmjs.org/@jest%2fcore set size:undefined disposed:false
789 silly fetch manifest @babel/runtime@^7.7.2
790 silly packumentCache full:https://registry.npmjs.org/@babel%2fruntime cache-miss
791 http fetch GET 200 https://registry.npmjs.org/jest-cli 357ms (cache miss)
792 silly packumentCache full:https://registry.npmjs.org/jest-cli set size:undefined disposed:false
793 silly fetch manifest regenerator-runtime@^0.13.3
794 silly packumentCache full:https://registry.npmjs.org/regenerator-runtime cache-miss
795 http fetch GET 200 https://registry.npmjs.org/import-local 435ms (cache miss)
796 silly packumentCache full:https://registry.npmjs.org/import-local set size:undefined disposed:false
797 silly fetch manifest curve25519-js@^0.0.4
798 silly packumentCache full:https://registry.npmjs.org/curve25519-js cache-miss
799 http fetch GET 200 https://registry.npmjs.org/regenerator-runtime 190ms (cache miss)
800 silly packumentCache full:https://registry.npmjs.org/regenerator-runtime set size:undefined disposed:false
801 silly fetch manifest protobufjs@6.8.8
802 silly packumentCache full:https://registry.npmjs.org/protobufjs cache-miss
803 http fetch GET 200 https://registry.npmjs.org/curve25519-js 151ms (cache miss)
804 silly packumentCache full:https://registry.npmjs.org/curve25519-js set size:undefined disposed:false
805 silly fetch manifest url@0.11.0
806 silly packumentCache full:https://registry.npmjs.org/url cache-miss
807 http fetch GET 200 https://registry.npmjs.org/@jimp%2ftypes 582ms (cache miss)
808 silly packumentCache full:https://registry.npmjs.org/@jimp%2ftypes set size:undefined disposed:false
809 silly fetch manifest cheerio@1.0.0-rc.11
810 silly packumentCache full:https://registry.npmjs.org/cheerio cache-miss
811 http cache https://registry.npmjs.org/protobufjs 68ms (cache hit)
812 silly packumentCache full:https://registry.npmjs.org/protobufjs set size:760935 disposed:false
813 silly fetch manifest debug@^4.3.4
814 silly packumentCache full:https://registry.npmjs.org/debug cache-hit
815 silly fetch manifest strtok3@^6.3.0
816 silly packumentCache full:https://registry.npmjs.org/strtok3 cache-miss
817 http cache https://registry.npmjs.org/cheerio 86ms (cache hit)
818 silly packumentCache full:https://registry.npmjs.org/cheerio set size:169055 disposed:false
819 silly fetch manifest file-type@^16.5.4
820 silly packumentCache full:https://registry.npmjs.org/file-type cache-miss
821 http fetch GET 200 https://registry.npmjs.org/@jimp%2fcustom 708ms (cache miss)
822 silly packumentCache full:https://registry.npmjs.org/@jimp%2fcustom set size:undefined disposed:false
823 silly fetch manifest media-typer@^1.1.0
824 silly packumentCache full:https://registry.npmjs.org/media-typer cache-miss
825 http fetch GET 200 https://registry.npmjs.org/@jimp%2fplugins 758ms (cache miss)
826 silly packumentCache full:https://registry.npmjs.org/@jimp%2fplugins set size:undefined disposed:false
827 silly fetch manifest token-types@^4.2.1
828 silly packumentCache full:https://registry.npmjs.org/token-types cache-miss
829 http fetch GET 200 https://registry.npmjs.org/@babel%2fruntime 632ms (cache miss)
830 silly packumentCache full:https://registry.npmjs.org/@babel%2fruntime set size:undefined disposed:false
831 silly fetch manifest content-type@^1.0.5
832 silly packumentCache full:https://registry.npmjs.org/content-type cache-miss
833 http fetch GET 200 https://registry.npmjs.org/media-typer 271ms (cache revalidated)
834 silly packumentCache full:https://registry.npmjs.org/media-typer set size:22074 disposed:false
835 silly fetch manifest @tokenizer/token@^0.3.0
836 silly packumentCache full:https://registry.npmjs.org/@tokenizer%2ftoken cache-miss
837 http fetch GET 200 https://registry.npmjs.org/url 460ms (cache miss)
838 silly packumentCache full:https://registry.npmjs.org/url set size:undefined disposed:false
839 silly fetch manifest is-wsl@^2.2.0
840 silly packumentCache full:https://registry.npmjs.org/is-wsl cache-miss
841 http fetch GET 200 https://registry.npmjs.org/token-types 242ms (cache miss)
842 silly packumentCache full:https://registry.npmjs.org/token-types set size:undefined disposed:false
843 silly fetch manifest is-docker@^2.1.1
844 silly packumentCache full:https://registry.npmjs.org/is-docker cache-miss
845 http fetch GET 200 https://registry.npmjs.org/strtok3 460ms (cache miss)
846 silly packumentCache full:https://registry.npmjs.org/strtok3 set size:undefined disposed:false
847 silly fetch manifest define-lazy-prop@^2.0.0
848 silly packumentCache full:https://registry.npmjs.org/define-lazy-prop cache-miss
849 http fetch GET 200 https://registry.npmjs.org/file-type 456ms (cache miss)
850 silly packumentCache full:https://registry.npmjs.org/file-type set size:undefined disposed:false
851 silly fetch manifest sonic-boom@^4.0.1
852 silly packumentCache full:https://registry.npmjs.org/sonic-boom cache-miss
853 http fetch GET 200 https://registry.npmjs.org/is-docker 124ms (cache miss)
854 silly packumentCache full:https://registry.npmjs.org/is-docker set size:undefined disposed:false
855 silly fetch manifest atomic-sleep@^1.0.0
856 silly packumentCache full:https://registry.npmjs.org/atomic-sleep cache-miss
857 http fetch GET 200 https://registry.npmjs.org/define-lazy-prop 76ms (cache miss)
858 silly packumentCache full:https://registry.npmjs.org/define-lazy-prop set size:undefined disposed:false
859 silly fetch manifest real-require@^0.2.0
860 silly packumentCache full:https://registry.npmjs.org/real-require cache-miss
861 http fetch GET 200 https://registry.npmjs.org/atomic-sleep 64ms (cache miss)
862 silly packumentCache full:https://registry.npmjs.org/atomic-sleep set size:undefined disposed:false
863 silly fetch manifest thread-stream@^3.0.0
864 silly packumentCache full:https://registry.npmjs.org/thread-stream cache-miss
865 http fetch GET 200 https://registry.npmjs.org/real-require 71ms (cache miss)
866 silly packumentCache full:https://registry.npmjs.org/real-require set size:undefined disposed:false
867 silly fetch manifest @pinojs/redact@^0.4.0
868 silly packumentCache full:https://registry.npmjs.org/@pinojs%2fredact cache-miss
869 http fetch GET 200 https://registry.npmjs.org/@tokenizer%2ftoken 305ms (cache miss)
870 silly packumentCache full:https://registry.npmjs.org/@tokenizer%2ftoken set size:undefined disposed:false
871 silly fetch manifest process-warning@^5.0.0
872 silly packumentCache full:https://registry.npmjs.org/process-warning cache-miss
873 http fetch GET 200 https://registry.npmjs.org/content-type 350ms (cache revalidated)
874 silly packumentCache full:https://registry.npmjs.org/content-type set size:29578 disposed:false
875 silly fetch manifest on-exit-leak-free@^2.1.0
876 silly packumentCache full:https://registry.npmjs.org/on-exit-leak-free cache-miss
877 http fetch GET 200 https://registry.npmjs.org/is-wsl 313ms (cache miss)
878 silly packumentCache full:https://registry.npmjs.org/is-wsl set size:undefined disposed:false
879 silly fetch manifest pino-std-serializers@^7.0.0
880 silly packumentCache full:https://registry.npmjs.org/pino-std-serializers cache-miss
881 http fetch GET 200 https://registry.npmjs.org/@pinojs%2fredact 71ms (cache miss)
882 silly packumentCache full:https://registry.npmjs.org/@pinojs%2fredact set size:undefined disposed:false
883 silly fetch manifest safe-stable-stringify@^2.3.1
884 silly packumentCache full:https://registry.npmjs.org/safe-stable-stringify cache-miss
885 http fetch GET 200 https://registry.npmjs.org/thread-stream 114ms (cache miss)
886 silly packumentCache full:https://registry.npmjs.org/thread-stream set size:undefined disposed:false
887 silly fetch manifest quick-format-unescaped@^4.0.3
888 silly packumentCache full:https://registry.npmjs.org/quick-format-unescaped cache-miss
889 http fetch GET 200 https://registry.npmjs.org/on-exit-leak-free 83ms (cache miss)
890 silly packumentCache full:https://registry.npmjs.org/on-exit-leak-free set size:undefined disposed:false
891 silly fetch manifest pino-abstract-transport@^2.0.0
892 silly packumentCache full:https://registry.npmjs.org/pino-abstract-transport cache-miss
893 http fetch GET 200 https://registry.npmjs.org/process-warning 113ms (cache miss)
894 silly packumentCache full:https://registry.npmjs.org/process-warning set size:undefined disposed:false
895 silly fetch manifest long@^4.0.0
896 silly packumentCache full:https://registry.npmjs.org/long cache-miss
897 http fetch GET 200 https://registry.npmjs.org/pino-std-serializers 98ms (cache miss)
898 silly packumentCache full:https://registry.npmjs.org/pino-std-serializers set size:undefined disposed:false
899 silly fetch manifest @types/long@^4.0.1
900 silly packumentCache full:https://registry.npmjs.org/@types%2flong cache-miss
901 http fetch GET 200 https://registry.npmjs.org/safe-stable-stringify 92ms (cache miss)
902 silly packumentCache full:https://registry.npmjs.org/safe-stable-stringify set size:undefined disposed:false
903 silly fetch manifest @protobufjs/path@^1.1.2
904 silly packumentCache full:https://registry.npmjs.org/@protobufjs%2fpath cache-miss
905 http fetch GET 200 https://registry.npmjs.org/quick-format-unescaped 92ms (cache miss)
906 silly packumentCache full:https://registry.npmjs.org/quick-format-unescaped set size:undefined disposed:false
907 silly fetch manifest @protobufjs/pool@^1.1.0
908 silly packumentCache full:https://registry.npmjs.org/@protobufjs%2fpool cache-miss
909 http fetch GET 200 https://registry.npmjs.org/pino-abstract-transport 84ms (cache miss)
910 silly packumentCache full:https://registry.npmjs.org/pino-abstract-transport set size:undefined disposed:false
911 silly fetch manifest @protobufjs/utf8@^1.1.0
912 silly packumentCache full:https://registry.npmjs.org/@protobufjs%2futf8 cache-miss
913 http fetch GET 200 https://registry.npmjs.org/long 102ms (cache miss)
914 silly packumentCache full:https://registry.npmjs.org/long set size:undefined disposed:false
915 silly fetch manifest @protobufjs/fetch@^1.1.0
916 silly packumentCache full:https://registry.npmjs.org/@protobufjs%2ffetch cache-miss
917 http fetch GET 200 https://registry.npmjs.org/@types%2flong 93ms (cache miss)
918 silly packumentCache full:https://registry.npmjs.org/@types%2flong set size:undefined disposed:false
919 silly fetch manifest @protobufjs/float@^1.0.2
920 silly packumentCache full:https://registry.npmjs.org/@protobufjs%2ffloat cache-miss
921 http fetch GET 200 https://registry.npmjs.org/sonic-boom 381ms (cache miss)
922 silly packumentCache full:https://registry.npmjs.org/sonic-boom set size:undefined disposed:false
923 silly fetch manifest @protobufjs/base64@^1.1.2
924 silly packumentCache full:https://registry.npmjs.org/@protobufjs%2fbase64 cache-miss
925 http fetch GET 200 https://registry.npmjs.org/@protobufjs%2fpool 105ms (cache miss)
926 silly packumentCache full:https://registry.npmjs.org/@protobufjs%2fpool set size:undefined disposed:false
927 silly fetch manifest @protobufjs/codegen@^2.0.4
928 silly packumentCache full:https://registry.npmjs.org/@protobufjs%2fcodegen cache-miss
929 http fetch GET 200 https://registry.npmjs.org/@protobufjs%2fpath 129ms (cache miss)
930 silly packumentCache full:https://registry.npmjs.org/@protobufjs%2fpath set size:undefined disposed:false
931 silly fetch manifest @protobufjs/inquire@^1.1.0
932 silly packumentCache full:https://registry.npmjs.org/@protobufjs%2finquire cache-miss
933 http fetch GET 200 https://registry.npmjs.org/@protobufjs%2futf8 110ms (cache miss)
934 silly packumentCache full:https://registry.npmjs.org/@protobufjs%2futf8 set size:undefined disposed:false
935 silly fetch manifest @protobufjs/aspromise@^1.1.2
936 silly packumentCache full:https://registry.npmjs.org/@protobufjs%2faspromise cache-miss
937 http fetch GET 200 https://registry.npmjs.org/@protobufjs%2ffetch 88ms (cache miss)
938 silly packumentCache full:https://registry.npmjs.org/@protobufjs%2ffetch set size:undefined disposed:false
939 silly fetch manifest @protobufjs/eventemitter@^1.1.0
940 silly packumentCache full:https://registry.npmjs.org/@protobufjs%2feventemitter cache-miss
941 http fetch GET 200 https://registry.npmjs.org/@protobufjs%2ffloat 113ms (cache miss)
942 silly packumentCache full:https://registry.npmjs.org/@protobufjs%2ffloat set size:undefined disposed:false
943 silly fetch manifest got@12.6.1
944 silly packumentCache full:https://registry.npmjs.org/got cache-miss
945 http fetch GET 200 https://registry.npmjs.org/@protobufjs%2fbase64 102ms (cache miss)
946 silly packumentCache full:https://registry.npmjs.org/@protobufjs%2fbase64 set size:undefined disposed:false
947 silly fetch manifest ora@6.3.1
948 silly packumentCache full:https://registry.npmjs.org/ora cache-miss
949 http fetch GET 200 https://registry.npmjs.org/@protobufjs%2finquire 95ms (cache miss)
950 silly packumentCache full:https://registry.npmjs.org/@protobufjs%2finquire set size:undefined disposed:false
951 silly fetch manifest open@9.1.0
952 silly packumentCache full:https://registry.npmjs.org/open cache-miss
953 http fetch GET 200 https://registry.npmjs.org/@protobufjs%2fcodegen 104ms (cache miss)
954 silly packumentCache full:https://registry.npmjs.org/@protobufjs%2fcodegen set size:undefined disposed:false
955 silly fetch manifest chalk@5.2.0
956 silly packumentCache full:https://registry.npmjs.org/chalk cache-miss
957 http fetch GET 200 https://registry.npmjs.org/@protobufjs%2faspromise 92ms (cache miss)
958 silly packumentCache full:https://registry.npmjs.org/@protobufjs%2faspromise set size:undefined disposed:false
959 silly fetch manifest execa@7.1.1
960 silly packumentCache full:https://registry.npmjs.org/execa cache-miss
961 http cache https://registry.npmjs.org/open 31ms (cache hit)
962 silly packumentCache full:https://registry.npmjs.org/open set size:145310 disposed:false
963 silly fetch manifest is-ci@3.0.1
964 silly packumentCache full:https://registry.npmjs.org/is-ci cache-miss
965 http cache https://registry.npmjs.org/chalk 37ms (cache hit)
966 silly packumentCache full:https://registry.npmjs.org/chalk set size:137439 disposed:false
967 silly fetch manifest globby@13.1.4
968 silly packumentCache full:https://registry.npmjs.org/globby cache-miss
969 http fetch GET 200 https://registry.npmjs.org/@protobufjs%2feventemitter 139ms (cache miss)
970 silly packumentCache full:https://registry.npmjs.org/@protobufjs%2feventemitter set size:undefined disposed:false
971 silly fetch manifest lodash@4.17.21
972 silly packumentCache full:https://registry.npmjs.org/lodash cache-hit
973 silly fetch manifest semver@7.5.1
974 silly packumentCache full:https://registry.npmjs.org/semver cache-miss
975 http fetch GET 200 https://registry.npmjs.org/ora 125ms (cache miss)
976 silly packumentCache full:https://registry.npmjs.org/ora set size:undefined disposed:false
977 silly fetch manifest os-name@5.1.0
978 silly packumentCache full:https://registry.npmjs.org/os-name cache-miss
979 http fetch GET 200 https://registry.npmjs.org/execa 115ms (cache miss)
980 silly packumentCache full:https://registry.npmjs.org/execa set size:undefined disposed:false
981 silly fetch manifest shelljs@0.8.5
982 silly packumentCache full:https://registry.npmjs.org/shelljs cache-miss
983 http fetch GET 200 https://registry.npmjs.org/is-ci 138ms (cache miss)
984 silly packumentCache full:https://registry.npmjs.org/is-ci set size:undefined disposed:false
985 silly fetch manifest inquirer@9.2.6
986 silly packumentCache full:https://registry.npmjs.org/inquirer cache-miss
987 http fetch GET 200 https://registry.npmjs.org/globby 141ms (cache miss)
988 silly packumentCache full:https://registry.npmjs.org/globby set size:undefined disposed:false
989 silly fetch manifest url-join@5.0.0
990 silly packumentCache full:https://registry.npmjs.org/url-join cache-miss
991 http fetch GET 200 https://registry.npmjs.org/semver 161ms (cache miss)
992 silly packumentCache full:https://registry.npmjs.org/semver set size:undefined disposed:false
993 silly fetch manifest mime-types@2.1.35
994 silly packumentCache full:https://registry.npmjs.org/mime-types cache-miss
995 http fetch GET 200 https://registry.npmjs.org/got 291ms (cache miss)
996 silly packumentCache full:https://registry.npmjs.org/got set size:undefined disposed:false
997 silly fetch manifest node-fetch@3.3.1
998 silly packumentCache full:https://registry.npmjs.org/node-fetch cache-miss
999 http fetch GET 200 https://registry.npmjs.org/os-name 204ms (cache miss)
1000 silly packumentCache full:https://registry.npmjs.org/os-name set size:undefined disposed:false
1001 silly fetch manifest @iarna/toml@2.2.5
1002 silly packumentCache full:https://registry.npmjs.org/@iarna%2ftoml cache-miss
1003 http fetch GET 200 https://registry.npmjs.org/url-join 133ms (cache miss)
1004 silly packumentCache full:https://registry.npmjs.org/url-join set size:undefined disposed:false
1005 silly fetch manifest async-retry@1.3.3
1006 silly packumentCache full:https://registry.npmjs.org/async-retry cache-miss
1007 http fetch GET 200 https://registry.npmjs.org/shelljs 215ms (cache miss)
1008 silly packumentCache full:https://registry.npmjs.org/shelljs set size:undefined disposed:false
1009 silly fetch manifest cosmiconfig@8.1.3
1010 silly packumentCache full:https://registry.npmjs.org/cosmiconfig cache-miss
1011 http fetch GET 200 https://registry.npmjs.org/inquirer 211ms (cache miss)
1012 silly packumentCache full:https://registry.npmjs.org/inquirer set size:undefined disposed:false
1013 silly fetch manifest proxy-agent@6.2.1
1014 silly packumentCache full:https://registry.npmjs.org/proxy-agent cache-miss
1015 http fetch GET 200 https://registry.npmjs.org/mime-types 210ms (cache revalidated)
1016 silly packumentCache full:https://registry.npmjs.org/mime-types set size:139110 disposed:false
1017 silly fetch manifest issue-parser@6.0.0
1018 silly packumentCache full:https://registry.npmjs.org/issue-parser cache-miss
1019 http fetch GET 200 https://registry.npmjs.org/async-retry 140ms (cache miss)
1020 silly packumentCache full:https://registry.npmjs.org/async-retry set size:undefined disposed:false
1021 silly fetch manifest yargs-parser@21.1.1
1022 silly packumentCache full:https://registry.npmjs.org/yargs-parser cache-miss
1023 http fetch GET 200 https://registry.npmjs.org/@iarna%2ftoml 175ms (cache miss)
1024 silly packumentCache full:https://registry.npmjs.org/@iarna%2ftoml set size:undefined disposed:false
1025 silly fetch manifest @octokit/rest@19.0.11
1026 silly packumentCache full:https://registry.npmjs.org/@octokit%2frest cache-miss
1027 http fetch GET 200 https://registry.npmjs.org/cosmiconfig 160ms (cache miss)
1028 silly packumentCache full:https://registry.npmjs.org/cosmiconfig set size:undefined disposed:false
1029 silly fetch manifest git-url-parse@13.1.0
1030 silly packumentCache full:https://registry.npmjs.org/git-url-parse cache-miss
1031 http fetch GET 200 https://registry.npmjs.org/proxy-agent 129ms (cache miss)
1032 silly packumentCache full:https://registry.npmjs.org/proxy-agent set size:undefined disposed:false
1033 silly fetch manifest wildcard-match@5.1.2
1034 silly packumentCache full:https://registry.npmjs.org/wildcard-match cache-miss
1035 http fetch GET 200 https://registry.npmjs.org/issue-parser 105ms (cache miss)
1036 silly packumentCache full:https://registry.npmjs.org/issue-parser set size:undefined disposed:false
1037 silly fetch manifest update-notifier@6.0.2
1038 silly packumentCache full:https://registry.npmjs.org/update-notifier cache-miss
1039 http fetch GET 200 https://registry.npmjs.org/node-fetch 305ms (cache miss)
1040 silly packumentCache full:https://registry.npmjs.org/node-fetch set size:undefined disposed:false
1041 silly fetch manifest promise.allsettled@1.0.6
1042 silly packumentCache full:https://registry.npmjs.org/promise.allsettled cache-miss
1043 http fetch GET 200 https://registry.npmjs.org/yargs-parser 161ms (cache miss)
1044 silly packumentCache full:https://registry.npmjs.org/yargs-parser set size:undefined disposed:false
1045 silly fetch manifest new-github-release-url@2.0.0
1046 silly packumentCache full:https://registry.npmjs.org/new-github-release-url cache-miss
1047 http fetch GET 200 https://registry.npmjs.org/git-url-parse 147ms (cache miss)
1048 silly packumentCache full:https://registry.npmjs.org/git-url-parse set size:undefined disposed:false
1049 silly fetch manifest semver@^7.7.3
1050 silly packumentCache full:https://registry.npmjs.org/semver cache-miss
1051 http fetch GET 200 https://registry.npmjs.org/update-notifier 129ms (cache miss)
1052 silly packumentCache full:https://registry.npmjs.org/update-notifier set size:undefined disposed:false
1053 silly fetch manifest @img/colour@^1.0.0
1054 silly packumentCache full:https://registry.npmjs.org/@img%2fcolour cache-miss
1055 http cache https://registry.npmjs.org/semver 46ms (cache hit)
1056 silly packumentCache full:https://registry.npmjs.org/semver set size:246128 disposed:false
1057 silly fetch manifest detect-libc@^2.1.2
1058 silly packumentCache full:https://registry.npmjs.org/detect-libc cache-miss
1059 http fetch GET 200 https://registry.npmjs.org/wildcard-match 198ms (cache miss)
1060 silly packumentCache full:https://registry.npmjs.org/wildcard-match set size:undefined disposed:false
1061 silly fetch manifest @img/sharp-wasm32@0.34.5
1062 silly packumentCache full:https://registry.npmjs.org/@img%2fsharp-wasm32 cache-miss
1063 http fetch GET 200 https://registry.npmjs.org/new-github-release-url 114ms (cache miss)
1064 silly packumentCache full:https://registry.npmjs.org/new-github-release-url set size:undefined disposed:false
1065 silly fetch manifest @img/sharp-linux-arm@0.34.5
1066 silly packumentCache full:https://registry.npmjs.org/@img%2fsharp-linux-arm cache-miss
1067 http fetch GET 200 https://registry.npmjs.org/promise.allsettled 156ms (cache miss)
1068 silly packumentCache full:https://registry.npmjs.org/promise.allsettled set size:undefined disposed:false
1069 silly fetch manifest @img/sharp-linux-x64@0.34.5
1070 silly packumentCache full:https://registry.npmjs.org/@img%2fsharp-linux-x64 cache-miss
1071 http fetch GET 200 https://registry.npmjs.org/@octokit%2frest 309ms (cache miss)
1072 silly packumentCache full:https://registry.npmjs.org/@octokit%2frest set size:undefined disposed:false
1073 silly fetch manifest @img/sharp-win32-x64@0.34.5
1074 silly packumentCache full:https://registry.npmjs.org/@img%2fsharp-win32-x64 cache-miss
1075 http fetch GET 200 https://registry.npmjs.org/@img%2fcolour 203ms (cache miss)
1076 silly packumentCache full:https://registry.npmjs.org/@img%2fcolour set size:undefined disposed:false
1077 silly fetch manifest @img/sharp-darwin-x64@0.34.5
1078 silly packumentCache full:https://registry.npmjs.org/@img%2fsharp-darwin-x64 cache-miss
1079 http fetch GET 200 https://registry.npmjs.org/detect-libc 176ms (cache miss)
1080 silly packumentCache full:https://registry.npmjs.org/detect-libc set size:undefined disposed:false
1081 silly fetch manifest @img/sharp-win32-ia32@0.34.5
1082 silly packumentCache full:https://registry.npmjs.org/@img%2fsharp-win32-ia32 cache-miss
1083 http fetch GET 200 https://registry.npmjs.org/@img%2fsharp-wasm32 186ms (cache miss)
1084 silly packumentCache full:https://registry.npmjs.org/@img%2fsharp-wasm32 set size:undefined disposed:false
1085 silly fetch manifest @img/sharp-linux-arm64@0.34.5
1086 silly packumentCache full:https://registry.npmjs.org/@img%2fsharp-linux-arm64 cache-miss
1087 http fetch GET 200 https://registry.npmjs.org/@img%2fsharp-linux-arm 183ms (cache miss)
1088 silly packumentCache full:https://registry.npmjs.org/@img%2fsharp-linux-arm set size:undefined disposed:false
1089 silly fetch manifest @img/sharp-linux-ppc64@0.34.5
1090 silly packumentCache full:https://registry.npmjs.org/@img%2fsharp-linux-ppc64 cache-miss
1091 http fetch GET 200 https://registry.npmjs.org/@img%2fsharp-linux-x64 235ms (cache miss)
1092 silly packumentCache full:https://registry.npmjs.org/@img%2fsharp-linux-x64 set size:undefined disposed:false
1093 silly fetch manifest @img/sharp-linux-s390x@0.34.5
1094 silly packumentCache full:https://registry.npmjs.org/@img%2fsharp-linux-s390x cache-miss
1095 http fetch GET 200 https://registry.npmjs.org/@img%2fsharp-win32-x64 181ms (cache miss)
1096 silly packumentCache full:https://registry.npmjs.org/@img%2fsharp-win32-x64 set size:undefined disposed:false
1097 silly fetch manifest @img/sharp-win32-arm64@0.34.5
1098 silly packumentCache full:https://registry.npmjs.org/@img%2fsharp-win32-arm64 cache-miss
1099 http fetch GET 200 https://registry.npmjs.org/@img%2fsharp-win32-ia32 131ms (cache miss)
1100 silly packumentCache full:https://registry.npmjs.org/@img%2fsharp-win32-ia32 set size:undefined disposed:false
1101 silly fetch manifest @img/sharp-darwin-arm64@0.34.5
1102 silly packumentCache full:https://registry.npmjs.org/@img%2fsharp-darwin-arm64 cache-miss
1103 http fetch GET 200 https://registry.npmjs.org/@img%2fsharp-darwin-x64 152ms (cache miss)
1104 silly packumentCache full:https://registry.npmjs.org/@img%2fsharp-darwin-x64 set size:undefined disposed:false
1105 silly fetch manifest @img/sharp-linux-riscv64@0.34.5
1106 silly packumentCache full:https://registry.npmjs.org/@img%2fsharp-linux-riscv64 cache-miss
1107 http fetch GET 200 https://registry.npmjs.org/@img%2fsharp-linux-ppc64 135ms (cache miss)
1108 silly packumentCache full:https://registry.npmjs.org/@img%2fsharp-linux-ppc64 set size:undefined disposed:false
1109 silly fetch manifest @img/sharp-linuxmusl-x64@0.34.5
1110 silly packumentCache full:https://registry.npmjs.org/@img%2fsharp-linuxmusl-x64 cache-miss
1111 http fetch GET 200 https://registry.npmjs.org/@img%2fsharp-linux-arm64 165ms (cache miss)
1112 silly packumentCache full:https://registry.npmjs.org/@img%2fsharp-linux-arm64 set size:undefined disposed:false
1113 silly fetch manifest @img/sharp-linuxmusl-arm64@0.34.5
1114 silly packumentCache full:https://registry.npmjs.org/@img%2fsharp-linuxmusl-arm64 cache-miss
1115 http fetch GET 200 https://registry.npmjs.org/@img%2fsharp-linux-s390x 138ms (cache miss)
1116 silly packumentCache full:https://registry.npmjs.org/@img%2fsharp-linux-s390x set size:undefined disposed:false
1117 silly fetch manifest @img/sharp-libvips-linux-arm@1.2.4
1118 silly packumentCache full:https://registry.npmjs.org/@img%2fsharp-libvips-linux-arm cache-miss
1119 http fetch GET 200 https://registry.npmjs.org/@img%2fsharp-win32-arm64 122ms (cache miss)
1120 silly packumentCache full:https://registry.npmjs.org/@img%2fsharp-win32-arm64 set size:undefined disposed:false
1121 silly fetch manifest @img/sharp-libvips-linux-x64@1.2.4
1122 silly packumentCache full:https://registry.npmjs.org/@img%2fsharp-libvips-linux-x64 cache-miss
1123 http fetch GET 200 https://registry.npmjs.org/@img%2fsharp-darwin-arm64 123ms (cache miss)
1124 silly packumentCache full:https://registry.npmjs.org/@img%2fsharp-darwin-arm64 set size:undefined disposed:false
1125 silly fetch manifest @img/sharp-libvips-darwin-x64@1.2.4
1126 silly packumentCache full:https://registry.npmjs.org/@img%2fsharp-libvips-darwin-x64 cache-miss
1127 http fetch GET 200 https://registry.npmjs.org/@img%2fsharp-linux-riscv64 125ms (cache miss)
1128 silly packumentCache full:https://registry.npmjs.org/@img%2fsharp-linux-riscv64 set size:undefined disposed:false
1129 silly fetch manifest @img/sharp-libvips-linux-arm64@1.2.4
1130 silly packumentCache full:https://registry.npmjs.org/@img%2fsharp-libvips-linux-arm64 cache-miss
1131 http fetch GET 200 https://registry.npmjs.org/@img%2fsharp-linuxmusl-x64 114ms (cache miss)
1132 silly packumentCache full:https://registry.npmjs.org/@img%2fsharp-linuxmusl-x64 set size:undefined disposed:false
1133 silly fetch manifest @img/sharp-libvips-linux-ppc64@1.2.4
1134 silly packumentCache full:https://registry.npmjs.org/@img%2fsharp-libvips-linux-ppc64 cache-miss
1135 http fetch GET 200 https://registry.npmjs.org/@img%2fsharp-libvips-linux-arm 96ms (cache miss)
1136 silly packumentCache full:https://registry.npmjs.org/@img%2fsharp-libvips-linux-arm set size:undefined disposed:false
1137 silly fetch manifest @img/sharp-libvips-linux-s390x@1.2.4
1138 silly packumentCache full:https://registry.npmjs.org/@img%2fsharp-libvips-linux-s390x cache-miss
1139 http fetch GET 200 https://registry.npmjs.org/@img%2fsharp-libvips-darwin-x64 114ms (cache miss)
1140 silly packumentCache full:https://registry.npmjs.org/@img%2fsharp-libvips-darwin-x64 set size:undefined disposed:false
1141 silly fetch manifest @img/sharp-libvips-darwin-arm64@1.2.4
1142 silly packumentCache full:https://registry.npmjs.org/@img%2fsharp-libvips-darwin-arm64 cache-miss
1143 http fetch GET 200 https://registry.npmjs.org/@img%2fsharp-libvips-linux-x64 141ms (cache miss)
1144 silly packumentCache full:https://registry.npmjs.org/@img%2fsharp-libvips-linux-x64 set size:undefined disposed:false
1145 silly fetch manifest @img/sharp-libvips-linux-riscv64@1.2.4
1146 silly packumentCache full:https://registry.npmjs.org/@img%2fsharp-libvips-linux-riscv64 cache-miss
1147 http fetch GET 200 https://registry.npmjs.org/@img%2fsharp-libvips-linux-ppc64 115ms (cache miss)
1148 silly packumentCache full:https://registry.npmjs.org/@img%2fsharp-libvips-linux-ppc64 set size:undefined disposed:false
1149 silly fetch manifest @img/sharp-libvips-linuxmusl-x64@1.2.4
1150 silly packumentCache full:https://registry.npmjs.org/@img%2fsharp-libvips-linuxmusl-x64 cache-miss
1151 http fetch GET 200 https://registry.npmjs.org/@img%2fsharp-libvips-linux-arm64 147ms (cache miss)
1152 silly packumentCache full:https://registry.npmjs.org/@img%2fsharp-libvips-linux-arm64 set size:undefined disposed:false
1153 silly fetch manifest @img/sharp-libvips-linuxmusl-arm64@1.2.4
1154 silly packumentCache full:https://registry.npmjs.org/@img%2fsharp-libvips-linuxmusl-arm64 cache-miss
1155 http fetch GET 200 https://registry.npmjs.org/@img%2fsharp-libvips-linux-s390x 108ms (cache miss)
1156 silly packumentCache full:https://registry.npmjs.org/@img%2fsharp-libvips-linux-s390x set size:undefined disposed:false
1157 silly fetch manifest json5@2.x
1158 silly packumentCache full:https://registry.npmjs.org/json5 cache-miss
1159 http fetch GET 200 https://registry.npmjs.org/@img%2fsharp-libvips-linux-riscv64 94ms (cache miss)
1160 silly packumentCache full:https://registry.npmjs.org/@img%2fsharp-libvips-linux-riscv64 set size:undefined disposed:false
1161 silly fetch manifest semver@7.x
1162 silly packumentCache full:https://registry.npmjs.org/semver cache-hit
1163 silly fetch manifest bs-logger@0.x
1164 silly packumentCache full:https://registry.npmjs.org/bs-logger cache-miss
1165 http fetch GET 200 https://registry.npmjs.org/@img%2fsharp-libvips-darwin-arm64 136ms (cache miss)
1166 silly packumentCache full:https://registry.npmjs.org/@img%2fsharp-libvips-darwin-arm64 set size:undefined disposed:false
1167 silly fetch manifest jest-util@^27.0.0
1168 silly packumentCache full:https://registry.npmjs.org/jest-util cache-miss
1169 http fetch GET 200 https://registry.npmjs.org/@img%2fsharp-linuxmusl-arm64 351ms (cache miss)
1170 silly packumentCache full:https://registry.npmjs.org/@img%2fsharp-linuxmusl-arm64 set size:undefined disposed:false
1171 silly fetch manifest make-error@1.x
1172 silly packumentCache full:https://registry.npmjs.org/make-error cache-miss
1173 http fetch GET 200 https://registry.npmjs.org/@img%2fsharp-libvips-linuxmusl-x64 141ms (cache miss)
1174 silly packumentCache full:https://registry.npmjs.org/@img%2fsharp-libvips-linuxmusl-x64 set size:undefined disposed:false
1175 silly fetch manifest yargs-parser@20.x
1176 silly packumentCache full:https://registry.npmjs.org/yargs-parser cache-miss
1177 http fetch GET 200 https://registry.npmjs.org/@img%2fsharp-libvips-linuxmusl-arm64 145ms (cache miss)
1178 silly packumentCache full:https://registry.npmjs.org/@img%2fsharp-libvips-linuxmusl-arm64 set size:undefined disposed:false
1179 silly fetch manifest lodash.memoize@4.x
1180 silly packumentCache full:https://registry.npmjs.org/lodash.memoize cache-miss
1181 http fetch GET 200 https://registry.npmjs.org/json5 138ms (cache miss)
1182 silly packumentCache full:https://registry.npmjs.org/json5 set size:undefined disposed:false
1183 silly fetch manifest fast-json-stable-stringify@2.x
1184 silly packumentCache full:https://registry.npmjs.org/fast-json-stable-stringify cache-miss
1185 http cache https://registry.npmjs.org/yargs-parser 82ms (cache hit)
1186 silly packumentCache full:https://registry.npmjs.org/yargs-parser set size:238681 disposed:false
1187 silly fetch manifest yn@3.1.1
1188 silly packumentCache full:https://registry.npmjs.org/yn cache-miss
1189 http fetch GET 200 https://registry.npmjs.org/bs-logger 174ms (cache miss)
1190 silly packumentCache full:https://registry.npmjs.org/bs-logger set size:undefined disposed:false
1191 silly fetch manifest arg@^4.1.0
1192 silly packumentCache full:https://registry.npmjs.org/arg cache-miss
1193 http fetch GET 200 https://registry.npmjs.org/make-error 151ms (cache miss)
1194 silly packumentCache full:https://registry.npmjs.org/make-error set size:undefined disposed:false
1195 silly fetch manifest diff@^4.0.1
1196 silly packumentCache full:https://registry.npmjs.org/diff cache-miss
1197 http fetch GET 200 https://registry.npmjs.org/lodash.memoize 132ms (cache miss)
1198 silly packumentCache full:https://registry.npmjs.org/lodash.memoize set size:undefined disposed:false
1199 silly fetch manifest acorn@^8.4.1
1200 silly packumentCache full:https://registry.npmjs.org/acorn cache-miss
1201 http fetch GET 200 https://registry.npmjs.org/fast-json-stable-stringify 117ms (cache miss)
1202 silly packumentCache full:https://registry.npmjs.org/fast-json-stable-stringify set size:undefined disposed:false
1203 silly fetch manifest acorn-walk@^8.1.1
1204 silly packumentCache full:https://registry.npmjs.org/acorn-walk cache-miss
1205 http fetch GET 200 https://registry.npmjs.org/yn 95ms (cache miss)
1206 silly packumentCache full:https://registry.npmjs.org/yn set size:undefined disposed:false
1207 silly fetch manifest make-error@^1.1.1
1208 silly packumentCache full:https://registry.npmjs.org/make-error cache-miss
1209 http fetch GET 200 https://registry.npmjs.org/arg 90ms (cache miss)
1210 silly packumentCache full:https://registry.npmjs.org/arg set size:undefined disposed:false
1211 silly fetch manifest create-require@^1.1.0
1212 silly packumentCache full:https://registry.npmjs.org/create-require cache-miss
1213 http fetch GET 200 https://registry.npmjs.org/jest-util 265ms (cache miss)
1214 silly packumentCache full:https://registry.npmjs.org/jest-util set size:undefined disposed:false
1215 silly fetch manifest @tsconfig/node10@^1.0.7
1216 silly packumentCache full:https://registry.npmjs.org/@tsconfig%2fnode10 cache-miss
1217 http cache https://registry.npmjs.org/make-error 65ms (cache hit)
1218 silly packumentCache full:https://registry.npmjs.org/make-error set size:45218 disposed:false
1219 silly fetch manifest @tsconfig/node12@^1.0.7
1220 silly packumentCache full:https://registry.npmjs.org/@tsconfig%2fnode12 cache-miss
1221 http fetch GET 200 https://registry.npmjs.org/create-require 105ms (cache miss)
1222 silly packumentCache full:https://registry.npmjs.org/create-require set size:undefined disposed:false
1223 silly fetch manifest @tsconfig/node14@^1.0.0
1224 silly packumentCache full:https://registry.npmjs.org/@tsconfig%2fnode14 cache-miss
1225 http fetch GET 200 https://registry.npmjs.org/acorn-walk 155ms (cache miss)
1226 silly packumentCache full:https://registry.npmjs.org/acorn-walk set size:undefined disposed:false
1227 silly fetch manifest @tsconfig/node16@^1.0.2
1228 silly packumentCache full:https://registry.npmjs.org/@tsconfig%2fnode16 cache-miss
1229 http fetch GET 200 https://registry.npmjs.org/diff 192ms (cache miss)
1230 silly packumentCache full:https://registry.npmjs.org/diff set size:undefined disposed:false
1231 silly fetch manifest v8-compile-cache-lib@^3.0.1
1232 silly packumentCache full:https://registry.npmjs.org/v8-compile-cache-lib cache-miss
1233 http fetch GET 200 https://registry.npmjs.org/@tsconfig%2fnode12 106ms (cache miss)
1234 silly packumentCache full:https://registry.npmjs.org/@tsconfig%2fnode12 set size:undefined disposed:false
1235 silly fetch manifest @cspotcode/source-map-support@^0.8.0
1236 silly packumentCache full:https://registry.npmjs.org/@cspotcode%2fsource-map-support cache-miss
1237 http fetch GET 200 https://registry.npmjs.org/acorn 231ms (cache miss)
1238 silly packumentCache full:https://registry.npmjs.org/acorn set size:undefined disposed:false
1239 silly fetch manifest lunr@^2.3.9
1240 silly packumentCache full:https://registry.npmjs.org/lunr cache-miss
1241 http fetch GET 200 https://registry.npmjs.org/@tsconfig%2fnode10 156ms (cache miss)
1242 silly packumentCache full:https://registry.npmjs.org/@tsconfig%2fnode10 set size:undefined disposed:false
1243 silly fetch manifest yaml@^2.6.1
1244 silly packumentCache full:https://registry.npmjs.org/yaml cache-miss
1245 http fetch GET 200 https://registry.npmjs.org/@tsconfig%2fnode14 122ms (cache miss)
1246 silly packumentCache full:https://registry.npmjs.org/@tsconfig%2fnode14 set size:undefined disposed:false
1247 silly fetch manifest minimatch@^9.0.5
1248 silly packumentCache full:https://registry.npmjs.org/minimatch cache-miss
1249 http fetch GET 200 https://registry.npmjs.org/@tsconfig%2fnode16 118ms (cache miss)
1250 silly packumentCache full:https://registry.npmjs.org/@tsconfig%2fnode16 set size:undefined disposed:false
1251 silly fetch manifest markdown-it@^14.1.0
1252 silly packumentCache full:https://registry.npmjs.org/markdown-it cache-miss
1253 http cache https://registry.npmjs.org/yaml 48ms (cache hit)
1254 silly packumentCache full:https://registry.npmjs.org/yaml set size:386415 disposed:false
1255 silly fetch manifest @gerrit0/mini-shiki@^1.24.0
1256 silly packumentCache full:https://registry.npmjs.org/@gerrit0%2fmini-shiki cache-miss
1257 http fetch GET 200 https://registry.npmjs.org/v8-compile-cache-lib 144ms (cache miss)
1258 silly packumentCache full:https://registry.npmjs.org/v8-compile-cache-lib set size:undefined disposed:false
1259 http fetch GET 200 https://registry.npmjs.org/@cspotcode%2fsource-map-support 129ms (cache miss)
1260 silly packumentCache full:https://registry.npmjs.org/@cspotcode%2fsource-map-support set size:undefined disposed:false
1261 http cache https://registry.npmjs.org/minimatch 69ms (cache hit)
1262 silly packumentCache full:https://registry.npmjs.org/minimatch set size:377924 disposed:false
1263 http fetch GET 200 https://registry.npmjs.org/lunr 131ms (cache miss)
1264 silly packumentCache full:https://registry.npmjs.org/lunr set size:undefined disposed:false
1265 http fetch GET 200 https://registry.npmjs.org/@gerrit0%2fmini-shiki 305ms (cache miss)
1266 silly packumentCache full:https://registry.npmjs.org/@gerrit0%2fmini-shiki set size:undefined disposed:false
1267 http fetch GET 200 https://registry.npmjs.org/markdown-it 357ms (cache miss)
1268 silly packumentCache full:https://registry.npmjs.org/markdown-it set size:undefined disposed:false
1269 silly fetch manifest eslint@^9.0.0 || ^10.0.0
1270 silly packumentCache full:https://registry.npmjs.org/eslint cache-miss
1271 http cache https://registry.npmjs.org/eslint 22ms (cache hit)
1272 silly packumentCache full:https://registry.npmjs.org/eslint set size:2085131 disposed:false
1273 silly fetch manifest jiti@*
1274 silly packumentCache full:https://registry.npmjs.org/jiti cache-miss
1275 http cache https://registry.npmjs.org/jiti 17ms (cache hit)
1276 silly packumentCache full:https://registry.npmjs.org/jiti set size:387989 disposed:false
1277 silly fetch manifest eslint@>=5.0.0
1278 silly packumentCache full:https://registry.npmjs.org/eslint cache-miss
1279 http cache https://registry.npmjs.org/eslint 51ms (cache hit)
1280 silly packumentCache full:https://registry.npmjs.org/eslint set size:2085131 disposed:false
1281 silly placeDep node_modules/@adiwajshing/eslint-config @stylistic/eslint-plugin@5.10.0 OK for: @adiwajshing/oxlint-config@3.0.0 want: ^5.10.0
1282 silly placeDep node_modules/@adiwajshing/eslint-config eslint@10.11.0 OK for: @stylistic/eslint-plugin@5.10.0 want: ^9.0.0 || ^10.0.0
1283 silly placeDep ROOT eslint-plugin-simple-import-sort@14.0.0 OK for: @adiwajshing/oxlint-config@3.0.0 want: ^14.0.0
1284 silly fetch manifest espree@^10.4.0
1285 silly packumentCache full:https://registry.npmjs.org/espree cache-miss
1286 silly fetch manifest picomatch@^4.0.3
1287 silly packumentCache full:https://registry.npmjs.org/picomatch cache-miss
1288 silly fetch manifest estraverse@^5.3.0
1289 silly packumentCache full:https://registry.npmjs.org/estraverse cache-miss
1290 silly fetch manifest eslint-visitor-keys@^4.2.1
1291 silly packumentCache full:https://registry.npmjs.org/eslint-visitor-keys cache-miss
1292 silly fetch manifest @typescript-eslint/types@^8.56.0
1293 silly packumentCache full:https://registry.npmjs.org/@typescript-eslint%2ftypes cache-miss
1294 silly fetch manifest @eslint-community/eslint-utils@^4.9.1
1295 silly packumentCache full:https://registry.npmjs.org/@eslint-community%2feslint-utils cache-miss
1296 http cache https://registry.npmjs.org/espree 32ms (cache hit)
1297 silly packumentCache full:https://registry.npmjs.org/espree set size:326080 disposed:false
1298 silly fetch manifest ajv@^6.14.0
1299 silly packumentCache full:https://registry.npmjs.org/ajv cache-miss
1300 http cache https://registry.npmjs.org/@eslint-community%2feslint-utils 47ms (cache hit)
1301 silly packumentCache full:https://registry.npmjs.org/@eslint-community%2feslint-utils set size:108339 disposed:false
1302 silly fetch manifest espree@^11.2.0
1303 silly packumentCache full:https://registry.npmjs.org/espree cache-hit
1304 silly fetch manifest esquery@^1.7.0
1305 silly packumentCache full:https://registry.npmjs.org/esquery cache-miss
1306 http cache https://registry.npmjs.org/eslint-visitor-keys 64ms (cache hit)
1307 silly packumentCache full:https://registry.npmjs.org/eslint-visitor-keys set size:69949 disposed:false
1308 silly fetch manifest minimatch@^10.2.5
1309 silly packumentCache full:https://registry.npmjs.org/minimatch cache-hit
1310 silly fetch manifest cross-spawn@^7.0.6
1311 silly packumentCache full:https://registry.npmjs.org/cross-spawn cache-miss
1312 http cache https://registry.npmjs.org/ajv 58ms (cache hit)
1313 silly packumentCache full:https://registry.npmjs.org/ajv set size:1142658 disposed:false
1314 silly fetch manifest @eslint/core@^1.2.1
1315 silly packumentCache full:https://registry.npmjs.org/@eslint%2fcore cache-miss
1316 http cache https://registry.npmjs.org/esquery 101ms (cache hit)
1317 silly packumentCache full:https://registry.npmjs.org/esquery set size:48888 disposed:false
1318 silly fetch manifest eslint-scope@^9.1.2
1319 silly packumentCache full:https://registry.npmjs.org/eslint-scope cache-miss
1320 http cache https://registry.npmjs.org/cross-spawn 94ms (cache hit)
1321 silly packumentCache full:https://registry.npmjs.org/cross-spawn set size:109066 disposed:false
1322 silly fetch manifest @humanfs/node@^0.16.6
1323 silly packumentCache full:https://registry.npmjs.org/@humanfs%2fnode cache-miss
1324 http fetch GET 200 https://registry.npmjs.org/estraverse 204ms (cache miss)
1325 silly packumentCache full:https://registry.npmjs.org/estraverse set size:undefined disposed:false
1326 silly fetch manifest @types/estree@^1.0.6
1327 silly packumentCache full:https://registry.npmjs.org/@types%2festree cache-miss
1328 http cache https://registry.npmjs.org/eslint-scope 54ms (cache hit)
1329 silly packumentCache full:https://registry.npmjs.org/eslint-scope set size:98867 disposed:false
1330 silly fetch manifest file-entry-cache@11.1.5 || >11.1.6 <12
1331 silly packumentCache full:https://registry.npmjs.org/file-entry-cache cache-miss
1332 http fetch GET 200 https://registry.npmjs.org/picomatch 240ms (cache miss)
1333 silly packumentCache full:https://registry.npmjs.org/picomatch set size:undefined disposed:false
1334 silly fetch manifest @eslint/plugin-kit@^0.7.3
1335 silly packumentCache full:https://registry.npmjs.org/@eslint%2fplugin-kit cache-miss
1336 http cache https://registry.npmjs.org/file-entry-cache 33ms (cache hit)
1337 silly packumentCache full:https://registry.npmjs.org/file-entry-cache set size:127681 disposed:false
1338 silly fetch manifest eslint-visitor-keys@^5.0.1
1339 silly packumentCache full:https://registry.npmjs.org/eslint-visitor-keys cache-hit
1340 silly fetch manifest @eslint/config-array@^0.23.5
1341 silly packumentCache full:https://registry.npmjs.org/@eslint%2fconfig-array cache-miss
1342 http fetch GET 200 https://registry.npmjs.org/@eslint%2fcore 150ms (cache miss)
1343 silly packumentCache full:https://registry.npmjs.org/@eslint%2fcore set size:undefined disposed:false
1344 silly fetch manifest @humanwhocodes/retry@^0.4.2
1345 silly packumentCache full:https://registry.npmjs.org/@humanwhocodes%2fretry cache-miss
1346 http fetch GET 200 https://registry.npmjs.org/@humanfs%2fnode 147ms (cache miss)
1347 silly packumentCache full:https://registry.npmjs.org/@humanfs%2fnode set size:undefined disposed:false
1348 silly fetch manifest @eslint/config-helpers@^0.7.0
1349 silly packumentCache full:https://registry.npmjs.org/@eslint%2fconfig-helpers cache-miss
1350 http fetch GET 200 https://registry.npmjs.org/@types%2festree 178ms (cache miss)
1351 silly packumentCache full:https://registry.npmjs.org/@types%2festree set size:undefined disposed:false
1352 silly fetch manifest @eslint-community/regexpp@^4.12.2
1353 silly packumentCache full:https://registry.npmjs.org/@eslint-community%2fregexpp cache-miss
1354 http fetch GET 200 https://registry.npmjs.org/@eslint%2fplugin-kit 166ms (cache miss)
1355 silly packumentCache full:https://registry.npmjs.org/@eslint%2fplugin-kit set size:undefined disposed:false
1356 silly fetch manifest @eslint-community/eslint-utils@^4.8.0
1357 silly packumentCache full:https://registry.npmjs.org/@eslint-community%2feslint-utils cache-hit
1358 http fetch GET 200 https://registry.npmjs.org/@eslint%2fconfig-array 153ms (cache miss)
1359 silly packumentCache full:https://registry.npmjs.org/@eslint%2fconfig-array set size:undefined disposed:false
1360 http cache https://registry.npmjs.org/@eslint-community%2fregexpp 48ms (cache hit)
1361 silly packumentCache full:https://registry.npmjs.org/@eslint-community%2fregexpp set size:106609 disposed:false
1362 http fetch GET 200 https://registry.npmjs.org/@humanwhocodes%2fretry 133ms (cache miss)
1363 silly packumentCache full:https://registry.npmjs.org/@humanwhocodes%2fretry set size:undefined disposed:false
1364 http fetch GET 200 https://registry.npmjs.org/@eslint%2fconfig-helpers 128ms (cache miss)
1365 silly packumentCache full:https://registry.npmjs.org/@eslint%2fconfig-helpers set size:undefined disposed:false
1366 http fetch GET 200 https://registry.npmjs.org/@typescript-eslint%2ftypes 1384ms (cache miss)
1367 silly packumentCache full:https://registry.npmjs.org/@typescript-eslint%2ftypes set size:undefined disposed:false
1368 silly placeDep ROOT cacheable@2.5.0 OK for: @cacheable/node-cache@1.7.6 want: ^2.3.1
1369 silly placeDep ROOT hookified@1.15.1 OK for: @cacheable/node-cache@1.7.6 want: ^1.14.0
1370 silly placeDep ROOT keyv@5.6.0 OK for: @cacheable/node-cache@1.7.6 want: ^5.5.5
1371 silly fetch manifest keyv@^5.6.0
1372 silly packumentCache full:https://registry.npmjs.org/keyv cache-miss
1373 silly fetch manifest qified@^0.10.1
1374 silly packumentCache full:https://registry.npmjs.org/qified cache-miss
1375 silly fetch manifest hookified@^1.15.0
1376 silly packumentCache full:https://registry.npmjs.org/hookified cache-miss
1377 silly fetch manifest @cacheable/utils@^2.5.0
1378 silly packumentCache full:https://registry.npmjs.org/@cacheable%2futils cache-miss
1379 silly fetch manifest @cacheable/memory@^2.2.0
1380 silly packumentCache full:https://registry.npmjs.org/@cacheable%2fmemory cache-miss
1381 silly fetch manifest @keyv/serialize@^1.1.1
1382 silly packumentCache full:https://registry.npmjs.org/@keyv%2fserialize cache-miss
1383 http cache https://registry.npmjs.org/keyv 129ms (cache hit)
1384 silly packumentCache full:https://registry.npmjs.org/keyv set size:227033 disposed:false
1385 http cache https://registry.npmjs.org/hookified 141ms (cache hit)
1386 silly packumentCache full:https://registry.npmjs.org/hookified set size:167463 disposed:false
1387 http fetch GET 200 https://registry.npmjs.org/@keyv%2fserialize 155ms (cache miss)
1388 silly packumentCache full:https://registry.npmjs.org/@keyv%2fserialize set size:undefined disposed:false
1389 http fetch GET 200 https://registry.npmjs.org/@cacheable%2fmemory 160ms (cache miss)
1390 silly packumentCache full:https://registry.npmjs.org/@cacheable%2fmemory set size:undefined disposed:false
1391 http fetch GET 200 https://registry.npmjs.org/qified 169ms (cache miss)
1392 silly packumentCache full:https://registry.npmjs.org/qified set size:undefined disposed:false
1393 http fetch GET 200 https://registry.npmjs.org/@cacheable%2futils 173ms (cache miss)
1394 silly packumentCache full:https://registry.npmjs.org/@cacheable%2futils set size:undefined disposed:false
1395 silly placeDep ROOT @hapi/hoek@9.3.0 OK for: @hapi/boom@9.1.4 want: 9.x.x
1396 silly placeDep ROOT @types/tough-cookie@4.0.5 OK for: @types/got@9.6.12 want: *
1397 silly placeDep ROOT form-data@2.5.6 OK for: @types/got@9.6.12 want: ^2.5.0
1398 silly fetch manifest hasown@^2.0.4
1399 silly packumentCache full:https://registry.npmjs.org/hasown cache-miss
1400 silly fetch manifest asynckit@^0.4.0
1401 silly packumentCache full:https://registry.npmjs.org/asynckit cache-miss
1402 silly fetch manifest mime-types@^2.1.35
1403 silly packumentCache full:https://registry.npmjs.org/mime-types cache-hit
1404 silly fetch manifest safe-buffer@^5.2.1
1405 silly packumentCache full:https://registry.npmjs.org/safe-buffer cache-miss
1406 silly fetch manifest combined-stream@^1.0.8
1407 silly packumentCache full:https://registry.npmjs.org/combined-stream cache-miss
1408 silly fetch manifest es-set-tostringtag@^2.1.0
1409 silly packumentCache full:https://registry.npmjs.org/es-set-tostringtag cache-miss
1410 http fetch GET 200 https://registry.npmjs.org/hasown 129ms (cache revalidated)
1411 silly packumentCache full:https://registry.npmjs.org/hasown set size:18361 disposed:false
1412 http fetch GET 200 https://registry.npmjs.org/combined-stream 127ms (cache miss)
1413 silly packumentCache full:https://registry.npmjs.org/combined-stream set size:undefined disposed:false
1414 http fetch GET 200 https://registry.npmjs.org/es-set-tostringtag 133ms (cache miss)
1415 silly packumentCache full:https://registry.npmjs.org/es-set-tostringtag set size:undefined disposed:false
1416 http fetch GET 200 https://registry.npmjs.org/asynckit 145ms (cache miss)
1417 silly packumentCache full:https://registry.npmjs.org/asynckit set size:undefined disposed:false
1418 http fetch GET 200 https://registry.npmjs.org/safe-buffer 144ms (cache miss)
1419 silly packumentCache full:https://registry.npmjs.org/safe-buffer set size:undefined disposed:false
1420 silly placeDep ROOT jest-matcher-utils@27.5.1 OK for: @types/jest@27.5.2 want: ^27.0.0
1421 silly placeDep ROOT pretty-format@27.5.1 OK for: @types/jest@27.5.2 want: ^27.0.0
1422 silly fetch manifest jest-diff@^27.5.1
1423 silly packumentCache full:https://registry.npmjs.org/jest-diff cache-miss
1424 silly fetch manifest jest-get-type@^27.5.1
1425 silly packumentCache full:https://registry.npmjs.org/jest-get-type cache-miss
1426 silly fetch manifest pretty-format@^27.5.1
1427 silly packumentCache full:https://registry.npmjs.org/pretty-format cache-miss
1428 silly fetch manifest react-is@^17.0.1
1429 silly packumentCache full:https://registry.npmjs.org/react-is cache-miss
1430 silly fetch manifest ansi-regex@^5.0.1
1431 silly packumentCache full:https://registry.npmjs.org/ansi-regex cache-miss
1432 silly fetch manifest ansi-styles@^5.0.0
1433 silly packumentCache full:https://registry.npmjs.org/ansi-styles cache-miss
1434 http cache https://registry.npmjs.org/pretty-format 32ms (cache hit)
1435 silly packumentCache full:https://registry.npmjs.org/pretty-format set size:618744 disposed:false
1436 http fetch GET 200 https://registry.npmjs.org/ansi-regex 102ms (cache miss)
1437 silly packumentCache full:https://registry.npmjs.org/ansi-regex set size:undefined disposed:false
1438 http fetch GET 200 https://registry.npmjs.org/jest-get-type 147ms (cache miss)
1439 silly packumentCache full:https://registry.npmjs.org/jest-get-type set size:undefined disposed:false
1440 http fetch GET 200 https://registry.npmjs.org/ansi-styles 151ms (cache miss)
1441 silly packumentCache full:https://registry.npmjs.org/ansi-styles set size:undefined disposed:false
1442 http fetch GET 200 https://registry.npmjs.org/jest-diff 214ms (cache miss)
1443 silly packumentCache full:https://registry.npmjs.org/jest-diff set size:undefined disposed:false
1444 http fetch GET 200 https://registry.npmjs.org/react-is 924ms (cache miss)
1445 silly packumentCache full:https://registry.npmjs.org/react-is set size:undefined disposed:false
1446 silly placeDep ROOT tslib@2.8.1 OK for: async-mutex@0.5.0 want: ^2.4.0
1447 silly placeDep ROOT follow-redirects@1.16.0 OK for: axios@1.20.0 want: ^1.16.0
1448 silly placeDep node_modules/axios form-data@4.0.6 OK for: axios@1.20.0 want: ^4.0.6
1449 silly placeDep ROOT https-proxy-agent@5.0.1 OK for: axios@1.20.0 want: ^5.0.1
1450 silly placeDep ROOT proxy-from-env@2.1.0 OK for: axios@1.20.0 want: ^2.1.0
1451 silly fetch manifest debug@4
1452 silly packumentCache full:https://registry.npmjs.org/debug cache-hit
1453 silly fetch manifest agent-base@6
1454 silly packumentCache full:https://registry.npmjs.org/agent-base cache-miss
1455 http fetch GET 200 https://registry.npmjs.org/agent-base 106ms (cache miss)
1456 silly packumentCache full:https://registry.npmjs.org/agent-base set size:undefined disposed:false
1457 silly placeDep ROOT eventemitter3@5.0.4 OK for: cache-manager@5.7.6 want: ^5.0.1
1458 silly placeDep ROOT lodash.clonedeep@4.5.0 OK for: cache-manager@5.7.6 want: ^4.5.0
1459 silly placeDep ROOT lru-cache@10.4.3 OK for: cache-manager@5.7.6 want: ^10.2.2
1460 silly placeDep ROOT promise-coalesce@1.5.0 OK for: cache-manager@5.7.6 want: ^1.1.2
1461 silly placeDep ROOT @cacheable/memory@2.2.0 OK for: cacheable@2.5.0 want: ^2.2.0
1462 silly placeDep ROOT @cacheable/utils@2.5.0 OK for: cacheable@2.5.0 want: ^2.5.0
1463 silly placeDep ROOT qified@0.10.1 OK for: cacheable@2.5.0 want: ^0.10.1
1464 silly fetch manifest @keyv/bigmap@^1.3.1
1465 silly packumentCache full:https://registry.npmjs.org/@keyv%2fbigmap cache-miss
1466 silly fetch manifest hashery@^1.5.1
1467 silly packumentCache full:https://registry.npmjs.org/hashery cache-miss
1468 silly fetch manifest hookified@^2.1.1
1469 silly packumentCache full:https://registry.npmjs.org/hookified cache-hit
1470 http fetch GET 200 https://registry.npmjs.org/hashery 83ms (cache miss)
1471 silly packumentCache full:https://registry.npmjs.org/hashery set size:undefined disposed:false
1472 http fetch GET 200 https://registry.npmjs.org/@keyv%2fbigmap 97ms (cache miss)
1473 silly packumentCache full:https://registry.npmjs.org/@keyv%2fbigmap set size:undefined disposed:false
1474 silly placeDep ROOT @keyv/bigmap@1.3.1 OK for: @cacheable/memory@2.2.0 want: ^1.3.1
1475 silly fetch manifest hashery@^1.4.0
1476 silly packumentCache full:https://registry.npmjs.org/hashery cache-miss
1477 http cache https://registry.npmjs.org/hashery 10ms (cache hit)
1478 silly packumentCache full:https://registry.npmjs.org/hashery set size:32683 disposed:false
1479 silly placeDep ROOT hashery@1.5.1 OK for: @cacheable/utils@2.5.0 want: ^1.5.1
1480 silly placeDep ROOT cheerio-select@2.1.0 OK for: cheerio@1.2.0 want: ^2.1.0
1481 silly placeDep ROOT dom-serializer@2.0.0 OK for: cheerio@1.2.0 want: ^2.0.0
1482 silly placeDep ROOT domhandler@5.0.3 OK for: cheerio@1.2.0 want: ^5.0.3
1483 silly placeDep ROOT domutils@3.2.2 OK for: cheerio@1.2.0 want: ^3.2.2
1484 silly placeDep ROOT encoding-sniffer@0.2.1 OK for: cheerio@1.2.0 want: ^0.2.1
1485 silly placeDep ROOT htmlparser2@10.1.0 OK for: cheerio@1.2.0 want: ^10.1.0
1486 silly placeDep ROOT parse5@7.3.0 OK for: cheerio@1.2.0 want: ^7.3.0
1487 silly placeDep ROOT parse5-htmlparser2-tree-adapter@7.1.0 OK for: cheerio@1.2.0 want: ^7.1.0
1488 silly placeDep ROOT parse5-parser-stream@7.1.2 OK for: cheerio@1.2.0 want: ^7.1.2
1489 silly placeDep ROOT undici@7.30.0 OK for: cheerio@1.2.0 want: ^7.19.0
1490 silly placeDep ROOT whatwg-mimetype@4.0.0 OK for: cheerio@1.2.0 want: ^4.0.0
1491 silly fetch manifest boolbase@^1.0.0
1492 silly packumentCache full:https://registry.npmjs.org/boolbase cache-miss
1493 silly fetch manifest css-what@^6.1.0
1494 silly packumentCache full:https://registry.npmjs.org/css-what cache-miss
1495 silly fetch manifest domutils@^3.0.1
1496 silly packumentCache full:https://registry.npmjs.org/domutils cache-miss
1497 silly fetch manifest css-select@^5.1.0
1498 silly packumentCache full:https://registry.npmjs.org/css-select cache-miss
1499 silly fetch manifest domelementtype@^2.3.0
1500 silly packumentCache full:https://registry.npmjs.org/domelementtype cache-miss
1501 silly fetch manifest entities@^4.2.0
1502 silly packumentCache full:https://registry.npmjs.org/entities cache-miss
1503 http cache https://registry.npmjs.org/domutils 29ms (cache hit)
1504 silly packumentCache full:https://registry.npmjs.org/domutils set size:110068 disposed:false
1505 silly fetch manifest domhandler@^5.0.2
1506 silly packumentCache full:https://registry.npmjs.org/domhandler cache-miss
1507 http cache https://registry.npmjs.org/domhandler 6ms (cache hit)
1508 silly packumentCache full:https://registry.npmjs.org/domhandler set size:78187 disposed:false
1509 silly fetch manifest domelementtype@^2.3.0
1510 silly packumentCache full:https://registry.npmjs.org/domelementtype cache-miss
1511 http fetch GET 200 https://registry.npmjs.org/boolbase 93ms (cache miss)
1512 silly packumentCache full:https://registry.npmjs.org/boolbase set size:undefined disposed:false
1513 silly fetch manifest domelementtype@^2.3.0
1514 silly packumentCache full:https://registry.npmjs.org/domelementtype cache-miss
1515 http fetch GET 200 https://registry.npmjs.org/domelementtype 105ms (cache miss)
1516 silly packumentCache full:https://registry.npmjs.org/domelementtype set size:undefined disposed:false
1517 silly fetch manifest iconv-lite@^0.6.3
1518 silly packumentCache full:https://registry.npmjs.org/iconv-lite cache-miss
1519 http fetch GET 200 https://registry.npmjs.org/domelementtype 95ms (cache miss)
1520 silly packumentCache full:https://registry.npmjs.org/domelementtype set size:undefined disposed:false
1521 silly fetch manifest whatwg-encoding@^3.1.1
1522 silly packumentCache full:https://registry.npmjs.org/whatwg-encoding cache-miss
1523 http fetch GET 200 https://registry.npmjs.org/css-what 166ms (cache miss)
1524 silly packumentCache full:https://registry.npmjs.org/css-what set size:undefined disposed:false
1525 silly fetch manifest entities@^7.0.1
1526 silly packumentCache full:https://registry.npmjs.org/entities cache-miss
1527 http fetch GET 200 https://registry.npmjs.org/entities 174ms (cache miss)
1528 silly packumentCache full:https://registry.npmjs.org/entities set size:undefined disposed:false
1529 silly fetch manifest entities@^6.0.0
1530 silly packumentCache full:https://registry.npmjs.org/entities cache-miss
1531 http fetch GET 200 https://registry.npmjs.org/css-select 197ms (cache miss)
1532 silly packumentCache full:https://registry.npmjs.org/css-select set size:undefined disposed:false
1533 http fetch GET 200 https://registry.npmjs.org/domelementtype 115ms (cache miss)
1534 silly packumentCache full:https://registry.npmjs.org/domelementtype set size:undefined disposed:false
1535 http cache https://registry.npmjs.org/entities 44ms (cache hit)
1536 silly packumentCache full:https://registry.npmjs.org/entities set size:104868 disposed:false
1537 http cache https://registry.npmjs.org/entities 31ms (cache hit)
1538 silly packumentCache full:https://registry.npmjs.org/entities set size:104868 disposed:false
1539 silly packumentCache full:https://registry.npmjs.org/entities dispose
1540 http fetch GET 200 https://registry.npmjs.org/iconv-lite 131ms (cache revalidated)
1541 silly packumentCache full:https://registry.npmjs.org/iconv-lite set size:126462 disposed:false
1542 http fetch GET 200 https://registry.npmjs.org/whatwg-encoding 110ms (cache miss)
1543 silly packumentCache full:https://registry.npmjs.org/whatwg-encoding set size:undefined disposed:false
1544 silly placeDep ROOT boolbase@1.0.0 OK for: cheerio-select@2.1.0 want: ^1.0.0
1545 silly placeDep ROOT css-select@5.2.2 OK for: cheerio-select@2.1.0 want: ^5.1.0
1546 silly placeDep ROOT css-what@6.2.2 OK for: cheerio-select@2.1.0 want: ^6.1.0
1547 silly placeDep ROOT domelementtype@2.3.0 OK for: cheerio-select@2.1.0 want: ^2.3.0
1548 silly fetch manifest nth-check@^2.0.1
1549 silly packumentCache full:https://registry.npmjs.org/nth-check cache-miss
1550 http fetch GET 200 https://registry.npmjs.org/nth-check 79ms (cache miss)
1551 silly packumentCache full:https://registry.npmjs.org/nth-check set size:undefined disposed:false
1552 silly placeDep ROOT add-stream@1.0.0 OK for: conventional-changelog-cli@2.2.2 want: ^1.0.0
1553 silly placeDep ROOT conventional-changelog@3.1.25 OK for: conventional-changelog-cli@2.2.2 want: ^3.1.24
1554 silly placeDep ROOT meow@8.1.2 OK for: conventional-changelog-cli@2.2.2 want: ^8.0.0
1555 silly placeDep ROOT tempfile@3.0.0 OK for: conventional-changelog-cli@2.2.2 want: ^3.0.0
1556 silly fetch manifest conventional-changelog-atom@^2.0.8
1557 silly packumentCache full:https://registry.npmjs.org/conventional-changelog-atom cache-miss
1558 silly fetch manifest conventional-changelog-core@^4.2.1
1559 silly packumentCache full:https://registry.npmjs.org/conventional-changelog-core cache-miss
1560 silly fetch manifest conventional-changelog-ember@^2.0.9
1561 silly packumentCache full:https://registry.npmjs.org/conventional-changelog-ember cache-miss
1562 silly fetch manifest conventional-changelog-eslint@^3.0.9
1563 silly packumentCache full:https://registry.npmjs.org/conventional-changelog-eslint cache-miss
1564 silly fetch manifest conventional-changelog-jquery@^3.0.11
1565 silly packumentCache full:https://registry.npmjs.org/conventional-changelog-jquery cache-miss
1566 silly fetch manifest conventional-changelog-jshint@^2.0.9
1567 silly packumentCache full:https://registry.npmjs.org/conventional-changelog-jshint cache-miss
1568 http fetch GET 200 https://registry.npmjs.org/conventional-changelog-ember 102ms (cache miss)
1569 silly packumentCache full:https://registry.npmjs.org/conventional-changelog-ember set size:undefined disposed:false
1570 silly fetch manifest conventional-changelog-angular@^5.0.12
1571 silly packumentCache full:https://registry.npmjs.org/conventional-changelog-angular cache-miss
1572 http fetch GET 200 https://registry.npmjs.org/conventional-changelog-core 140ms (cache miss)
1573 silly packumentCache full:https://registry.npmjs.org/conventional-changelog-core set size:undefined disposed:false
1574 silly fetch manifest conventional-changelog-express@^2.0.6
1575 silly packumentCache full:https://registry.npmjs.org/conventional-changelog-express cache-miss
1576 http fetch GET 200 https://registry.npmjs.org/conventional-changelog-jquery 149ms (cache miss)
1577 silly packumentCache full:https://registry.npmjs.org/conventional-changelog-jquery set size:undefined disposed:false
1578 silly fetch manifest conventional-changelog-codemirror@^2.0.8
1579 silly packumentCache full:https://registry.npmjs.org/conventional-changelog-codemirror cache-miss
1580 http fetch GET 200 https://registry.npmjs.org/conventional-changelog-jshint 155ms (cache miss)
1581 silly packumentCache full:https://registry.npmjs.org/conventional-changelog-jshint set size:undefined disposed:false
1582 silly fetch manifest conventional-changelog-preset-loader@^2.3.4
1583 silly packumentCache full:https://registry.npmjs.org/conventional-changelog-preset-loader cache-miss
1584 http fetch GET 200 https://registry.npmjs.org/conventional-changelog-angular 94ms (cache miss)
1585 silly packumentCache full:https://registry.npmjs.org/conventional-changelog-angular set size:undefined disposed:false
1586 silly fetch manifest conventional-changelog-conventionalcommits@^4.5.0
1587 silly packumentCache full:https://registry.npmjs.org/conventional-changelog-conventionalcommits cache-miss
1588 http fetch GET 200 https://registry.npmjs.org/conventional-changelog-express 86ms (cache miss)
1589 silly packumentCache full:https://registry.npmjs.org/conventional-changelog-express set size:undefined disposed:false
1590 silly fetch manifest redent@^3.0.0
1591 silly packumentCache full:https://registry.npmjs.org/redent cache-miss
1592 http fetch GET 200 https://registry.npmjs.org/conventional-changelog-preset-loader 94ms (cache miss)
1593 silly packumentCache full:https://registry.npmjs.org/conventional-changelog-preset-loader set size:undefined disposed:false
1594 silly fetch manifest type-fest@^0.18.0
1595 silly packumentCache full:https://registry.npmjs.org/type-fest cache-miss
1596 http fetch GET 200 https://registry.npmjs.org/conventional-changelog-eslint 313ms (cache miss)
1597 silly packumentCache full:https://registry.npmjs.org/conventional-changelog-eslint set size:undefined disposed:false
1598 silly fetch manifest read-pkg-up@^7.0.1
1599 silly packumentCache full:https://registry.npmjs.org/read-pkg-up cache-miss
1600 http fetch GET 200 https://registry.npmjs.org/conventional-changelog-conventionalcommits 108ms (cache miss)
1601 silly packumentCache full:https://registry.npmjs.org/conventional-changelog-conventionalcommits set size:undefined disposed:false
1602 silly fetch manifest yargs-parser@^20.2.3
1603 silly packumentCache full:https://registry.npmjs.org/yargs-parser cache-hit
1604 silly fetch manifest trim-newlines@^3.0.0
1605 silly packumentCache full:https://registry.npmjs.org/trim-newlines cache-miss
1606 http fetch GET 200 https://registry.npmjs.org/conventional-changelog-atom 360ms (cache miss)
1607 silly packumentCache full:https://registry.npmjs.org/conventional-changelog-atom set size:undefined disposed:false
1608 silly fetch manifest camelcase-keys@^6.2.2
1609 silly packumentCache full:https://registry.npmjs.org/camelcase-keys cache-miss
1610 http fetch GET 200 https://registry.npmjs.org/redent 120ms (cache miss)
1611 silly packumentCache full:https://registry.npmjs.org/redent set size:undefined disposed:false
1612 silly fetch manifest hard-rejection@^2.1.0
1613 silly packumentCache full:https://registry.npmjs.org/hard-rejection cache-miss
1614 http fetch GET 200 https://registry.npmjs.org/read-pkg-up 98ms (cache miss)
1615 silly packumentCache full:https://registry.npmjs.org/read-pkg-up set size:undefined disposed:false
1616 silly fetch manifest @types/minimist@^1.2.0
1617 silly packumentCache full:https://registry.npmjs.org/@types%2fminimist cache-miss
1618 http fetch GET 200 https://registry.npmjs.org/type-fest 162ms (cache miss)
1619 silly packumentCache full:https://registry.npmjs.org/type-fest set size:undefined disposed:false
1620 silly fetch manifest decamelize-keys@^1.1.0
1621 silly packumentCache full:https://registry.npmjs.org/decamelize-keys cache-miss
1622 http fetch GET 200 https://registry.npmjs.org/trim-newlines 142ms (cache miss)
1623 silly packumentCache full:https://registry.npmjs.org/trim-newlines set size:undefined disposed:false
1624 silly fetch manifest minimist-options@4.1.0
1625 silly packumentCache full:https://registry.npmjs.org/minimist-options cache-miss
1626 http fetch GET 200 https://registry.npmjs.org/hard-rejection 125ms (cache miss)
1627 silly packumentCache full:https://registry.npmjs.org/hard-rejection set size:undefined disposed:false
1628 silly fetch manifest normalize-package-data@^3.0.0
1629 silly packumentCache full:https://registry.npmjs.org/normalize-package-data cache-miss
1630 http fetch GET 200 https://registry.npmjs.org/conventional-changelog-codemirror 344ms (cache miss)
1631 silly packumentCache full:https://registry.npmjs.org/conventional-changelog-codemirror set size:undefined disposed:false
1632 silly fetch manifest uuid@^3.3.2
1633 silly packumentCache full:https://registry.npmjs.org/uuid cache-miss
1634 http fetch GET 200 https://registry.npmjs.org/camelcase-keys 151ms (cache miss)
1635 silly packumentCache full:https://registry.npmjs.org/camelcase-keys set size:undefined disposed:false
1636 silly fetch manifest temp-dir@^2.0.0
1637 silly packumentCache full:https://registry.npmjs.org/temp-dir cache-miss
1638 http fetch GET 200 https://registry.npmjs.org/@types%2fminimist 115ms (cache miss)
1639 silly packumentCache full:https://registry.npmjs.org/@types%2fminimist set size:undefined disposed:false
1640 http cache https://registry.npmjs.org/uuid 36ms (cache hit)
1641 silly packumentCache full:https://registry.npmjs.org/uuid set size:260936 disposed:false
1642 http fetch GET 200 https://registry.npmjs.org/temp-dir 96ms (cache miss)
1643 silly packumentCache full:https://registry.npmjs.org/temp-dir set size:undefined disposed:false
1644 http fetch GET 200 https://registry.npmjs.org/decamelize-keys 165ms (cache miss)
1645 silly packumentCache full:https://registry.npmjs.org/decamelize-keys set size:undefined disposed:false
1646 http fetch GET 200 https://registry.npmjs.org/minimist-options 144ms (cache miss)
1647 silly packumentCache full:https://registry.npmjs.org/minimist-options set size:undefined disposed:false
1648 http fetch GET 200 https://registry.npmjs.org/normalize-package-data 138ms (cache miss)
1649 silly packumentCache full:https://registry.npmjs.org/normalize-package-data set size:undefined disposed:false
1650 silly placeDep ROOT conventional-changelog-angular@5.0.13 OK for: conventional-changelog@3.1.25 want: ^5.0.12
1651 silly placeDep ROOT conventional-changelog-atom@2.0.8 OK for: conventional-changelog@3.1.25 want: ^2.0.8
1652 silly placeDep ROOT conventional-changelog-codemirror@2.0.8 OK for: conventional-changelog@3.1.25 want: ^2.0.8
1653 silly placeDep ROOT conventional-changelog-conventionalcommits@4.6.3 OK for: conventional-changelog@3.1.25 want: ^4.5.0
1654 silly placeDep ROOT conventional-changelog-core@4.2.4 OK for: conventional-changelog@3.1.25 want: ^4.2.1
1655 silly placeDep ROOT conventional-changelog-ember@2.0.9 OK for: conventional-changelog@3.1.25 want: ^2.0.9
1656 silly placeDep ROOT conventional-changelog-eslint@3.0.9 OK for: conventional-changelog@3.1.25 want: ^3.0.9
1657 silly placeDep ROOT conventional-changelog-express@2.0.6 OK for: conventional-changelog@3.1.25 want: ^2.0.6
1658 silly placeDep ROOT conventional-changelog-jquery@3.0.11 OK for: conventional-changelog@3.1.25 want: ^3.0.11
1659 silly placeDep ROOT conventional-changelog-jshint@2.0.9 OK for: conventional-changelog@3.1.25 want: ^2.0.9
1660 silly placeDep ROOT conventional-changelog-preset-loader@2.3.4 OK for: conventional-changelog@3.1.25 want: ^2.3.4
1661 silly fetch manifest q@^1.5.1
1662 silly packumentCache full:https://registry.npmjs.org/q cache-miss
1663 silly fetch manifest compare-func@^2.0.0
1664 silly packumentCache full:https://registry.npmjs.org/compare-func cache-miss
1665 silly fetch manifest q@^1.5.1
1666 silly packumentCache full:https://registry.npmjs.org/q cache-miss
1667 silly fetch manifest q@^1.5.1
1668 silly packumentCache full:https://registry.npmjs.org/q cache-miss
1669 silly fetch manifest q@^1.5.1
1670 silly packumentCache full:https://registry.npmjs.org/q cache-miss
1671 silly fetch manifest compare-func@^2.0.0
1672 silly packumentCache full:https://registry.npmjs.org/compare-func cache-miss
1673 http fetch GET 200 https://registry.npmjs.org/q 171ms (cache miss)
1674 silly packumentCache full:https://registry.npmjs.org/q set size:undefined disposed:false
1675 silly fetch manifest read-pkg@^3.0.0
1676 silly packumentCache full:https://registry.npmjs.org/read-pkg cache-miss
1677 http fetch GET 200 https://registry.npmjs.org/q 204ms (cache miss)
1678 silly packumentCache full:https://registry.npmjs.org/q set size:undefined disposed:false
1679 silly fetch manifest through2@^4.0.0
1680 silly packumentCache full:https://registry.npmjs.org/through2 cache-miss
1681 http fetch GET 200 https://registry.npmjs.org/q 229ms (cache miss)
1682 silly packumentCache full:https://registry.npmjs.org/q set size:undefined disposed:false
1683 silly fetch manifest dateformat@^3.0.0
1684 silly packumentCache full:https://registry.npmjs.org/dateformat cache-miss
1685 http fetch GET 200 https://registry.npmjs.org/q 247ms (cache miss)
1686 silly packumentCache full:https://registry.npmjs.org/q set size:undefined disposed:false
1687 silly fetch manifest read-pkg-up@^3.0.0
1688 silly packumentCache full:https://registry.npmjs.org/read-pkg-up cache-miss
1689 http cache https://registry.npmjs.org/read-pkg-up 14ms (cache hit)
1690 silly packumentCache full:https://registry.npmjs.org/read-pkg-up set size:35986 disposed:false
1691 silly fetch manifest get-pkg-repo@^4.0.0
1692 silly packumentCache full:https://registry.npmjs.org/get-pkg-repo cache-miss
1693 http fetch GET 200 https://registry.npmjs.org/read-pkg 130ms (cache miss)
1694 silly packumentCache full:https://registry.npmjs.org/read-pkg set size:undefined disposed:false
1695 silly fetch manifest git-raw-commits@^2.0.8
1696 silly packumentCache full:https://registry.npmjs.org/git-raw-commits cache-miss
1697 http fetch GET 200 https://registry.npmjs.org/compare-func 392ms (cache miss)
1698 silly packumentCache full:https://registry.npmjs.org/compare-func set size:undefined disposed:false
1699 silly fetch manifest git-semver-tags@^4.1.1
1700 silly packumentCache full:https://registry.npmjs.org/git-semver-tags cache-miss
1701 http fetch GET 200 https://registry.npmjs.org/compare-func 415ms (cache miss)
1702 silly packumentCache full:https://registry.npmjs.org/compare-func set size:undefined disposed:false
1703 silly fetch manifest git-remote-origin-url@^2.0.0
1704 silly packumentCache full:https://registry.npmjs.org/git-remote-origin-url cache-miss
1705 http fetch GET 200 https://registry.npmjs.org/through2 204ms (cache miss)
1706 silly packumentCache full:https://registry.npmjs.org/through2 set size:undefined disposed:false
1707 silly fetch manifest conventional-commits-parser@^3.2.0
1708 silly packumentCache full:https://registry.npmjs.org/conventional-commits-parser cache-miss
1709 http fetch GET 200 https://registry.npmjs.org/get-pkg-repo 146ms (cache miss)
1710 silly packumentCache full:https://registry.npmjs.org/get-pkg-repo set size:undefined disposed:false
1711 silly fetch manifest conventional-changelog-writer@^5.0.0
1712 silly packumentCache full:https://registry.npmjs.org/conventional-changelog-writer cache-miss
1713 http fetch GET 200 https://registry.npmjs.org/dateformat 211ms (cache miss)
1714 silly packumentCache full:https://registry.npmjs.org/dateformat set size:undefined disposed:false
1715 http fetch GET 200 https://registry.npmjs.org/git-raw-commits 144ms (cache miss)
1716 silly packumentCache full:https://registry.npmjs.org/git-raw-commits set size:undefined disposed:false
1717 http fetch GET 200 https://registry.npmjs.org/git-remote-origin-url 81ms (cache miss)
1718 silly packumentCache full:https://registry.npmjs.org/git-remote-origin-url set size:undefined disposed:false
1719 http fetch GET 200 https://registry.npmjs.org/git-semver-tags 102ms (cache miss)
1720 silly packumentCache full:https://registry.npmjs.org/git-semver-tags set size:undefined disposed:false
1721 http fetch GET 200 https://registry.npmjs.org/conventional-commits-parser 338ms (cache miss)
1722 silly packumentCache full:https://registry.npmjs.org/conventional-commits-parser set size:undefined disposed:false
1723 http fetch GET 200 https://registry.npmjs.org/conventional-changelog-writer 394ms (cache miss)
1724 silly packumentCache full:https://registry.npmjs.org/conventional-changelog-writer set size:undefined disposed:false
1725 silly placeDep ROOT compare-func@2.0.0 OK for: conventional-changelog-angular@5.0.13 want: ^2.0.0
1726 silly placeDep ROOT q@1.5.1 OK for: conventional-changelog-angular@5.0.13 want: ^1.5.1
1727 silly fetch manifest array-ify@^1.0.0
1728 silly packumentCache full:https://registry.npmjs.org/array-ify cache-miss
1729 silly fetch manifest dot-prop@^5.1.0
1730 silly packumentCache full:https://registry.npmjs.org/dot-prop cache-miss
1731 http fetch GET 200 https://registry.npmjs.org/array-ify 210ms (cache miss)
1732 silly packumentCache full:https://registry.npmjs.org/array-ify set size:undefined disposed:false
1733 http fetch GET 200 https://registry.npmjs.org/dot-prop 225ms (cache miss)
1734 silly packumentCache full:https://registry.npmjs.org/dot-prop set size:undefined disposed:false
1735 silly placeDep ROOT array-ify@1.0.0 OK for: compare-func@2.0.0 want: ^1.0.0
1736 silly placeDep ROOT dot-prop@5.3.0 OK for: compare-func@2.0.0 want: ^5.1.0
1737 silly fetch manifest is-obj@^2.0.0
1738 silly packumentCache full:https://registry.npmjs.org/is-obj cache-miss
1739 http fetch GET 200 https://registry.npmjs.org/is-obj 130ms (cache miss)
1740 silly packumentCache full:https://registry.npmjs.org/is-obj set size:undefined disposed:false
1741 silly placeDep ROOT conventional-changelog-writer@5.0.1 OK for: conventional-changelog-core@4.2.4 want: ^5.0.0
1742 silly placeDep ROOT conventional-commits-parser@3.2.4 OK for: conventional-changelog-core@4.2.4 want: ^3.2.0
1743 silly placeDep ROOT dateformat@3.0.3 OK for: conventional-changelog-core@4.2.4 want: ^3.0.0
1744 silly placeDep ROOT get-pkg-repo@4.2.1 OK for: conventional-changelog-core@4.2.4 want: ^4.0.0
1745 silly placeDep ROOT git-raw-commits@2.0.11 OK for: conventional-changelog-core@4.2.4 want: ^2.0.8
1746 silly placeDep ROOT git-remote-origin-url@2.0.0 OK for: conventional-changelog-core@4.2.4 want: ^2.0.0
1747 silly placeDep ROOT git-semver-tags@4.1.1 OK for: conventional-changelog-core@4.2.4 want: ^4.1.1
1748 silly placeDep ROOT normalize-package-data@3.0.3 OK for: conventional-changelog-core@4.2.4 want: ^3.0.0
1749 silly placeDep ROOT read-pkg@3.0.0 OK for: conventional-changelog-core@4.2.4 want: ^3.0.0
1750 silly placeDep ROOT read-pkg-up@3.0.0 OK for: conventional-changelog-core@4.2.4 want: ^3.0.0
1751 silly placeDep ROOT through2@4.0.2 OK for: conventional-changelog-core@4.2.4 want: ^4.0.0
1752 silly fetch manifest split@^1.0.0
1753 silly packumentCache full:https://registry.npmjs.org/split cache-miss
1754 silly fetch manifest semver@^6.0.0
1755 silly packumentCache full:https://registry.npmjs.org/semver cache-hit
1756 silly fetch manifest handlebars@^4.7.7
1757 silly packumentCache full:https://registry.npmjs.org/handlebars cache-miss
1758 silly fetch manifest json-stringify-safe@^5.0.1
1759 silly packumentCache full:https://registry.npmjs.org/json-stringify-safe cache-miss
1760 silly fetch manifest conventional-commits-filter@^2.0.7
1761 silly packumentCache full:https://registry.npmjs.org/conventional-commits-filter cache-miss
1762 silly fetch manifest split2@^3.0.0
1763 silly packumentCache full:https://registry.npmjs.org/split2 cache-miss
1764 silly fetch manifest JSONStream@^1.0.4
1765 silly packumentCache full:https://registry.npmjs.org/JSONStream cache-miss
1766 http fetch GET 200 https://registry.npmjs.org/json-stringify-safe 1110ms (cache miss)
1767 silly packumentCache full:https://registry.npmjs.org/json-stringify-safe set size:undefined disposed:false
1768 silly fetch manifest is-text-path@^1.0.1
1769 silly packumentCache full:https://registry.npmjs.org/is-text-path cache-miss
1770 http fetch GET 200 https://registry.npmjs.org/split 1295ms (cache miss)
1771 silly packumentCache full:https://registry.npmjs.org/split set size:undefined disposed:false
1772 silly fetch manifest @hutson/parse-repository-url@^3.0.0
1773 silly packumentCache full:https://registry.npmjs.org/@hutson%2fparse-repository-url cache-miss
1774 http fetch GET 200 https://registry.npmjs.org/split2 1415ms (cache miss)
1775 silly packumentCache full:https://registry.npmjs.org/split2 set size:undefined disposed:false
1776 silly fetch manifest hosted-git-info@^4.0.0
1777 silly packumentCache full:https://registry.npmjs.org/hosted-git-info cache-miss
1778 http fetch GET 200 https://registry.npmjs.org/conventional-commits-filter 2192ms (cache miss)
1779 silly packumentCache full:https://registry.npmjs.org/conventional-commits-filter set size:undefined disposed:false
1780 silly fetch manifest through2@^2.0.0
1781 silly packumentCache full:https://registry.npmjs.org/through2 cache-miss
1782 http fetch GET 200 https://registry.npmjs.org/JSONStream 2192ms (cache miss)
1783 silly packumentCache full:https://registry.npmjs.org/JSONStream set size:undefined disposed:false
1784 silly fetch manifest yargs@^16.2.0
1785 silly packumentCache full:https://registry.npmjs.org/yargs cache-miss
1786 http fetch GET 200 https://registry.npmjs.org/handlebars 2396ms (cache miss)
1787 silly packumentCache full:https://registry.npmjs.org/handlebars set size:undefined disposed:false
1788 silly fetch manifest dargs@^7.0.0
1789 silly packumentCache full:https://registry.npmjs.org/dargs cache-miss
1790 http fetch GET 200 https://registry.npmjs.org/is-text-path 1285ms (cache miss)
1791 silly packumentCache full:https://registry.npmjs.org/is-text-path set size:undefined disposed:false
1792 silly fetch manifest gitconfiglocal@^1.0.0
1793 silly packumentCache full:https://registry.npmjs.org/gitconfiglocal cache-miss
1794 http fetch GET 200 https://registry.npmjs.org/@hutson%2fparse-repository-url 1155ms (cache miss)
1795 silly packumentCache full:https://registry.npmjs.org/@hutson%2fparse-repository-url set size:undefined disposed:false
1796 silly fetch manifest pify@^2.3.0
1797 silly packumentCache full:https://registry.npmjs.org/pify cache-miss
1798 http cache https://registry.npmjs.org/through2 524ms (cache hit)
1799 silly packumentCache full:https://registry.npmjs.org/through2 set size:127176 disposed:false
1800 silly fetch manifest semver@^7.3.4
1801 silly packumentCache full:https://registry.npmjs.org/semver cache-hit
1802 silly fetch manifest is-core-module@^2.5.0
1803 silly packumentCache full:https://registry.npmjs.org/is-core-module cache-miss
1804 http fetch GET 200 https://registry.npmjs.org/hosted-git-info 1099ms (cache miss)
1805 silly packumentCache full:https://registry.npmjs.org/hosted-git-info set size:undefined disposed:false
1806 silly fetch manifest hosted-git-info@^4.0.1
1807 silly packumentCache full:https://registry.npmjs.org/hosted-git-info cache-miss
1808 http fetch GET 200 https://registry.npmjs.org/dargs 455ms (cache miss)
1809 silly packumentCache full:https://registry.npmjs.org/dargs set size:undefined disposed:false
1810 silly fetch manifest validate-npm-package-license@^3.0.1
1811 silly packumentCache full:https://registry.npmjs.org/validate-npm-package-license cache-miss
1812 http fetch GET 200 https://registry.npmjs.org/gitconfiglocal 435ms (cache miss)
1813 silly packumentCache full:https://registry.npmjs.org/gitconfiglocal set size:undefined disposed:false
1814 silly fetch manifest path-type@^3.0.0
1815 silly packumentCache full:https://registry.npmjs.org/path-type cache-miss
1816 http fetch GET 200 https://registry.npmjs.org/pify 449ms (cache miss)
1817 silly packumentCache full:https://registry.npmjs.org/pify set size:undefined disposed:false
1818 silly fetch manifest load-json-file@^4.0.0
1819 silly packumentCache full:https://registry.npmjs.org/load-json-file cache-miss
1820 http cache https://registry.npmjs.org/hosted-git-info 200ms (cache hit)
1821 silly packumentCache full:https://registry.npmjs.org/hosted-git-info set size:190199 disposed:false
1822 silly fetch manifest normalize-package-data@^2.3.2
1823 silly packumentCache full:https://registry.npmjs.org/normalize-package-data cache-miss
1824 http fetch GET 200 https://registry.npmjs.org/is-core-module 326ms (cache miss)
1825 silly packumentCache full:https://registry.npmjs.org/is-core-module set size:undefined disposed:false
1826 silly fetch manifest find-up@^2.0.0
1827 silly packumentCache full:https://registry.npmjs.org/find-up cache-miss
1828 http fetch GET 200 https://registry.npmjs.org/validate-npm-package-license 221ms (cache miss)
1829 silly packumentCache full:https://registry.npmjs.org/validate-npm-package-license set size:undefined disposed:false
1830 silly fetch manifest readable-stream@3
1831 silly packumentCache full:https://registry.npmjs.org/readable-stream cache-miss
1832 http fetch GET 200 https://registry.npmjs.org/path-type 208ms (cache miss)
1833 silly packumentCache full:https://registry.npmjs.org/path-type set size:undefined disposed:false
1834 http cache https://registry.npmjs.org/normalize-package-data 124ms (cache hit)
1835 silly packumentCache full:https://registry.npmjs.org/normalize-package-data set size:131306 disposed:false
1836 http fetch GET 200 https://registry.npmjs.org/load-json-file 199ms (cache miss)
1837 silly packumentCache full:https://registry.npmjs.org/load-json-file set size:undefined disposed:false
1838 http fetch GET 200 https://registry.npmjs.org/yargs 937ms (cache miss)
1839 silly packumentCache full:https://registry.npmjs.org/yargs set size:undefined disposed:false
1840 http cache https://registry.npmjs.org/find-up 235ms (cache hit)
1841 silly packumentCache full:https://registry.npmjs.org/find-up set size:42620 disposed:false
1842 http fetch GET 200 https://registry.npmjs.org/readable-stream 344ms (cache miss)
1843 silly packumentCache full:https://registry.npmjs.org/readable-stream set size:undefined disposed:false
1844 silly placeDep ROOT conventional-commits-filter@2.0.7 OK for: conventional-changelog-writer@5.0.1 want: ^2.0.7
1845 silly placeDep ROOT handlebars@4.7.9 OK for: conventional-changelog-writer@5.0.1 want: ^4.7.7
1846 silly placeDep ROOT json-stringify-safe@5.0.1 OK for: conventional-changelog-writer@5.0.1 want: ^5.0.1
1847 silly placeDep ROOT semver@6.3.1 OK for: conventional-changelog-writer@5.0.1 want: ^6.0.0
1848 silly placeDep ROOT split@1.0.1 OK for: conventional-changelog-writer@5.0.1 want: ^1.0.0
1849 silly fetch manifest modify-values@^1.0.0
1850 silly packumentCache full:https://registry.npmjs.org/modify-values cache-miss
1851 silly fetch manifest lodash.ismatch@^4.4.0
1852 silly packumentCache full:https://registry.npmjs.org/lodash.ismatch cache-miss
1853 silly fetch manifest minimist@^1.2.5
1854 silly packumentCache full:https://registry.npmjs.org/minimist cache-miss
1855 silly fetch manifest neo-async@^2.6.2
1856 silly packumentCache full:https://registry.npmjs.org/neo-async cache-miss
1857 silly fetch manifest source-map@^0.6.1
1858 silly packumentCache full:https://registry.npmjs.org/source-map cache-miss
1859 silly fetch manifest wordwrap@^1.0.0
1860 silly packumentCache full:https://registry.npmjs.org/wordwrap cache-miss
1861 http fetch GET 200 https://registry.npmjs.org/modify-values 198ms (cache miss)
1862 silly packumentCache full:https://registry.npmjs.org/modify-values set size:undefined disposed:false
1863 silly fetch manifest uglify-js@^3.1.4
1864 silly packumentCache full:https://registry.npmjs.org/uglify-js cache-miss
1865 http fetch GET 200 https://registry.npmjs.org/wordwrap 213ms (cache miss)
1866 silly packumentCache full:https://registry.npmjs.org/wordwrap set size:undefined disposed:false
1867 silly fetch manifest through@2
1868 silly packumentCache full:https://registry.npmjs.org/through cache-miss
1869 http fetch GET 200 https://registry.npmjs.org/minimist 429ms (cache miss)
1870 silly packumentCache full:https://registry.npmjs.org/minimist set size:undefined disposed:false
1871 http fetch GET 200 https://registry.npmjs.org/neo-async 618ms (cache miss)
1872 silly packumentCache full:https://registry.npmjs.org/neo-async set size:undefined disposed:false
1873 http fetch GET 200 https://registry.npmjs.org/source-map 672ms (cache miss)
1874 silly packumentCache full:https://registry.npmjs.org/source-map set size:undefined disposed:false
1875 http fetch GET 200 https://registry.npmjs.org/through 476ms (cache miss)
1876 silly packumentCache full:https://registry.npmjs.org/through set size:undefined disposed:false
1877 http fetch GET 200 https://registry.npmjs.org/lodash.ismatch 722ms (cache miss)
1878 silly packumentCache full:https://registry.npmjs.org/lodash.ismatch set size:undefined disposed:false
1879 http fetch GET 200 https://registry.npmjs.org/uglify-js 549ms (cache miss)
1880 silly packumentCache full:https://registry.npmjs.org/uglify-js set size:undefined disposed:false
1881 silly placeDep ROOT lodash.ismatch@4.4.0 OK for: conventional-commits-filter@2.0.7 want: ^4.4.0
1882 silly placeDep ROOT modify-values@1.0.1 OK for: conventional-commits-filter@2.0.7 want: ^1.0.0
1883 silly placeDep ROOT is-text-path@1.0.1 OK for: conventional-commits-parser@3.2.4 want: ^1.0.1
1884 silly placeDep ROOT JSONStream@1.3.5 OK for: conventional-commits-parser@3.2.4 want: ^1.0.4
1885 silly placeDep ROOT split2@3.2.2 OK for: conventional-commits-parser@3.2.4 want: ^3.0.0
1886 silly fetch manifest text-extensions@^1.0.0
1887 silly packumentCache full:https://registry.npmjs.org/text-extensions cache-miss
1888 silly fetch manifest through@>=2.2.7 <3
1889 silly packumentCache full:https://registry.npmjs.org/through cache-miss
1890 silly fetch manifest jsonparse@^1.2.0
1891 silly packumentCache full:https://registry.npmjs.org/jsonparse cache-miss
1892 silly fetch manifest readable-stream@^3.0.0
1893 silly packumentCache full:https://registry.npmjs.org/readable-stream cache-miss
1894 http cache https://registry.npmjs.org/through 42ms (cache hit)
1895 silly packumentCache full:https://registry.npmjs.org/through set size:38387 disposed:false
1896 http cache https://registry.npmjs.org/readable-stream 44ms (cache hit)
1897 silly packumentCache full:https://registry.npmjs.org/readable-stream set size:261096 disposed:false
1898 http fetch GET 200 https://registry.npmjs.org/jsonparse 98ms (cache miss)
1899 silly packumentCache full:https://registry.npmjs.org/jsonparse set size:undefined disposed:false
1900 http fetch GET 200 https://registry.npmjs.org/text-extensions 114ms (cache miss)
1901 silly packumentCache full:https://registry.npmjs.org/text-extensions set size:undefined disposed:false
1902 silly placeDep ROOT nth-check@2.1.1 OK for: css-select@5.2.2 want: ^2.0.1
1903 silly placeDep ROOT entities@4.5.0 OK for: dom-serializer@2.0.0 want: ^4.2.0
1904 silly placeDep ROOT is-obj@2.0.0 OK for: dot-prop@5.3.0 want: ^2.0.0
1905 silly placeDep ROOT iconv-lite@0.6.3 OK for: encoding-sniffer@0.2.1 want: ^0.6.3
1906 silly placeDep ROOT whatwg-encoding@3.1.1 OK for: encoding-sniffer@0.2.1 want: ^3.1.1
1907 silly fetch manifest safer-buffer@>= 2.1.2 < 3.0.0
1908 silly packumentCache full:https://registry.npmjs.org/safer-buffer cache-miss
1909 http fetch GET 200 https://registry.npmjs.org/safer-buffer 105ms (cache revalidated)
1910 silly packumentCache full:https://registry.npmjs.org/safer-buffer set size:18521 disposed:false
1911 silly fetch manifest eslint@^6.0.0 || ^7.0.0 || >=8.0.0
1912 silly packumentCache full:https://registry.npmjs.org/eslint cache-miss
1913 http cache https://registry.npmjs.org/eslint 44ms (cache hit)
1914 silly packumentCache full:https://registry.npmjs.org/eslint set size:2085131 disposed:false
1915 silly placeDep ROOT @eslint-community/eslint-utils@4.10.1 OK for: eslint@8.57.1 want: ^4.2.0
1916 silly placeDep ROOT @eslint-community/regexpp@4.12.2 OK for: eslint@8.57.1 want: ^4.6.1
1917 silly placeDep ROOT @eslint/eslintrc@2.1.4 OK for: eslint@8.57.1 want: ^2.1.4
1918 silly placeDep ROOT @eslint/js@8.57.1 OK for: eslint@8.57.1 want: 8.57.1
1919 silly placeDep ROOT @humanwhocodes/config-array@0.13.0 OK for: eslint@8.57.1 want: ^0.13.0
1920 silly placeDep ROOT @humanwhocodes/module-importer@1.0.1 OK for: eslint@8.57.1 want: ^1.0.1
1921 silly placeDep ROOT @nodelib/fs.walk@1.2.8 OK for: eslint@8.57.1 want: ^1.2.8
1922 silly placeDep ROOT @ungap/structured-clone@1.4.0 OK for: eslint@8.57.1 want: ^1.2.0
1923 silly placeDep ROOT ajv@6.15.0 OK for: eslint@8.57.1 want: ^6.12.4
1924 silly placeDep ROOT chalk@4.1.2 OK for: eslint@8.57.1 want: ^4.0.0
1925 silly placeDep ROOT cross-spawn@7.0.6 OK for: eslint@8.57.1 want: ^7.0.2
1926 silly placeDep ROOT debug@4.4.3 OK for: eslint@8.57.1 want: ^4.3.2
1927 silly placeDep ROOT doctrine@3.0.0 OK for: eslint@8.57.1 want: ^3.0.0
1928 silly placeDep ROOT escape-string-regexp@4.0.0 OK for: eslint@8.57.1 want: ^4.0.0
1929 silly placeDep ROOT eslint-scope@7.2.2 OK for: eslint@8.57.1 want: ^7.2.2
1930 silly placeDep ROOT eslint-visitor-keys@3.4.3 OK for: eslint@8.57.1 want: ^3.4.3
1931 silly placeDep ROOT espree@9.6.1 OK for: eslint@8.57.1 want: ^9.6.1
1932 silly placeDep ROOT esquery@1.7.0 OK for: eslint@8.57.1 want: ^1.4.2
1933 silly placeDep ROOT esutils@2.0.3 OK for: eslint@8.57.1 want: ^2.0.2
1934 silly placeDep ROOT fast-deep-equal@3.1.3 OK for: eslint@8.57.1 want: ^3.1.3
1935 silly placeDep ROOT file-entry-cache@6.0.1 OK for: eslint@8.57.1 want: ^6.0.1
1936 silly placeDep ROOT find-up@5.0.0 OK for: eslint@8.57.1 want: ^5.0.0
1937 silly placeDep ROOT glob-parent@6.0.2 OK for: eslint@8.57.1 want: ^6.0.2
1938 silly placeDep ROOT globals@13.24.0 OK for: eslint@8.57.1 want: ^13.19.0
1939 silly placeDep ROOT graphemer@1.4.0 OK for: eslint@8.57.1 want: ^1.4.0
1940 silly placeDep ROOT ignore@5.3.2 OK for: eslint@8.57.1 want: ^5.2.0
1941 silly placeDep ROOT imurmurhash@0.1.4 OK for: eslint@8.57.1 want: ^0.1.4
1942 silly placeDep ROOT is-glob@4.0.3 OK for: eslint@8.57.1 want: ^4.0.0
1943 silly placeDep ROOT is-path-inside@3.0.3 OK for: eslint@8.57.1 want: ^3.0.3
1944 silly placeDep ROOT js-yaml@4.3.2 OK for: eslint@8.57.1 want: ^4.1.0
1945 silly placeDep ROOT json-stable-stringify-without-jsonify@1.0.1 OK for: eslint@8.57.1 want: ^1.0.1
1946 silly placeDep ROOT levn@0.4.1 OK for: eslint@8.57.1 want: ^0.4.1
1947 silly placeDep ROOT lodash.merge@4.6.2 OK for: eslint@8.57.1 want: ^4.6.2
1948 silly placeDep ROOT minimatch@3.1.5 OK for: eslint@8.57.1 want: ^3.1.2
1949 silly placeDep ROOT natural-compare@1.4.0 OK for: eslint@8.57.1 want: ^1.4.0
1950 silly placeDep ROOT optionator@0.9.4 OK for: eslint@8.57.1 want: ^0.9.3
1951 silly placeDep ROOT strip-ansi@6.0.1 OK for: eslint@8.57.1 want: ^6.0.1
1952 silly placeDep ROOT text-table@0.2.0 OK for: eslint@8.57.1 want: ^0.2.0
1953 silly fetch manifest espree@^9.6.0
1954 silly packumentCache full:https://registry.npmjs.org/espree cache-hit
1955 silly fetch manifest import-fresh@^3.2.1
1956 silly packumentCache full:https://registry.npmjs.org/import-fresh cache-miss
1957 silly fetch manifest strip-json-comments@^3.1.1
1958 silly packumentCache full:https://registry.npmjs.org/strip-json-comments cache-miss
1959 silly fetch manifest debug@^4.3.1
1960 silly packumentCache full:https://registry.npmjs.org/debug cache-hit
1961 silly fetch manifest minimatch@^3.0.5
1962 silly packumentCache full:https://registry.npmjs.org/minimatch cache-hit
1963 silly fetch manifest @humanwhocodes/object-schema@^2.0.3
1964 silly packumentCache full:https://registry.npmjs.org/@humanwhocodes%2fobject-schema cache-miss
1965 silly fetch manifest fastq@^1.6.0
1966 silly packumentCache full:https://registry.npmjs.org/fastq cache-miss
1967 silly fetch manifest @nodelib/fs.scandir@2.1.5
1968 silly packumentCache full:https://registry.npmjs.org/@nodelib%2ffs.scandir cache-miss
1969 silly fetch manifest uri-js@^4.2.2
1970 silly packumentCache full:https://registry.npmjs.org/uri-js cache-miss
1971 http fetch GET 200 https://registry.npmjs.org/strip-json-comments 221ms (cache miss)
1972 silly packumentCache full:https://registry.npmjs.org/strip-json-comments set size:undefined disposed:false
1973 silly fetch manifest fast-deep-equal@^3.1.1
1974 silly packumentCache full:https://registry.npmjs.org/fast-deep-equal cache-miss
1975 http fetch GET 200 https://registry.npmjs.org/import-fresh 257ms (cache miss)
1976 silly packumentCache full:https://registry.npmjs.org/import-fresh set size:undefined disposed:false
1977 silly fetch manifest json-schema-traverse@^0.4.1
1978 silly packumentCache full:https://registry.npmjs.org/json-schema-traverse cache-miss
1979 http fetch GET 200 https://registry.npmjs.org/uri-js 254ms (cache miss)
1980 silly packumentCache full:https://registry.npmjs.org/uri-js set size:undefined disposed:false
1981 silly fetch manifest fast-json-stable-stringify@^2.0.0
1982 silly packumentCache full:https://registry.npmjs.org/fast-json-stable-stringify cache-miss
1983 http fetch GET 200 https://registry.npmjs.org/@humanwhocodes%2fobject-schema 278ms (cache miss)
1984 silly packumentCache full:https://registry.npmjs.org/@humanwhocodes%2fobject-schema set size:undefined disposed:false
1985 silly fetch manifest ansi-styles@^4.1.0
1986 silly packumentCache full:https://registry.npmjs.org/ansi-styles cache-miss
1987 http fetch GET 200 https://registry.npmjs.org/@nodelib%2ffs.scandir 279ms (cache miss)
1988 silly packumentCache full:https://registry.npmjs.org/@nodelib%2ffs.scandir set size:undefined disposed:false
1989 silly fetch manifest supports-color@^7.1.0
1990 silly packumentCache full:https://registry.npmjs.org/supports-color cache-miss
1991 http fetch GET 200 https://registry.npmjs.org/fastq 293ms (cache miss)
1992 silly packumentCache full:https://registry.npmjs.org/fastq set size:undefined disposed:false
1993 silly fetch manifest which@^2.0.1
1994 silly packumentCache full:https://registry.npmjs.org/which cache-miss
1995 http cache https://registry.npmjs.org/fast-deep-equal 111ms (cache hit)
1996 silly packumentCache full:https://registry.npmjs.org/fast-deep-equal set size:48634 disposed:false
1997 silly fetch manifest path-key@^3.1.0
1998 silly packumentCache full:https://registry.npmjs.org/path-key cache-miss
1999 http cache https://registry.npmjs.org/fast-json-stable-stringify 88ms (cache hit)
2000 silly packumentCache full:https://registry.npmjs.org/fast-json-stable-stringify set size:11337 disposed:false
2001 silly fetch manifest shebang-command@^2.0.0
2002 silly packumentCache full:https://registry.npmjs.org/shebang-command cache-miss
2003 http cache https://registry.npmjs.org/ansi-styles 94ms (cache hit)
2004 silly packumentCache full:https://registry.npmjs.org/ansi-styles set size:71772 disposed:false
2005 silly fetch manifest ms@^2.1.3
2006 silly packumentCache full:https://registry.npmjs.org/ms cache-miss
2007 http fetch GET 200 https://registry.npmjs.org/json-schema-traverse 149ms (cache miss)
2008 silly packumentCache full:https://registry.npmjs.org/json-schema-traverse set size:undefined disposed:false
2009 silly fetch manifest esrecurse@^4.3.0
2010 silly packumentCache full:https://registry.npmjs.org/esrecurse cache-miss
2011 http fetch GET 200 https://registry.npmjs.org/path-key 113ms (cache miss)
2012 silly packumentCache full:https://registry.npmjs.org/path-key set size:undefined disposed:false
2013 silly fetch manifest estraverse@^5.2.0
2014 silly packumentCache full:https://registry.npmjs.org/estraverse cache-miss
2015 http fetch GET 200 https://registry.npmjs.org/which 160ms (cache miss)
2016 silly packumentCache full:https://registry.npmjs.org/which set size:undefined disposed:false
2017 silly fetch manifest acorn@^8.9.0
2018 silly packumentCache full:https://registry.npmjs.org/acorn cache-miss
2019 http fetch GET 200 https://registry.npmjs.org/supports-color 188ms (cache miss)
2020 silly packumentCache full:https://registry.npmjs.org/supports-color set size:undefined disposed:false
2021 silly fetch manifest acorn-jsx@^5.3.2
2022 silly packumentCache full:https://registry.npmjs.org/acorn-jsx cache-miss
2023 http fetch GET 200 https://registry.npmjs.org/shebang-command 151ms (cache miss)
2024 silly packumentCache full:https://registry.npmjs.org/shebang-command set size:undefined disposed:false
2025 silly fetch manifest estraverse@^5.1.0
2026 silly packumentCache full:https://registry.npmjs.org/estraverse cache-miss
2027 http fetch GET 200 https://registry.npmjs.org/ms 148ms (cache revalidated)
2028 silly packumentCache full:https://registry.npmjs.org/ms set size:92208 disposed:false
2029 silly fetch manifest flat-cache@^3.0.4
2030 silly packumentCache full:https://registry.npmjs.org/flat-cache cache-miss
2031 http fetch GET 200 https://registry.npmjs.org/esrecurse 151ms (cache miss)
2032 silly packumentCache full:https://registry.npmjs.org/esrecurse set size:undefined disposed:false
2033 silly fetch manifest locate-path@^6.0.0
2034 silly packumentCache full:https://registry.npmjs.org/locate-path cache-miss
2035 http cache https://registry.npmjs.org/estraverse 109ms (cache hit)
2036 silly packumentCache full:https://registry.npmjs.org/estraverse set size:62412 disposed:false
2037 silly fetch manifest path-exists@^4.0.0
2038 silly packumentCache full:https://registry.npmjs.org/path-exists cache-miss
2039 http cache https://registry.npmjs.org/acorn 120ms (cache hit)
2040 silly packumentCache full:https://registry.npmjs.org/acorn set size:383439 disposed:false
2041 silly fetch manifest is-glob@^4.0.3
2042 silly packumentCache full:https://registry.npmjs.org/is-glob cache-miss
2043 http cache https://registry.npmjs.org/estraverse 107ms (cache hit)
2044 silly packumentCache full:https://registry.npmjs.org/estraverse set size:62412 disposed:false
2045 silly packumentCache full:https://registry.npmjs.org/estraverse dispose
2046 silly fetch manifest type-fest@^0.20.2
2047 silly packumentCache full:https://registry.npmjs.org/type-fest cache-miss
2048 http fetch GET 200 https://registry.npmjs.org/acorn-jsx 180ms (cache miss)
2049 silly packumentCache full:https://registry.npmjs.org/acorn-jsx set size:undefined disposed:false
2050 silly fetch manifest is-extglob@^2.1.1
2051 silly packumentCache full:https://registry.npmjs.org/is-extglob cache-miss
2052 http cache https://registry.npmjs.org/is-glob 64ms (cache hit)
2053 silly packumentCache full:https://registry.npmjs.org/is-glob set size:40530 disposed:false
2054 silly fetch manifest argparse@^2.0.1
2055 silly packumentCache full:https://registry.npmjs.org/argparse cache-miss
2056 http cache https://registry.npmjs.org/type-fest 77ms (cache hit)
2057 silly packumentCache full:https://registry.npmjs.org/type-fest set size:571296 disposed:false
2058 silly fetch manifest prelude-ls@^1.2.1
2059 silly packumentCache full:https://registry.npmjs.org/prelude-ls cache-miss
2060 http fetch GET 200 https://registry.npmjs.org/flat-cache 209ms (cache miss)
2061 silly packumentCache full:https://registry.npmjs.org/flat-cache set size:undefined disposed:false
2062 silly fetch manifest type-check@~0.4.0
2063 silly packumentCache full:https://registry.npmjs.org/type-check cache-miss
2064 http fetch GET 200 https://registry.npmjs.org/locate-path 212ms (cache miss)
2065 silly packumentCache full:https://registry.npmjs.org/locate-path set size:undefined disposed:false
2066 silly fetch manifest brace-expansion@^1.1.7
2067 silly packumentCache full:https://registry.npmjs.org/brace-expansion cache-miss
2068 http fetch GET 200 https://registry.npmjs.org/path-exists 220ms (cache miss)
2069 silly packumentCache full:https://registry.npmjs.org/path-exists set size:undefined disposed:false
2070 silly fetch manifest prelude-ls@^1.2.1
2071 silly packumentCache full:https://registry.npmjs.org/prelude-ls cache-miss
2072 http fetch GET 200 https://registry.npmjs.org/is-extglob 138ms (cache miss)
2073 silly packumentCache full:https://registry.npmjs.org/is-extglob set size:undefined disposed:false
2074 silly fetch manifest deep-is@^0.1.3
2075 silly packumentCache full:https://registry.npmjs.org/deep-is cache-miss
2076 http fetch GET 200 https://registry.npmjs.org/argparse 150ms (cache miss)
2077 silly packumentCache full:https://registry.npmjs.org/argparse set size:undefined disposed:false
2078 silly fetch manifest word-wrap@^1.2.5
2079 silly packumentCache full:https://registry.npmjs.org/word-wrap cache-miss
2080 http fetch GET 200 https://registry.npmjs.org/prelude-ls 153ms (cache miss)
2081 silly packumentCache full:https://registry.npmjs.org/prelude-ls set size:undefined disposed:false
2082 silly fetch manifest type-check@^0.4.0
2083 silly packumentCache full:https://registry.npmjs.org/type-check cache-miss
2084 http fetch GET 200 https://registry.npmjs.org/prelude-ls 115ms (cache miss)
2085 silly packumentCache full:https://registry.npmjs.org/prelude-ls set size:undefined disposed:false
2086 silly fetch manifest fast-levenshtein@^2.0.6
2087 silly packumentCache full:https://registry.npmjs.org/fast-levenshtein cache-miss
2088 http fetch GET 200 https://registry.npmjs.org/type-check 166ms (cache miss)
2089 silly packumentCache full:https://registry.npmjs.org/type-check set size:undefined disposed:false
2090 http fetch GET 200 https://registry.npmjs.org/brace-expansion 172ms (cache miss)
2091 silly packumentCache full:https://registry.npmjs.org/brace-expansion set size:undefined disposed:false
2092 http fetch GET 200 https://registry.npmjs.org/deep-is 142ms (cache miss)
2093 silly packumentCache full:https://registry.npmjs.org/deep-is set size:undefined disposed:false
2094 http fetch GET 200 https://registry.npmjs.org/word-wrap 141ms (cache miss)
2095 silly packumentCache full:https://registry.npmjs.org/word-wrap set size:undefined disposed:false
2096 http fetch GET 200 https://registry.npmjs.org/type-check 107ms (cache miss)
2097 silly packumentCache full:https://registry.npmjs.org/type-check set size:undefined disposed:false
2098 http fetch GET 200 https://registry.npmjs.org/fast-levenshtein 93ms (cache miss)
2099 silly packumentCache full:https://registry.npmjs.org/fast-levenshtein set size:undefined disposed:false
2100 silly placeDep ROOT import-fresh@3.3.1 OK for: @eslint/eslintrc@2.1.4 want: ^3.2.1
2101 silly placeDep ROOT strip-json-comments@3.1.1 OK for: @eslint/eslintrc@2.1.4 want: ^3.1.1
2102 silly fetch manifest resolve-from@^4.0.0
2103 silly packumentCache full:https://registry.npmjs.org/resolve-from cache-miss
2104 silly fetch manifest parent-module@^1.0.0
2105 silly packumentCache full:https://registry.npmjs.org/parent-module cache-miss
2106 http fetch GET 200 https://registry.npmjs.org/resolve-from 88ms (cache miss)
2107 silly packumentCache full:https://registry.npmjs.org/resolve-from set size:undefined disposed:false
2108 http fetch GET 200 https://registry.npmjs.org/parent-module 91ms (cache miss)
2109 silly packumentCache full:https://registry.npmjs.org/parent-module set size:undefined disposed:false
2110 silly placeDep ROOT @humanwhocodes/object-schema@2.0.3 OK for: @humanwhocodes/config-array@0.13.0 want: ^2.0.3
2111 silly placeDep ROOT @nodelib/fs.scandir@2.1.5 OK for: @nodelib/fs.walk@1.2.8 want: 2.1.5
2112 silly placeDep ROOT fastq@1.20.3 OK for: @nodelib/fs.walk@1.2.8 want: ^1.6.0
2113 silly fetch manifest run-parallel@^1.1.9
2114 silly packumentCache full:https://registry.npmjs.org/run-parallel cache-miss
2115 silly fetch manifest @nodelib/fs.stat@2.0.5
2116 silly packumentCache full:https://registry.npmjs.org/@nodelib%2ffs.stat cache-miss
2117 silly fetch manifest reusify@^1.0.4
2118 silly packumentCache full:https://registry.npmjs.org/reusify cache-miss
2119 http fetch GET 200 https://registry.npmjs.org/run-parallel 113ms (cache miss)
2120 silly packumentCache full:https://registry.npmjs.org/run-parallel set size:undefined disposed:false
2121 http fetch GET 200 https://registry.npmjs.org/reusify 120ms (cache miss)
2122 silly packumentCache full:https://registry.npmjs.org/reusify set size:undefined disposed:false
2123 http fetch GET 200 https://registry.npmjs.org/@nodelib%2ffs.stat 128ms (cache miss)
2124 silly packumentCache full:https://registry.npmjs.org/@nodelib%2ffs.stat set size:undefined disposed:false
2125 silly placeDep ROOT @nodelib/fs.stat@2.0.5 OK for: @nodelib/fs.scandir@2.1.5 want: 2.0.5
2126 silly placeDep ROOT run-parallel@1.2.0 OK for: @nodelib/fs.scandir@2.1.5 want: ^1.1.9
2127 silly fetch manifest queue-microtask@^1.2.2
2128 silly packumentCache full:https://registry.npmjs.org/queue-microtask cache-miss
2129 http fetch GET 200 https://registry.npmjs.org/queue-microtask 129ms (cache miss)
2130 silly packumentCache full:https://registry.npmjs.org/queue-microtask set size:undefined disposed:false
2131 silly placeDep ROOT fast-json-stable-stringify@2.1.0 OK for: ajv@6.15.0 want: ^2.0.0
2132 silly placeDep ROOT json-schema-traverse@0.4.1 OK for: ajv@6.15.0 want: ^0.4.1
2133 silly placeDep ROOT uri-js@4.4.1 OK for: ajv@6.15.0 want: ^4.2.2
2134 silly fetch manifest punycode@^2.1.0
2135 silly packumentCache full:https://registry.npmjs.org/punycode cache-miss
2136 http fetch GET 200 https://registry.npmjs.org/punycode 129ms (cache miss)
2137 silly packumentCache full:https://registry.npmjs.org/punycode set size:undefined disposed:false
2138 silly placeDep ROOT ansi-styles@4.3.0 OK for: chalk@4.1.2 want: ^4.1.0
2139 silly placeDep ROOT supports-color@7.2.0 OK for: chalk@4.1.2 want: ^7.1.0
2140 silly fetch manifest color-convert@^2.0.1
2141 silly packumentCache full:https://registry.npmjs.org/color-convert cache-miss
2142 silly fetch manifest has-flag@^4.0.0
2143 silly packumentCache full:https://registry.npmjs.org/has-flag cache-miss
2144 http fetch GET 200 https://registry.npmjs.org/color-convert 103ms (cache miss)
2145 silly packumentCache full:https://registry.npmjs.org/color-convert set size:undefined disposed:false
2146 http fetch GET 200 https://registry.npmjs.org/has-flag 115ms (cache miss)
2147 silly packumentCache full:https://registry.npmjs.org/has-flag set size:undefined disposed:false
2148 silly placeDep ROOT color-convert@2.0.1 OK for: ansi-styles@4.3.0 want: ^2.0.1
2149 silly fetch manifest color-name@~1.1.4
2150 silly packumentCache full:https://registry.npmjs.org/color-name cache-miss
2151 http fetch GET 200 https://registry.npmjs.org/color-name 86ms (cache miss)
2152 silly packumentCache full:https://registry.npmjs.org/color-name set size:undefined disposed:false
2153 silly placeDep ROOT color-name@1.1.4 OK for: color-convert@2.0.1 want: ~1.1.4
2154 silly placeDep ROOT path-key@3.1.1 OK for: cross-spawn@7.0.6 want: ^3.1.0
2155 silly placeDep ROOT shebang-command@2.0.0 OK for: cross-spawn@7.0.6 want: ^2.0.0
2156 silly placeDep ROOT which@2.0.2 OK for: cross-spawn@7.0.6 want: ^2.0.1
2157 silly fetch manifest shebang-regex@^3.0.0
2158 silly packumentCache full:https://registry.npmjs.org/shebang-regex cache-miss
2159 silly fetch manifest isexe@^2.0.0
2160 silly packumentCache full:https://registry.npmjs.org/isexe cache-miss
2161 http fetch GET 200 https://registry.npmjs.org/shebang-regex 85ms (cache miss)
2162 silly packumentCache full:https://registry.npmjs.org/shebang-regex set size:undefined disposed:false
2163 http fetch GET 200 https://registry.npmjs.org/isexe 87ms (cache miss)
2164 silly packumentCache full:https://registry.npmjs.org/isexe set size:undefined disposed:false
2165 silly placeDep ROOT ms@2.1.3 OK for: debug@4.4.3 want: ^2.1.3
2166 silly placeDep ROOT esrecurse@4.3.0 OK for: eslint-scope@7.2.2 want: ^4.3.0
2167 silly placeDep ROOT estraverse@5.3.0 OK for: eslint-scope@7.2.2 want: ^5.2.0
2168 silly placeDep ROOT acorn@8.18.0 OK for: espree@9.6.1 want: ^8.9.0
2169 silly placeDep ROOT acorn-jsx@5.3.2 OK for: espree@9.6.1 want: ^5.3.2
2170 silly placeDep ROOT reusify@1.1.0 OK for: fastq@1.20.3 want: ^1.0.4
2171 silly placeDep ROOT flat-cache@3.2.0 OK for: file-entry-cache@6.0.1 want: ^3.0.4
2172 silly fetch manifest keyv@^4.5.3
2173 silly packumentCache full:https://registry.npmjs.org/keyv cache-hit
2174 silly fetch manifest rimraf@^3.0.2
2175 silly packumentCache full:https://registry.npmjs.org/rimraf cache-miss
2176 silly fetch manifest flatted@^3.2.9
2177 silly packumentCache full:https://registry.npmjs.org/flatted cache-miss
2178 http fetch GET 200 https://registry.npmjs.org/flatted 145ms (cache miss)
2179 silly packumentCache full:https://registry.npmjs.org/flatted set size:undefined disposed:false
2180 http fetch GET 200 https://registry.npmjs.org/rimraf 194ms (cache miss)
2181 silly packumentCache full:https://registry.npmjs.org/rimraf set size:undefined disposed:false
2182 silly placeDep ROOT locate-path@6.0.0 OK for: find-up@5.0.0 want: ^6.0.0
2183 silly placeDep ROOT path-exists@4.0.0 OK for: find-up@5.0.0 want: ^4.0.0
2184 silly fetch manifest p-locate@^5.0.0
2185 silly packumentCache full:https://registry.npmjs.org/p-locate cache-miss
2186 http fetch GET 200 https://registry.npmjs.org/p-locate 103ms (cache miss)
2187 silly packumentCache full:https://registry.npmjs.org/p-locate set size:undefined disposed:false
2188 silly placeDep ROOT flatted@3.4.4 OK for: flat-cache@3.2.0 want: ^3.2.9
2189 silly placeDep node_modules/flat-cache keyv@4.5.4 OK for: flat-cache@3.2.0 want: ^4.5.3
2190 silly placeDep ROOT rimraf@3.0.2 OK for: flat-cache@3.2.0 want: ^3.0.2
2191 silly fetch manifest json-buffer@3.0.1
2192 silly packumentCache full:https://registry.npmjs.org/json-buffer cache-miss
2193 silly fetch manifest glob@^7.1.3
2194 silly packumentCache full:https://registry.npmjs.org/glob cache-miss
2195 http fetch GET 200 https://registry.npmjs.org/json-buffer 75ms (cache miss)
2196 silly packumentCache full:https://registry.npmjs.org/json-buffer set size:undefined disposed:false
2197 http fetch GET 200 https://registry.npmjs.org/glob 147ms (cache miss)
2198 silly packumentCache full:https://registry.npmjs.org/glob set size:undefined disposed:false
2199 silly placeDep ROOT asynckit@0.4.0 OK for: form-data@2.5.6 want: ^0.4.0
2200 silly placeDep ROOT combined-stream@1.0.8 OK for: form-data@2.5.6 want: ^1.0.8
2201 silly placeDep ROOT es-set-tostringtag@2.1.0 OK for: form-data@2.5.6 want: ^2.1.0
2202 silly placeDep ROOT hasown@2.0.4 OK for: form-data@2.5.6 want: ^2.0.4
2203 silly placeDep ROOT mime-types@2.1.35 OK for: form-data@2.5.6 want: ^2.1.35
2204 silly placeDep ROOT safe-buffer@5.2.1 OK for: form-data@2.5.6 want: ^5.2.1
2205 silly fetch manifest delayed-stream@~1.0.0
2206 silly packumentCache full:https://registry.npmjs.org/delayed-stream cache-miss
2207 silly fetch manifest es-errors@^1.3.0
2208 silly packumentCache full:https://registry.npmjs.org/es-errors cache-miss
2209 silly fetch manifest get-intrinsic@^1.2.6
2210 silly packumentCache full:https://registry.npmjs.org/get-intrinsic cache-miss
2211 silly fetch manifest has-tostringtag@^1.0.2
2212 silly packumentCache full:https://registry.npmjs.org/has-tostringtag cache-miss
2213 silly fetch manifest hasown@^2.0.2
2214 silly packumentCache full:https://registry.npmjs.org/hasown cache-hit
2215 silly fetch manifest function-bind@^1.1.2
2216 silly packumentCache full:https://registry.npmjs.org/function-bind cache-miss
2217 silly fetch manifest mime-db@1.52.0
2218 silly packumentCache full:https://registry.npmjs.org/mime-db cache-miss
2219 http fetch GET 200 https://registry.npmjs.org/get-intrinsic 154ms (cache revalidated)
2220 silly packumentCache full:https://registry.npmjs.org/get-intrinsic set size:60985 disposed:false
2221 http fetch GET 200 https://registry.npmjs.org/has-tostringtag 184ms (cache miss)
2222 silly packumentCache full:https://registry.npmjs.org/has-tostringtag set size:undefined disposed:false
2223 http fetch GET 200 https://registry.npmjs.org/delayed-stream 202ms (cache miss)
2224 silly packumentCache full:https://registry.npmjs.org/delayed-stream set size:undefined disposed:false
2225 http fetch GET 200 https://registry.npmjs.org/function-bind 210ms (cache revalidated)
2226 silly packumentCache full:https://registry.npmjs.org/function-bind set size:15733 disposed:false
2227 http fetch GET 200 https://registry.npmjs.org/mime-db 209ms (cache revalidated)
2228 silly packumentCache full:https://registry.npmjs.org/mime-db set size:164953 disposed:false
2229 http fetch GET 200 https://registry.npmjs.org/es-errors 248ms (cache revalidated)
2230 silly packumentCache full:https://registry.npmjs.org/es-errors set size:16918 disposed:false
2231 silly placeDep ROOT delayed-stream@1.0.0 OK for: combined-stream@1.0.8 want: ~1.0.0
2232 silly placeDep ROOT es-errors@1.3.0 OK for: es-set-tostringtag@2.1.0 want: ^1.3.0
2233 silly placeDep ROOT get-intrinsic@1.3.0 OK for: es-set-tostringtag@2.1.0 want: ^1.2.6
2234 silly placeDep ROOT has-tostringtag@1.0.2 OK for: es-set-tostringtag@2.1.0 want: ^1.0.2
2235 silly fetch manifest gopd@^1.2.0
2236 silly packumentCache full:https://registry.npmjs.org/gopd cache-miss
2237 silly fetch manifest get-proto@^1.0.1
2238 silly packumentCache full:https://registry.npmjs.org/get-proto cache-miss
2239 silly fetch manifest has-symbols@^1.1.0
2240 silly packumentCache full:https://registry.npmjs.org/has-symbols cache-miss
2241 silly fetch manifest es-object-atoms@^1.1.1
2242 silly packumentCache full:https://registry.npmjs.org/es-object-atoms cache-miss
2243 silly fetch manifest math-intrinsics@^1.1.0
2244 silly packumentCache full:https://registry.npmjs.org/math-intrinsics cache-miss
2245 silly fetch manifest es-define-property@^1.0.1
2246 silly packumentCache full:https://registry.npmjs.org/es-define-property cache-miss
2247 http fetch GET 200 https://registry.npmjs.org/gopd 240ms (cache revalidated)
2248 silly packumentCache full:https://registry.npmjs.org/gopd set size:11483 disposed:false
2249 silly fetch manifest call-bind-apply-helpers@^1.0.2
2250 silly packumentCache full:https://registry.npmjs.org/call-bind-apply-helpers cache-miss
2251 http fetch GET 200 https://registry.npmjs.org/get-proto 248ms (cache revalidated)
2252 silly packumentCache full:https://registry.npmjs.org/get-proto set size:8300 disposed:false
2253 silly fetch manifest has-symbols@^1.0.3
2254 silly packumentCache full:https://registry.npmjs.org/has-symbols cache-miss
2255 http fetch GET 200 https://registry.npmjs.org/math-intrinsics 249ms (cache revalidated)
2256 silly packumentCache full:https://registry.npmjs.org/math-intrinsics set size:9265 disposed:false
2257 http fetch GET 200 https://registry.npmjs.org/es-define-property 247ms (cache revalidated)
2258 silly packumentCache full:https://registry.npmjs.org/es-define-property set size:8542 disposed:false
2259 http fetch GET 200 https://registry.npmjs.org/has-symbols 268ms (cache revalidated)
2260 silly packumentCache full:https://registry.npmjs.org/has-symbols set size:21550 disposed:false
2261 http fetch GET 200 https://registry.npmjs.org/es-object-atoms 272ms (cache revalidated)
2262 silly packumentCache full:https://registry.npmjs.org/es-object-atoms set size:18278 disposed:false
2263 http cache https://registry.npmjs.org/has-symbols 59ms (cache hit)
2264 silly packumentCache full:https://registry.npmjs.org/has-symbols set size:21550 disposed:false
2265 silly packumentCache full:https://registry.npmjs.org/has-symbols dispose
2266 http fetch GET 200 https://registry.npmjs.org/call-bind-apply-helpers 128ms (cache revalidated)
2267 silly packumentCache full:https://registry.npmjs.org/call-bind-apply-helpers set size:12744 disposed:false
2268 silly placeDep ROOT call-bind-apply-helpers@1.0.2 OK for: get-intrinsic@1.3.0 want: ^1.0.2
2269 silly placeDep ROOT es-define-property@1.0.1 OK for: get-intrinsic@1.3.0 want: ^1.0.1
2270 silly placeDep ROOT es-object-atoms@1.1.2 OK for: get-intrinsic@1.3.0 want: ^1.1.1
2271 silly placeDep ROOT function-bind@1.1.2 OK for: get-intrinsic@1.3.0 want: ^1.1.2
2272 silly placeDep ROOT get-proto@1.0.1 OK for: get-intrinsic@1.3.0 want: ^1.0.1
2273 silly placeDep ROOT gopd@1.2.0 OK for: get-intrinsic@1.3.0 want: ^1.2.0
2274 silly placeDep ROOT has-symbols@1.1.0 OK for: get-intrinsic@1.3.0 want: ^1.1.0
2275 silly placeDep ROOT math-intrinsics@1.1.0 OK for: get-intrinsic@1.3.0 want: ^1.1.0
2276 silly fetch manifest dunder-proto@^1.0.1
2277 silly packumentCache full:https://registry.npmjs.org/dunder-proto cache-miss
2278 http fetch GET 200 https://registry.npmjs.org/dunder-proto 79ms (cache revalidated)
2279 silly packumentCache full:https://registry.npmjs.org/dunder-proto set size:8256 disposed:false
2280 silly placeDep ROOT @hutson/parse-repository-url@3.0.2 OK for: get-pkg-repo@4.2.1 want: ^3.0.0
2281 silly placeDep ROOT hosted-git-info@4.1.0 OK for: get-pkg-repo@4.2.1 want: ^4.0.0
2282 silly placeDep node_modules/get-pkg-repo through2@2.0.5 OK for: get-pkg-repo@4.2.1 want: ^2.0.0
2283 silly placeDep ROOT yargs@16.2.2 OK for: get-pkg-repo@4.2.1 want: ^16.2.0
2284 silly fetch manifest lru-cache@^6.0.0
2285 silly packumentCache full:https://registry.npmjs.org/lru-cache cache-miss
2286 silly fetch manifest xtend@~4.0.1
2287 silly packumentCache full:https://registry.npmjs.org/xtend cache-miss
2288 silly fetch manifest readable-stream@~2.3.6
2289 silly packumentCache full:https://registry.npmjs.org/readable-stream cache-hit
2290 silly fetch manifest y18n@^5.0.5
2291 silly packumentCache full:https://registry.npmjs.org/y18n cache-miss
2292 silly fetch manifest cliui@^7.0.2
2293 silly packumentCache full:https://registry.npmjs.org/cliui cache-miss
2294 silly fetch manifest escalade@^3.1.1
2295 silly packumentCache full:https://registry.npmjs.org/escalade cache-miss
2296 silly fetch manifest string-width@^4.2.0
2297 silly packumentCache full:https://registry.npmjs.org/string-width cache-miss
2298 http cache https://registry.npmjs.org/lru-cache 80ms (cache hit)
2299 silly packumentCache full:https://registry.npmjs.org/lru-cache set size:465506 disposed:false
2300 silly fetch manifest yargs-parser@^20.2.2
2301 silly packumentCache full:https://registry.npmjs.org/yargs-parser cache-hit
2302 silly fetch manifest get-caller-file@^2.0.5
2303 silly packumentCache full:https://registry.npmjs.org/get-caller-file cache-miss
2304 http fetch GET 200 https://registry.npmjs.org/xtend 189ms (cache miss)
2305 silly packumentCache full:https://registry.npmjs.org/xtend set size:undefined disposed:false
2306 silly fetch manifest require-directory@^2.1.1
2307 silly packumentCache full:https://registry.npmjs.org/require-directory cache-miss
2308 http fetch GET 200 https://registry.npmjs.org/escalade 193ms (cache miss)
2309 silly packumentCache full:https://registry.npmjs.org/escalade set size:undefined disposed:false
2310 http fetch GET 200 https://registry.npmjs.org/string-width 201ms (cache miss)
2311 silly packumentCache full:https://registry.npmjs.org/string-width set size:undefined disposed:false
2312 http fetch GET 200 https://registry.npmjs.org/y18n 232ms (cache miss)
2313 silly packumentCache full:https://registry.npmjs.org/y18n set size:undefined disposed:false
2314 http fetch GET 200 https://registry.npmjs.org/cliui 239ms (cache miss)
2315 silly packumentCache full:https://registry.npmjs.org/cliui set size:undefined disposed:false
2316 http fetch GET 200 https://registry.npmjs.org/get-caller-file 175ms (cache miss)
2317 silly packumentCache full:https://registry.npmjs.org/get-caller-file set size:undefined disposed:false
2318 http fetch GET 200 https://registry.npmjs.org/require-directory 117ms (cache miss)
2319 silly packumentCache full:https://registry.npmjs.org/require-directory set size:undefined disposed:false
2320 silly placeDep ROOT dunder-proto@1.0.1 OK for: get-proto@1.0.1 want: ^1.0.1
2321 silly placeDep ROOT dargs@7.0.0 OK for: git-raw-commits@2.0.11 want: ^7.0.0
2322 silly placeDep ROOT gitconfiglocal@1.0.0 OK for: git-remote-origin-url@2.0.0 want: ^1.0.0
2323 silly placeDep ROOT pify@2.3.0 OK for: git-remote-origin-url@2.0.0 want: ^2.3.0
2324 silly fetch manifest ini@^1.3.2
2325 silly packumentCache full:https://registry.npmjs.org/ini cache-miss
2326 http fetch GET 200 https://registry.npmjs.org/ini 172ms (cache miss)
2327 silly packumentCache full:https://registry.npmjs.org/ini set size:undefined disposed:false
2328 silly placeDep ROOT ini@1.3.8 OK for: gitconfiglocal@1.0.0 want: ^1.3.2
2329 silly placeDep ROOT type-fest@0.20.2 OK for: globals@13.24.0 want: ^0.20.2
2330 silly placeDep ROOT minimist@1.2.8 OK for: handlebars@4.7.9 want: ^1.2.5
2331 silly placeDep ROOT neo-async@2.6.2 OK for: handlebars@4.7.9 want: ^2.6.2
2332 silly placeDep ROOT source-map@0.6.1 OK for: handlebars@4.7.9 want: ^0.6.1
2333 silly placeDep ROOT uglify-js@3.19.3 OK for: handlebars@4.7.9 want: ^3.1.4
2334 silly placeDep ROOT wordwrap@1.0.0 OK for: handlebars@4.7.9 want: ^1.0.0
2335 silly placeDep node_modules/hosted-git-info lru-cache@6.0.0 OK for: hosted-git-info@4.1.0 want: ^6.0.0
2336 silly fetch manifest yallist@^4.0.0
2337 silly packumentCache full:https://registry.npmjs.org/yallist cache-miss
2338 http fetch GET 200 https://registry.npmjs.org/yallist 101ms (cache miss)
2339 silly packumentCache full:https://registry.npmjs.org/yallist set size:undefined disposed:false
2340 silly placeDep node_modules/htmlparser2 entities@7.0.1 OK for: htmlparser2@10.1.0 want: ^7.0.1
2341 silly placeDep ROOT agent-base@6.0.2 OK for: https-proxy-agent@5.0.1 want: 6
2342 silly placeDep ROOT safer-buffer@2.1.2 OK for: iconv-lite@0.6.3 want: >= 2.1.2 < 3.0.0
2343 silly placeDep ROOT parent-module@1.0.1 OK for: import-fresh@3.3.1 want: ^1.0.0
2344 silly placeDep ROOT resolve-from@4.0.0 OK for: import-fresh@3.3.1 want: ^4.0.0
2345 silly fetch manifest callsites@^3.0.0
2346 silly packumentCache full:https://registry.npmjs.org/callsites cache-miss
2347 http fetch GET 200 https://registry.npmjs.org/callsites 126ms (cache miss)
2348 silly packumentCache full:https://registry.npmjs.org/callsites set size:undefined disposed:false
2349 silly placeDep ROOT is-extglob@2.1.1 OK for: is-glob@4.0.3 want: ^2.1.1
2350 silly placeDep ROOT text-extensions@1.9.0 OK for: is-text-path@1.0.1 want: ^1.0.0
2351 silly placeDep ROOT @jest/core@27.5.1 OK for: jest@27.5.1 want: ^27.5.1
2352 silly placeDep ROOT import-local@3.2.0 OK for: jest@27.5.1 want: ^3.0.2
2353 silly placeDep ROOT jest-cli@27.5.1 OK for: jest@27.5.1 want: ^27.5.1
2354 silly fetch manifest exit@^0.1.2
2355 silly packumentCache full:https://registry.npmjs.org/exit cache-miss
2356 silly fetch manifest slash@^3.0.0
2357 silly packumentCache full:https://registry.npmjs.org/slash cache-miss
2358 silly fetch manifest emittery@^0.8.1
2359 silly packumentCache full:https://registry.npmjs.org/emittery cache-miss
2360 silly fetch manifest jest-util@^27.5.1
2361 silly packumentCache full:https://registry.npmjs.org/jest-util cache-miss
2362 silly fetch manifest micromatch@^4.0.4
2363 silly packumentCache full:https://registry.npmjs.org/micromatch cache-miss
2364 silly fetch manifest @jest/types@^27.5.1
2365 silly packumentCache full:https://registry.npmjs.org/@jest%2ftypes cache-miss
2366 http cache https://registry.npmjs.org/jest-util 64ms (cache hit)
2367 silly packumentCache full:https://registry.npmjs.org/jest-util set size:597981 disposed:false
2368 silly fetch manifest graceful-fs@^4.2.9
2369 silly packumentCache full:https://registry.npmjs.org/graceful-fs cache-miss
2370 http fetch GET 200 https://registry.npmjs.org/exit 186ms (cache miss)
2371 silly packumentCache full:https://registry.npmjs.org/exit set size:undefined disposed:false
2372 silly fetch manifest jest-config@^27.5.1
2373 silly packumentCache full:https://registry.npmjs.org/jest-config cache-miss
2374 http fetch GET 200 https://registry.npmjs.org/slash 209ms (cache miss)
2375 silly packumentCache full:https://registry.npmjs.org/slash set size:undefined disposed:false
2376 silly fetch manifest jest-runner@^27.5.1
2377 silly packumentCache full:https://registry.npmjs.org/jest-runner cache-miss
2378 http fetch GET 200 https://registry.npmjs.org/emittery 229ms (cache miss)
2379 silly packumentCache full:https://registry.npmjs.org/emittery set size:undefined disposed:false
2380 silly fetch manifest ansi-escapes@^4.2.1
2381 silly packumentCache full:https://registry.npmjs.org/ansi-escapes cache-miss
2382 http fetch GET 200 https://registry.npmjs.org/micromatch 304ms (cache miss)
2383 silly packumentCache full:https://registry.npmjs.org/micromatch set size:undefined disposed:false
2384 silly fetch manifest jest-resolve@^27.5.1
2385 silly packumentCache full:https://registry.npmjs.org/jest-resolve cache-miss
2386 http fetch GET 200 https://registry.npmjs.org/@jest%2ftypes 422ms (cache miss)
2387 silly packumentCache full:https://registry.npmjs.org/@jest%2ftypes set size:undefined disposed:false
2388 silly fetch manifest jest-runtime@^27.5.1
2389 silly packumentCache full:https://registry.npmjs.org/jest-runtime cache-miss
2390 http fetch GET 200 https://registry.npmjs.org/graceful-fs 374ms (cache miss)
2391 silly packumentCache full:https://registry.npmjs.org/graceful-fs set size:undefined disposed:false
2392 silly fetch manifest jest-watcher@^27.5.1
2393 silly packumentCache full:https://registry.npmjs.org/jest-watcher cache-miss
2394 http fetch GET 200 https://registry.npmjs.org/ansi-escapes 365ms (cache miss)
2395 silly packumentCache full:https://registry.npmjs.org/ansi-escapes set size:undefined disposed:false
2396 silly fetch manifest @jest/console@^27.5.1
2397 silly packumentCache full:https://registry.npmjs.org/@jest%2fconsole cache-miss
2398 http fetch GET 200 https://registry.npmjs.org/jest-runner 525ms (cache miss)
2399 silly packumentCache full:https://registry.npmjs.org/jest-runner set size:undefined disposed:false
2400 silly fetch manifest jest-snapshot@^27.5.1
2401 silly packumentCache full:https://registry.npmjs.org/jest-snapshot cache-miss
2402 http fetch GET 200 https://registry.npmjs.org/jest-resolve 472ms (cache miss)
2403 silly packumentCache full:https://registry.npmjs.org/jest-resolve set size:undefined disposed:false
2404 silly fetch manifest jest-validate@^27.5.1
2405 silly packumentCache full:https://registry.npmjs.org/jest-validate cache-miss
2406 http fetch GET 200 https://registry.npmjs.org/jest-watcher 363ms (cache miss)
2407 silly packumentCache full:https://registry.npmjs.org/jest-watcher set size:undefined disposed:false
2408 silly fetch manifest jest-haste-map@^27.5.1
2409 silly packumentCache full:https://registry.npmjs.org/jest-haste-map cache-miss
2410 http fetch GET 200 https://registry.npmjs.org/jest-config 698ms (cache miss)
2411 silly packumentCache full:https://registry.npmjs.org/jest-config set size:undefined disposed:false
2412 silly fetch manifest @jest/reporters@^27.5.1
2413 silly packumentCache full:https://registry.npmjs.org/@jest%2freporters cache-miss
2414 http fetch GET 200 https://registry.npmjs.org/jest-runtime 631ms (cache miss)
2415 silly packumentCache full:https://registry.npmjs.org/jest-runtime set size:undefined disposed:false
2416 silly fetch manifest @jest/transform@^27.5.1
2417 silly packumentCache full:https://registry.npmjs.org/@jest%2ftransform cache-miss
2418 http fetch GET 200 https://registry.npmjs.org/@jest%2fconsole 557ms (cache miss)
2419 silly packumentCache full:https://registry.npmjs.org/@jest%2fconsole set size:undefined disposed:false
2420 silly fetch manifest jest-regex-util@^27.5.1
2421 silly packumentCache full:https://registry.npmjs.org/jest-regex-util cache-miss
2422 http fetch GET 200 https://registry.npmjs.org/jest-validate 419ms (cache miss)
2423 silly packumentCache full:https://registry.npmjs.org/jest-validate set size:undefined disposed:false
2424 silly fetch manifest @jest/test-result@^27.5.1
2425 silly packumentCache full:https://registry.npmjs.org/@jest%2ftest-result cache-miss
2426 http fetch GET 200 https://registry.npmjs.org/jest-snapshot 562ms (cache miss)
2427 silly packumentCache full:https://registry.npmjs.org/jest-snapshot set size:undefined disposed:false
2428 silly fetch manifest jest-message-util@^27.5.1
2429 silly packumentCache full:https://registry.npmjs.org/jest-message-util cache-miss
2430 http fetch GET 200 https://registry.npmjs.org/jest-haste-map 545ms (cache miss)
2431 silly packumentCache full:https://registry.npmjs.org/jest-haste-map set size:undefined disposed:false
2432 silly fetch manifest jest-changed-files@^27.5.1
2433 silly packumentCache full:https://registry.npmjs.org/jest-changed-files cache-miss
2434 http fetch GET 200 https://registry.npmjs.org/@jest%2freporters 572ms (cache miss)
2435 silly packumentCache full:https://registry.npmjs.org/@jest%2freporters set size:undefined disposed:false
2436 silly fetch manifest jest-resolve-dependencies@^27.5.1
2437 silly packumentCache full:https://registry.npmjs.org/jest-resolve-dependencies cache-miss
2438 http fetch GET 200 https://registry.npmjs.org/jest-regex-util 430ms (cache miss)
2439 silly packumentCache full:https://registry.npmjs.org/jest-regex-util set size:undefined disposed:false
2440 silly fetch manifest pkg-dir@^4.2.0
2441 silly packumentCache full:https://registry.npmjs.org/pkg-dir cache-miss
2442 http fetch GET 200 https://registry.npmjs.org/@jest%2ftransform 662ms (cache miss)
2443 silly packumentCache full:https://registry.npmjs.org/@jest%2ftransform set size:undefined disposed:false
2444 silly fetch manifest resolve-cwd@^3.0.0
2445 silly packumentCache full:https://registry.npmjs.org/resolve-cwd cache-miss
2446 http fetch GET 200 https://registry.npmjs.org/@jest%2ftest-result 743ms (cache miss)
2447 silly packumentCache full:https://registry.npmjs.org/@jest%2ftest-result set size:undefined disposed:false
2448 silly fetch manifest prompts@^2.0.1
2449 silly packumentCache full:https://registry.npmjs.org/prompts cache-miss
2450 http fetch GET 200 https://registry.npmjs.org/pkg-dir 330ms (cache miss)
2451 silly packumentCache full:https://registry.npmjs.org/pkg-dir set size:undefined disposed:false
2452 http fetch GET 200 https://registry.npmjs.org/resolve-cwd 136ms (cache miss)
2453 silly packumentCache full:https://registry.npmjs.org/resolve-cwd set size:undefined disposed:false
2454 http fetch GET 200 https://registry.npmjs.org/jest-changed-files 662ms (cache miss)
2455 silly packumentCache full:https://registry.npmjs.org/jest-changed-files set size:undefined disposed:false
2456 http fetch GET 200 https://registry.npmjs.org/jest-message-util 792ms (cache miss)
2457 silly packumentCache full:https://registry.npmjs.org/jest-message-util set size:undefined disposed:false
2458 http fetch GET 200 https://registry.npmjs.org/jest-resolve-dependencies 655ms (cache miss)
2459 silly packumentCache full:https://registry.npmjs.org/jest-resolve-dependencies set size:undefined disposed:false
2460 http fetch GET 200 https://registry.npmjs.org/prompts 186ms (cache miss)
2461 silly packumentCache full:https://registry.npmjs.org/prompts set size:undefined disposed:false
2462 silly fetch manifest ts-node@>=9.0.0
2463 silly packumentCache full:https://registry.npmjs.org/ts-node cache-miss
2464 http cache https://registry.npmjs.org/ts-node 24ms (cache hit)
2465 silly packumentCache full:https://registry.npmjs.org/ts-node set size:574573 disposed:false
2466 silly fetch manifest typescript@>=2.7
2467 silly packumentCache full:https://registry.npmjs.org/typescript cache-miss
2468 http cache https://registry.npmjs.org/typescript 244ms (cache hit)
2469 silly packumentCache full:https://registry.npmjs.org/typescript set size:15727452 disposed:false
2470 silly placeDep ROOT @jest/console@27.5.1 OK for: @jest/core@27.5.1 want: ^27.5.1
2471 silly placeDep ROOT @jest/reporters@27.5.1 OK for: @jest/core@27.5.1 want: ^27.5.1
2472 silly placeDep ROOT @jest/test-result@27.5.1 OK for: @jest/core@27.5.1 want: ^27.5.1
2473 silly placeDep ROOT @jest/transform@27.5.1 OK for: @jest/core@27.5.1 want: ^27.5.1
2474 silly placeDep ROOT @jest/types@27.5.1 OK for: @jest/core@27.5.1 want: ^27.5.1
2475 silly placeDep ROOT ansi-escapes@4.3.2 OK for: @jest/core@27.5.1 want: ^4.2.1
2476 silly placeDep ROOT emittery@0.8.1 OK for: @jest/core@27.5.1 want: ^0.8.1
2477 silly placeDep ROOT exit@0.1.2 OK for: @jest/core@27.5.1 want: ^0.1.2
2478 silly placeDep ROOT graceful-fs@4.2.11 OK for: @jest/core@27.5.1 want: ^4.2.9
2479 silly placeDep ROOT jest-changed-files@27.5.1 OK for: @jest/core@27.5.1 want: ^27.5.1
2480 silly placeDep ROOT jest-config@27.5.1 OK for: @jest/core@27.5.1 want: ^27.5.1
2481 silly placeDep ROOT jest-haste-map@27.5.1 OK for: @jest/core@27.5.1 want: ^27.5.1
2482 silly placeDep ROOT jest-message-util@27.5.1 OK for: @jest/core@27.5.1 want: ^27.5.1
2483 silly placeDep ROOT jest-regex-util@27.5.1 OK for: @jest/core@27.5.1 want: ^27.5.1
2484 silly placeDep ROOT jest-resolve@27.5.1 OK for: @jest/core@27.5.1 want: ^27.5.1
2485 silly placeDep ROOT jest-resolve-dependencies@27.5.1 OK for: @jest/core@27.5.1 want: ^27.5.1
2486 silly placeDep ROOT jest-runner@27.5.1 OK for: @jest/core@27.5.1 want: ^27.5.1
2487 silly placeDep ROOT jest-runtime@27.5.1 OK for: @jest/core@27.5.1 want: ^27.5.1
2488 silly placeDep ROOT jest-snapshot@27.5.1 OK for: @jest/core@27.5.1 want: ^27.5.1
2489 silly placeDep ROOT jest-util@27.5.1 OK for: @jest/core@27.5.1 want: ^27.5.1
2490 silly placeDep ROOT jest-validate@27.5.1 OK for: @jest/core@27.5.1 want: ^27.5.1
2491 silly placeDep ROOT jest-watcher@27.5.1 OK for: @jest/core@27.5.1 want: ^27.5.1
2492 silly placeDep ROOT micromatch@4.0.8 OK for: @jest/core@27.5.1 want: ^4.0.4
2493 silly placeDep ROOT slash@3.0.0 OK for: @jest/core@27.5.1 want: ^3.0.0
2494 silly fetch manifest glob@^7.1.2
2495 silly packumentCache full:https://registry.npmjs.org/glob cache-miss
2496 silly fetch manifest jest-worker@^27.5.1
2497 silly packumentCache full:https://registry.npmjs.org/jest-worker cache-miss
2498 silly fetch manifest string-length@^4.0.1
2499 silly packumentCache full:https://registry.npmjs.org/string-length cache-miss
2500 silly fetch manifest terminal-link@^2.0.0
2501 silly packumentCache full:https://registry.npmjs.org/terminal-link cache-miss
2502 silly fetch manifest v8-to-istanbul@^8.1.0
2503 silly packumentCache full:https://registry.npmjs.org/v8-to-istanbul cache-miss
2504 silly fetch manifest istanbul-reports@^3.1.3
2505 silly packumentCache full:https://registry.npmjs.org/istanbul-reports cache-miss
2506 http cache https://registry.npmjs.org/glob 381ms (cache hit)
2507 silly packumentCache full:https://registry.npmjs.org/glob set size:469465 disposed:false
2508 silly fetch manifest @bcoe/v8-coverage@^0.2.3
2509 silly packumentCache full:https://registry.npmjs.org/@bcoe%2fv8-coverage cache-miss
2510 http fetch GET 200 https://registry.npmjs.org/terminal-link 443ms (cache miss)
2511 silly packumentCache full:https://registry.npmjs.org/terminal-link set size:undefined disposed:false
2512 silly fetch manifest collect-v8-coverage@^1.0.0
2513 silly packumentCache full:https://registry.npmjs.org/collect-v8-coverage cache-miss
2514 http fetch GET 200 https://registry.npmjs.org/string-length 456ms (cache miss)
2515 silly packumentCache full:https://registry.npmjs.org/string-length set size:undefined disposed:false
2516 silly fetch manifest istanbul-lib-report@^3.0.0
2517 silly packumentCache full:https://registry.npmjs.org/istanbul-lib-report cache-miss
2518 http fetch GET 200 https://registry.npmjs.org/v8-to-istanbul 481ms (cache miss)
2519 silly packumentCache full:https://registry.npmjs.org/v8-to-istanbul set size:undefined disposed:false
2520 silly fetch manifest istanbul-lib-coverage@^3.0.0
2521 silly packumentCache full:https://registry.npmjs.org/istanbul-lib-coverage cache-miss
2522 http fetch GET 200 https://registry.npmjs.org/istanbul-reports 494ms (cache miss)
2523 silly packumentCache full:https://registry.npmjs.org/istanbul-reports set size:undefined disposed:false
2524 silly fetch manifest istanbul-lib-instrument@^5.1.0
2525 silly packumentCache full:https://registry.npmjs.org/istanbul-lib-instrument cache-miss
2526 http fetch GET 200 https://registry.npmjs.org/@bcoe%2fv8-coverage 148ms (cache miss)
2527 silly packumentCache full:https://registry.npmjs.org/@bcoe%2fv8-coverage set size:undefined disposed:false
2528 silly fetch manifest istanbul-lib-source-maps@^4.0.0
2529 silly packumentCache full:https://registry.npmjs.org/istanbul-lib-source-maps cache-miss
2530 http fetch GET 200 https://registry.npmjs.org/collect-v8-coverage 138ms (cache miss)
2531 silly packumentCache full:https://registry.npmjs.org/collect-v8-coverage set size:undefined disposed:false
2532 silly fetch manifest @types/istanbul-lib-coverage@^2.0.0
2533 silly packumentCache full:https://registry.npmjs.org/@types%2fistanbul-lib-coverage cache-miss
2534 http fetch GET 200 https://registry.npmjs.org/jest-worker 611ms (cache miss)
2535 silly packumentCache full:https://registry.npmjs.org/jest-worker set size:undefined disposed:false
2536 silly fetch manifest pirates@^4.0.4
2537 silly packumentCache full:https://registry.npmjs.org/pirates cache-miss
2538 http fetch GET 200 https://registry.npmjs.org/istanbul-lib-report 205ms (cache miss)
2539 silly packumentCache full:https://registry.npmjs.org/istanbul-lib-report set size:undefined disposed:false
2540 silly fetch manifest @babel/core@^7.1.0
2541 silly packumentCache full:https://registry.npmjs.org/@babel%2fcore cache-miss
2542 http fetch GET 200 https://registry.npmjs.org/istanbul-lib-coverage 218ms (cache miss)
2543 silly packumentCache full:https://registry.npmjs.org/istanbul-lib-coverage set size:undefined disposed:false
2544 silly fetch manifest write-file-atomic@^3.0.0
2545 silly packumentCache full:https://registry.npmjs.org/write-file-atomic cache-miss
2546 http cache https://registry.npmjs.org/@babel%2fcore 91ms (cache hit)
2547 silly packumentCache full:https://registry.npmjs.org/@babel%2fcore set size:797193 disposed:false
2548 silly fetch manifest convert-source-map@^1.4.0
2549 silly packumentCache full:https://registry.npmjs.org/convert-source-map cache-miss
2550 http fetch GET 200 https://registry.npmjs.org/istanbul-lib-instrument 311ms (cache miss)
2551 silly packumentCache full:https://registry.npmjs.org/istanbul-lib-instrument set size:undefined disposed:false
2552 silly fetch manifest babel-plugin-istanbul@^6.1.1
2553 silly packumentCache full:https://registry.npmjs.org/babel-plugin-istanbul cache-miss
2554 http fetch GET 200 https://registry.npmjs.org/@types%2fistanbul-lib-coverage 273ms (cache miss)
2555 silly packumentCache full:https://registry.npmjs.org/@types%2fistanbul-lib-coverage set size:undefined disposed:false
2556 silly fetch manifest @types/yargs@^16.0.0
2557 silly packumentCache full:https://registry.npmjs.org/@types%2fyargs cache-miss
2558 http fetch GET 200 https://registry.npmjs.org/istanbul-lib-source-maps 310ms (cache miss)
2559 silly packumentCache full:https://registry.npmjs.org/istanbul-lib-source-maps set size:undefined disposed:false
2560 silly fetch manifest @types/istanbul-reports@^3.0.0
2561 silly packumentCache full:https://registry.npmjs.org/@types%2fistanbul-reports cache-miss
2562 http fetch GET 200 https://registry.npmjs.org/pirates 279ms (cache miss)
2563 silly packumentCache full:https://registry.npmjs.org/pirates set size:undefined disposed:false
2564 silly fetch manifest type-fest@^0.21.3
2565 silly packumentCache full:https://registry.npmjs.org/type-fest cache-hit
2566 silly fetch manifest execa@^5.0.0
2567 silly packumentCache full:https://registry.npmjs.org/execa cache-miss
2568 http fetch GET 200 https://registry.npmjs.org/write-file-atomic 225ms (cache miss)
2569 silly packumentCache full:https://registry.npmjs.org/write-file-atomic set size:undefined disposed:false
2570 silly fetch manifest throat@^6.0.1
2571 silly packumentCache full:https://registry.npmjs.org/throat cache-miss
2572 http cache https://registry.npmjs.org/execa 87ms (cache hit)
2573 silly packumentCache full:https://registry.npmjs.org/execa set size:188760 disposed:false
2574 silly fetch manifest glob@^7.1.1
2575 silly packumentCache full:https://registry.npmjs.org/glob cache-hit
2576 silly fetch manifest ci-info@^3.2.0
2577 silly packumentCache full:https://registry.npmjs.org/ci-info cache-miss
2578 http fetch GET 200 https://registry.npmjs.org/babel-plugin-istanbul 217ms (cache miss)
2579 silly packumentCache full:https://registry.npmjs.org/babel-plugin-istanbul set size:undefined disposed:false
2580 silly fetch manifest deepmerge@^4.2.2
2581 silly packumentCache full:https://registry.npmjs.org/deepmerge cache-miss
2582 http fetch GET 200 https://registry.npmjs.org/@types%2fistanbul-reports 194ms (cache miss)
2583 silly packumentCache full:https://registry.npmjs.org/@types%2fistanbul-reports set size:undefined disposed:false
2584 silly fetch manifest babel-jest@^27.5.1
2585 silly packumentCache full:https://registry.npmjs.org/babel-jest cache-miss
2586 http fetch GET 200 https://registry.npmjs.org/throat 141ms (cache miss)
2587 silly packumentCache full:https://registry.npmjs.org/throat set size:undefined disposed:false
2588 silly fetch manifest parse-json@^5.2.0
2589 silly packumentCache full:https://registry.npmjs.org/parse-json cache-miss
2590 http fetch GET 200 https://registry.npmjs.org/@types%2fyargs 252ms (cache miss)
2591 silly packumentCache full:https://registry.npmjs.org/@types%2fyargs set size:undefined disposed:false
2592 silly fetch manifest @babel/core@^7.8.0
2593 silly packumentCache full:https://registry.npmjs.org/@babel%2fcore cache-hit
2594 silly fetch manifest jest-circus@^27.5.1
2595 silly packumentCache full:https://registry.npmjs.org/jest-circus cache-miss
2596 http cache https://registry.npmjs.org/babel-jest 121ms (cache hit)
2597 silly packumentCache full:https://registry.npmjs.org/babel-jest set size:699673 disposed:false
2598 silly fetch manifest jest-jasmine2@^27.5.1
2599 silly packumentCache full:https://registry.npmjs.org/jest-jasmine2 cache-miss
2600 http fetch GET 200 https://registry.npmjs.org/parse-json 166ms (cache miss)
2601 silly packumentCache full:https://registry.npmjs.org/parse-json set size:undefined disposed:false
2602 silly fetch manifest @jest/test-sequencer@^27.5.1
2603 silly packumentCache full:https://registry.npmjs.org/@jest%2ftest-sequencer cache-miss
2604 http fetch GET 200 https://registry.npmjs.org/convert-source-map 475ms (cache miss)
2605 silly packumentCache full:https://registry.npmjs.org/convert-source-map set size:undefined disposed:false
2606 silly fetch manifest jest-environment-node@^27.5.1
2607 silly packumentCache full:https://registry.npmjs.org/jest-environment-node cache-miss
2608 http fetch GET 200 https://registry.npmjs.org/ci-info 268ms (cache miss)
2609 silly packumentCache full:https://registry.npmjs.org/ci-info set size:undefined disposed:false
2610 silly fetch manifest jest-environment-jsdom@^27.5.1
2611 silly packumentCache full:https://registry.npmjs.org/jest-environment-jsdom cache-miss
2612 http fetch GET 200 https://registry.npmjs.org/deepmerge 270ms (cache miss)
2613 silly packumentCache full:https://registry.npmjs.org/deepmerge set size:undefined disposed:false
2614 silly fetch manifest walker@^1.0.7
2615 silly packumentCache full:https://registry.npmjs.org/walker cache-miss
2616 http fetch GET 200 https://registry.npmjs.org/jest-jasmine2 302ms (cache miss)
2617 silly packumentCache full:https://registry.npmjs.org/jest-jasmine2 set size:undefined disposed:false
2618 silly fetch manifest anymatch@^3.0.3
2619 silly packumentCache full:https://registry.npmjs.org/anymatch cache-miss
2620 http fetch GET 200 https://registry.npmjs.org/jest-circus 497ms (cache miss)
2621 silly packumentCache full:https://registry.npmjs.org/jest-circus set size:undefined disposed:false
2622 silly fetch manifest fb-watchman@^2.0.0
2623 silly packumentCache full:https://registry.npmjs.org/fb-watchman cache-miss
2624 http fetch GET 200 https://registry.npmjs.org/walker 388ms (cache miss)
2625 silly packumentCache full:https://registry.npmjs.org/walker set size:undefined disposed:false
2626 silly fetch manifest jest-serializer@^27.5.1
2627 silly packumentCache full:https://registry.npmjs.org/jest-serializer cache-miss
2628 http fetch GET 200 https://registry.npmjs.org/anymatch 184ms (cache miss)
2629 silly packumentCache full:https://registry.npmjs.org/anymatch set size:undefined disposed:false
2630 silly fetch manifest @types/graceful-fs@^4.1.2
2631 silly packumentCache full:https://registry.npmjs.org/@types%2fgraceful-fs cache-miss
2632 http fetch GET 200 https://registry.npmjs.org/@jest%2ftest-sequencer 536ms (cache miss)
2633 silly packumentCache full:https://registry.npmjs.org/@jest%2ftest-sequencer set size:undefined disposed:false
2634 silly fetch manifest fsevents@^2.3.2
2635 silly packumentCache full:https://registry.npmjs.org/fsevents cache-miss
2636 http fetch GET 200 https://registry.npmjs.org/fb-watchman 179ms (cache miss)
2637 silly packumentCache full:https://registry.npmjs.org/fb-watchman set size:undefined disposed:false
2638 silly fetch manifest stack-utils@^2.0.3
2639 silly packumentCache full:https://registry.npmjs.org/stack-utils cache-miss
2640 http fetch GET 200 https://registry.npmjs.org/jest-environment-node 608ms (cache miss)
2641 silly packumentCache full:https://registry.npmjs.org/jest-environment-node set size:undefined disposed:false
2642 silly fetch manifest @babel/code-frame@^7.12.13
2643 silly packumentCache full:https://registry.npmjs.org/@babel%2fcode-frame cache-miss
2644 http fetch GET 200 https://registry.npmjs.org/@types%2fgraceful-fs 172ms (cache miss)
2645 silly packumentCache full:https://registry.npmjs.org/@types%2fgraceful-fs set size:undefined disposed:false
2646 silly fetch manifest @types/stack-utils@^2.0.0
2647 silly packumentCache full:https://registry.npmjs.org/@types%2fstack-utils cache-miss
2648 http fetch GET 200 https://registry.npmjs.org/jest-environment-jsdom 675ms (cache miss)
2649 silly packumentCache full:https://registry.npmjs.org/jest-environment-jsdom set size:undefined disposed:false
2650 silly fetch manifest resolve@^1.20.0
2651 silly packumentCache full:https://registry.npmjs.org/resolve cache-miss
2652 http fetch GET 200 https://registry.npmjs.org/jest-serializer 306ms (cache miss)
2653 silly packumentCache full:https://registry.npmjs.org/jest-serializer set size:undefined disposed:false
2654 silly fetch manifest resolve.exports@^1.1.0
2655 silly packumentCache full:https://registry.npmjs.org/resolve.exports cache-miss
2656 http fetch GET 200 https://registry.npmjs.org/stack-utils 203ms (cache miss)
2657 silly packumentCache full:https://registry.npmjs.org/stack-utils set size:undefined disposed:false
2658 silly fetch manifest jest-pnp-resolver@^1.2.2
2659 silly packumentCache full:https://registry.npmjs.org/jest-pnp-resolver cache-miss
2660 http fetch GET 200 https://registry.npmjs.org/fsevents 272ms (cache miss)
2661 silly packumentCache full:https://registry.npmjs.org/fsevents set size:undefined disposed:false
2662 silly fetch manifest jest-docblock@^27.5.1
2663 silly packumentCache full:https://registry.npmjs.org/jest-docblock cache-miss
2664 http fetch GET 200 https://registry.npmjs.org/@types%2fstack-utils 181ms (cache miss)
2665 silly packumentCache full:https://registry.npmjs.org/@types%2fstack-utils set size:undefined disposed:false
2666 silly fetch manifest @jest/environment@^27.5.1
2667 silly packumentCache full:https://registry.npmjs.org/@jest%2fenvironment cache-miss
2668 http fetch GET 200 https://registry.npmjs.org/@babel%2fcode-frame 220ms (cache miss)
2669 silly packumentCache full:https://registry.npmjs.org/@babel%2fcode-frame set size:undefined disposed:false
2670 silly fetch manifest jest-leak-detector@^27.5.1
2671 silly packumentCache full:https://registry.npmjs.org/jest-leak-detector cache-miss
2672 http fetch GET 200 https://registry.npmjs.org/resolve.exports 155ms (cache miss)
2673 silly packumentCache full:https://registry.npmjs.org/resolve.exports set size:undefined disposed:false
2674 silly fetch manifest source-map-support@^0.5.6
2675 silly packumentCache full:https://registry.npmjs.org/source-map-support cache-miss
2676 http fetch GET 200 https://registry.npmjs.org/jest-pnp-resolver 138ms (cache miss)
2677 silly packumentCache full:https://registry.npmjs.org/jest-pnp-resolver set size:undefined disposed:false
2678 silly fetch manifest jest-mock@^27.5.1
2679 silly packumentCache full:https://registry.npmjs.org/jest-mock cache-miss
2680 http fetch GET 200 https://registry.npmjs.org/resolve 234ms (cache miss)
2681 silly packumentCache full:https://registry.npmjs.org/resolve set size:undefined disposed:false
2682 silly fetch manifest strip-bom@^4.0.0
2683 silly packumentCache full:https://registry.npmjs.org/strip-bom cache-miss
2684 http fetch GET 200 https://registry.npmjs.org/jest-docblock 196ms (cache miss)
2685 silly packumentCache full:https://registry.npmjs.org/jest-docblock set size:undefined disposed:false
2686 silly fetch manifest @jest/globals@^27.5.1
2687 silly packumentCache full:https://registry.npmjs.org/@jest%2fglobals cache-miss
2688 http fetch GET 200 https://registry.npmjs.org/source-map-support 185ms (cache miss)
2689 silly packumentCache full:https://registry.npmjs.org/source-map-support set size:undefined disposed:false
2690 silly fetch manifest @jest/source-map@^27.5.1
2691 silly packumentCache full:https://registry.npmjs.org/@jest%2fsource-map cache-miss
2692 http fetch GET 200 https://registry.npmjs.org/@jest%2fenvironment 284ms (cache miss)
2693 silly packumentCache full:https://registry.npmjs.org/@jest%2fenvironment set size:undefined disposed:false
2694 silly fetch manifest cjs-module-lexer@^1.0.0
2695 silly packumentCache full:https://registry.npmjs.org/cjs-module-lexer cache-miss
2696 http fetch GET 200 https://registry.npmjs.org/strip-bom 218ms (cache miss)
2697 silly packumentCache full:https://registry.npmjs.org/strip-bom set size:undefined disposed:false
2698 silly fetch manifest @jest/fake-timers@^27.5.1
2699 silly packumentCache full:https://registry.npmjs.org/@jest%2ffake-timers cache-miss
2700 http fetch GET 200 https://registry.npmjs.org/jest-leak-detector 328ms (cache miss)
2701 silly packumentCache full:https://registry.npmjs.org/jest-leak-detector set size:undefined disposed:false
2702 silly fetch manifest expect@^27.5.1
2703 silly packumentCache full:https://registry.npmjs.org/expect cache-miss
2704 http fetch GET 200 https://registry.npmjs.org/jest-mock 331ms (cache miss)
2705 silly packumentCache full:https://registry.npmjs.org/jest-mock set size:undefined disposed:false
2706 silly fetch manifest semver@^7.3.2
2707 silly packumentCache full:https://registry.npmjs.org/semver cache-hit
2708 silly fetch manifest @babel/core@^7.7.2
2709 silly packumentCache full:https://registry.npmjs.org/@babel%2fcore cache-hit
2710 silly fetch manifest @babel/types@^7.0.0
2711 silly packumentCache full:https://registry.npmjs.org/@babel%2ftypes cache-miss
2712 http fetch GET 200 https://registry.npmjs.org/@jest%2fglobals 285ms (cache miss)
2713 silly packumentCache full:https://registry.npmjs.org/@jest%2fglobals set size:undefined disposed:false
2714 silly fetch manifest @babel/traverse@^7.7.2
2715 silly packumentCache full:https://registry.npmjs.org/@babel%2ftraverse cache-miss
2716 http fetch GET 200 https://registry.npmjs.org/cjs-module-lexer 202ms (cache miss)
2717 silly packumentCache full:https://registry.npmjs.org/cjs-module-lexer set size:undefined disposed:false
2718 silly fetch manifest @types/prettier@^2.1.5
2719 silly packumentCache full:https://registry.npmjs.org/@types%2fprettier cache-miss
2720 http fetch GET 200 https://registry.npmjs.org/@jest%2fsource-map 259ms (cache miss)
2721 silly packumentCache full:https://registry.npmjs.org/@jest%2fsource-map set size:undefined disposed:false
2722 silly fetch manifest @babel/generator@^7.7.2
2723 silly packumentCache full:https://registry.npmjs.org/@babel%2fgenerator cache-miss
2724 http fetch GET 200 https://registry.npmjs.org/@jest%2ffake-timers 270ms (cache miss)
2725 silly packumentCache full:https://registry.npmjs.org/@jest%2ffake-timers set size:undefined disposed:false
2726 silly fetch manifest @types/babel__traverse@^7.0.4
2727 silly packumentCache full:https://registry.npmjs.org/@types%2fbabel__traverse cache-miss
2728 http fetch GET 200 https://registry.npmjs.org/expect 492ms (cache miss)
2729 silly packumentCache full:https://registry.npmjs.org/expect set size:undefined disposed:false
2730 silly fetch manifest @babel/plugin-syntax-typescript@^7.7.2
2731 silly packumentCache full:https://registry.npmjs.org/@babel%2fplugin-syntax-typescript cache-miss
2732 http fetch GET 200 https://registry.npmjs.org/@babel%2ftypes 460ms (cache miss)
2733 silly packumentCache full:https://registry.npmjs.org/@babel%2ftypes set size:undefined disposed:false
2734 silly fetch manifest babel-preset-current-node-syntax@^1.0.0
2735 silly packumentCache full:https://registry.npmjs.org/babel-preset-current-node-syntax cache-miss
2736 http fetch GET 200 https://registry.npmjs.org/@types%2fbabel__traverse 327ms (cache miss)
2737 silly packumentCache full:https://registry.npmjs.org/@types%2fbabel__traverse set size:undefined disposed:false
2738 silly fetch manifest picomatch@^2.2.3
2739 silly packumentCache full:https://registry.npmjs.org/picomatch cache-miss
2740 http fetch GET 200 https://registry.npmjs.org/@types%2fprettier 464ms (cache miss)
2741 silly packumentCache full:https://registry.npmjs.org/@types%2fprettier set size:undefined disposed:false
2742 silly fetch manifest leven@^3.1.0
2743 silly packumentCache full:https://registry.npmjs.org/leven cache-miss
2744 http fetch GET 200 https://registry.npmjs.org/babel-preset-current-node-syntax 116ms (cache miss)
2745 silly packumentCache full:https://registry.npmjs.org/babel-preset-current-node-syntax set size:undefined disposed:false
2746 silly fetch manifest camelcase@^6.2.0
2747 silly packumentCache full:https://registry.npmjs.org/camelcase cache-miss
2748 http fetch GET 200 https://registry.npmjs.org/@babel%2ftraverse 606ms (cache miss)
2749 silly packumentCache full:https://registry.npmjs.org/@babel%2ftraverse set size:undefined disposed:false
2750 silly fetch manifest braces@^3.0.3
2751 silly packumentCache full:https://registry.npmjs.org/braces cache-miss
2752 http fetch GET 200 https://registry.npmjs.org/@babel%2fgenerator 598ms (cache miss)
2753 silly packumentCache full:https://registry.npmjs.org/@babel%2fgenerator set size:undefined disposed:false
2754 silly fetch manifest picomatch@^2.3.1
2755 silly packumentCache full:https://registry.npmjs.org/picomatch cache-miss
2756 http cache https://registry.npmjs.org/picomatch 187ms (cache hit)
2757 silly packumentCache full:https://registry.npmjs.org/picomatch set size:134451 disposed:false
2758 http fetch GET 200 https://registry.npmjs.org/@babel%2fplugin-syntax-typescript 296ms (cache miss)
2759 silly packumentCache full:https://registry.npmjs.org/@babel%2fplugin-syntax-typescript set size:undefined disposed:false
2760 http fetch GET 200 https://registry.npmjs.org/leven 218ms (cache miss)
2761 silly packumentCache full:https://registry.npmjs.org/leven set size:undefined disposed:false
2762 http cache https://registry.npmjs.org/picomatch 62ms (cache hit)
2763 silly packumentCache full:https://registry.npmjs.org/picomatch set size:134451 disposed:false
2764 silly packumentCache full:https://registry.npmjs.org/picomatch dispose
2765 http fetch GET 200 https://registry.npmjs.org/camelcase 165ms (cache miss)
2766 silly packumentCache full:https://registry.npmjs.org/camelcase set size:undefined disposed:false
2767 http fetch GET 200 https://registry.npmjs.org/braces 145ms (cache miss)
2768 silly packumentCache full:https://registry.npmjs.org/braces set size:undefined disposed:false
2769 silly placeDep ROOT @bcoe/v8-coverage@0.2.3 OK for: @jest/reporters@27.5.1 want: ^0.2.3
2770 silly placeDep ROOT collect-v8-coverage@1.0.3 OK for: @jest/reporters@27.5.1 want: ^1.0.0
2771 silly placeDep ROOT glob@7.2.3 OK for: @jest/reporters@27.5.1 want: ^7.1.2
2772 silly placeDep ROOT istanbul-lib-coverage@3.2.2 OK for: @jest/reporters@27.5.1 want: ^3.0.0
2773 silly placeDep ROOT istanbul-lib-instrument@5.2.1 OK for: @jest/reporters@27.5.1 want: ^5.1.0
2774 silly placeDep ROOT istanbul-lib-report@3.0.1 OK for: @jest/reporters@27.5.1 want: ^3.0.0
2775 silly placeDep ROOT istanbul-lib-source-maps@4.0.1 OK for: @jest/reporters@27.5.1 want: ^4.0.0
2776 silly placeDep ROOT istanbul-reports@3.2.0 OK for: @jest/reporters@27.5.1 want: ^3.1.3
2777 silly placeDep ROOT jest-worker@27.5.1 OK for: @jest/reporters@27.5.1 want: ^27.5.1
2778 silly placeDep ROOT string-length@4.0.2 OK for: @jest/reporters@27.5.1 want: ^4.0.1
2779 silly placeDep ROOT terminal-link@2.1.1 OK for: @jest/reporters@27.5.1 want: ^2.0.0
2780 silly placeDep ROOT v8-to-istanbul@8.1.1 OK for: @jest/reporters@27.5.1 want: ^8.1.0
2781 silly fetch manifest once@^1.3.0
2782 silly packumentCache full:https://registry.npmjs.org/once cache-miss
2783 silly fetch manifest inflight@^1.0.4
2784 silly packumentCache full:https://registry.npmjs.org/inflight cache-miss
2785 silly fetch manifest inherits@2
2786 silly packumentCache full:https://registry.npmjs.org/inherits cache-miss
2787 silly fetch manifest fs.realpath@^1.0.0
2788 silly packumentCache full:https://registry.npmjs.org/fs.realpath cache-miss
2789 silly fetch manifest path-is-absolute@^1.0.0
2790 silly packumentCache full:https://registry.npmjs.org/path-is-absolute cache-miss
2791 silly fetch manifest @babel/core@^7.12.3
2792 silly packumentCache full:https://registry.npmjs.org/@babel%2fcore cache-hit
2793 silly fetch manifest @babel/parser@^7.14.7
2794 silly packumentCache full:https://registry.npmjs.org/@babel%2fparser cache-miss
2795 http fetch GET 200 https://registry.npmjs.org/inflight 103ms (cache miss)
2796 silly packumentCache full:https://registry.npmjs.org/inflight set size:undefined disposed:false
2797 silly fetch manifest @istanbuljs/schema@^0.1.2
2798 silly packumentCache full:https://registry.npmjs.org/@istanbuljs%2fschema cache-miss
2799 http fetch GET 200 https://registry.npmjs.org/path-is-absolute 106ms (cache miss)
2800 silly packumentCache full:https://registry.npmjs.org/path-is-absolute set size:undefined disposed:false
2801 silly fetch manifest make-dir@^4.0.0
2802 silly packumentCache full:https://registry.npmjs.org/make-dir cache-miss
2803 http fetch GET 200 https://registry.npmjs.org/fs.realpath 140ms (cache miss)
2804 silly packumentCache full:https://registry.npmjs.org/fs.realpath set size:undefined disposed:false
2805 silly fetch manifest html-escaper@^2.0.0
2806 silly packumentCache full:https://registry.npmjs.org/html-escaper cache-miss
2807 http fetch GET 200 https://registry.npmjs.org/inherits 166ms (cache revalidated)
2808 silly packumentCache full:https://registry.npmjs.org/inherits set size:12925 disposed:false
2809 silly fetch manifest merge-stream@^2.0.0
2810 silly packumentCache full:https://registry.npmjs.org/merge-stream cache-miss
2811 http fetch GET 200 https://registry.npmjs.org/once 182ms (cache revalidated)
2812 silly packumentCache full:https://registry.npmjs.org/once set size:11752 disposed:false
2813 silly fetch manifest supports-color@^8.0.0
2814 silly packumentCache full:https://registry.npmjs.org/supports-color cache-miss
2815 http fetch GET 200 https://registry.npmjs.org/make-dir 116ms (cache miss)
2816 silly packumentCache full:https://registry.npmjs.org/make-dir set size:undefined disposed:false
2817 silly fetch manifest char-regex@^1.0.2
2818 silly packumentCache full:https://registry.npmjs.org/char-regex cache-miss
2819 http fetch GET 200 https://registry.npmjs.org/@istanbuljs%2fschema 135ms (cache miss)
2820 silly packumentCache full:https://registry.npmjs.org/@istanbuljs%2fschema set size:undefined disposed:false
2821 silly fetch manifest supports-hyperlinks@^2.0.0
2822 silly packumentCache full:https://registry.npmjs.org/supports-hyperlinks cache-miss
2823 http cache https://registry.npmjs.org/supports-color 72ms (cache hit)
2824 silly packumentCache full:https://registry.npmjs.org/supports-color set size:124169 disposed:false
2825 silly fetch manifest source-map@^0.7.3
2826 silly packumentCache full:https://registry.npmjs.org/source-map cache-miss
2827 http fetch GET 200 https://registry.npmjs.org/html-escaper 145ms (cache miss)
2828 silly packumentCache full:https://registry.npmjs.org/html-escaper set size:undefined disposed:false
2829 silly fetch manifest convert-source-map@^1.6.0
2830 silly packumentCache full:https://registry.npmjs.org/convert-source-map cache-miss
2831 http fetch GET 200 https://registry.npmjs.org/merge-stream 142ms (cache miss)
2832 silly packumentCache full:https://registry.npmjs.org/merge-stream set size:undefined disposed:false
2833 silly fetch manifest @types/istanbul-lib-coverage@^2.0.1
2834 silly packumentCache full:https://registry.npmjs.org/@types%2fistanbul-lib-coverage cache-miss
2835 http cache https://registry.npmjs.org/source-map 62ms (cache hit)
2836 silly packumentCache full:https://registry.npmjs.org/source-map set size:231637 disposed:false
2837 http cache https://registry.npmjs.org/convert-source-map 68ms (cache hit)
2838 silly packumentCache full:https://registry.npmjs.org/convert-source-map set size:66997 disposed:false
2839 http fetch GET 200 https://registry.npmjs.org/char-regex 136ms (cache miss)
2840 silly packumentCache full:https://registry.npmjs.org/char-regex set size:undefined disposed:false
2841 http fetch GET 200 https://registry.npmjs.org/@babel%2fparser 367ms (cache miss)
2842 silly packumentCache full:https://registry.npmjs.org/@babel%2fparser set size:undefined disposed:false
2843 http cache https://registry.npmjs.org/@types%2fistanbul-lib-coverage 111ms (cache hit)
2844 silly packumentCache full:https://registry.npmjs.org/@types%2fistanbul-lib-coverage set size:18110 disposed:false
2845 http fetch GET 200 https://registry.npmjs.org/supports-hyperlinks 191ms (cache miss)
2846 silly packumentCache full:https://registry.npmjs.org/supports-hyperlinks set size:undefined disposed:false
2847 silly placeDep ROOT @types/istanbul-lib-coverage@2.0.6 OK for: @jest/test-result@27.5.1 want: ^2.0.0
2848 silly placeDep ROOT @babel/core@7.29.7 OK for: @jest/transform@27.5.1 want: ^7.1.0
2849 silly placeDep ROOT babel-plugin-istanbul@6.1.1 OK for: @jest/transform@27.5.1 want: ^6.1.1
2850 silly placeDep ROOT convert-source-map@1.9.0 OK for: @jest/transform@27.5.1 want: ^1.4.0
2851 silly placeDep ROOT pirates@4.0.7 OK for: @jest/transform@27.5.1 want: ^4.0.4
2852 silly placeDep ROOT write-file-atomic@3.0.3 OK for: @jest/transform@27.5.1 want: ^3.0.0
2853 silly fetch manifest json5@^2.2.3
2854 silly packumentCache full:https://registry.npmjs.org/json5 cache-miss
2855 silly fetch manifest gensync@^1.0.0-beta.2
2856 silly packumentCache full:https://registry.npmjs.org/gensync cache-miss
2857 silly fetch manifest @babel/types@^7.29.7
2858 silly packumentCache full:https://registry.npmjs.org/@babel%2ftypes cache-miss
2859 silly fetch manifest @babel/parser@^7.29.7
2860 silly packumentCache full:https://registry.npmjs.org/@babel%2fparser cache-miss
2861 silly fetch manifest @babel/helpers@^7.29.7
2862 silly packumentCache full:https://registry.npmjs.org/@babel%2fhelpers cache-miss
2863 silly fetch manifest @babel/template@^7.29.7
2864 silly packumentCache full:https://registry.npmjs.org/@babel%2ftemplate cache-miss
2865 http cache https://registry.npmjs.org/@babel%2ftypes 39ms (cache hit)
2866 silly packumentCache full:https://registry.npmjs.org/@babel%2ftypes set size:507562 disposed:false
2867 silly fetch manifest @babel/traverse@^7.29.7
2868 silly packumentCache full:https://registry.npmjs.org/@babel%2ftraverse cache-miss
2869 http cache https://registry.npmjs.org/@babel%2fparser 69ms (cache hit)
2870 silly packumentCache full:https://registry.npmjs.org/@babel%2fparser set size:745724 disposed:false
2871 silly fetch manifest @babel/generator@^7.29.7
2872 silly packumentCache full:https://registry.npmjs.org/@babel%2fgenerator cache-miss
2873 http cache https://registry.npmjs.org/json5 119ms (cache hit)
2874 silly packumentCache full:https://registry.npmjs.org/json5 set size:86136 disposed:false
2875 silly fetch manifest @babel/code-frame@^7.29.7
2876 silly packumentCache full:https://registry.npmjs.org/@babel%2fcode-frame cache-miss
2877 http cache https://registry.npmjs.org/@babel%2ftraverse 100ms (cache hit)
2878 silly packumentCache full:https://registry.npmjs.org/@babel%2ftraverse set size:569712 disposed:false
2879 silly fetch manifest convert-source-map@^2.0.0
2880 silly packumentCache full:https://registry.npmjs.org/convert-source-map cache-hit
2881 silly fetch manifest @jridgewell/remapping@^2.3.5
2882 silly packumentCache full:https://registry.npmjs.org/@jridgewell%2fremapping cache-miss
2883 http fetch GET 200 https://registry.npmjs.org/gensync 196ms (cache miss)
2884 silly packumentCache full:https://registry.npmjs.org/gensync set size:undefined disposed:false
2885 silly fetch manifest @babel/helper-module-transforms@^7.29.7
2886 silly packumentCache full:https://registry.npmjs.org/@babel%2fhelper-module-transforms cache-miss
2887 http cache https://registry.npmjs.org/@babel%2fgenerator 101ms (cache hit)
2888 silly packumentCache full:https://registry.npmjs.org/@babel%2fgenerator set size:527796 disposed:false
2889 silly fetch manifest @babel/helper-compilation-targets@^7.29.7
2890 silly packumentCache full:https://registry.npmjs.org/@babel%2fhelper-compilation-targets cache-miss
2891 http cache https://registry.npmjs.org/@babel%2fcode-frame 132ms (cache hit)
2892 silly packumentCache full:https://registry.npmjs.org/@babel%2fcode-frame set size:208928 disposed:false
2893 silly fetch manifest test-exclude@^6.0.0
2894 silly packumentCache full:https://registry.npmjs.org/test-exclude cache-miss
2895 http fetch GET 200 https://registry.npmjs.org/@babel%2ftemplate 297ms (cache miss)
2896 silly packumentCache full:https://registry.npmjs.org/@babel%2ftemplate set size:undefined disposed:false
2897 silly fetch manifest @babel/helper-plugin-utils@^7.0.0
2898 silly packumentCache full:https://registry.npmjs.org/@babel%2fhelper-plugin-utils cache-miss
2899 http fetch GET 200 https://registry.npmjs.org/@babel%2fhelpers 522ms (cache miss)
2900 silly packumentCache full:https://registry.npmjs.org/@babel%2fhelpers set size:undefined disposed:false
2901 silly fetch manifest @istanbuljs/load-nyc-config@^1.0.0
2902 silly packumentCache full:https://registry.npmjs.org/@istanbuljs%2fload-nyc-config cache-miss
2903 http fetch GET 200 https://registry.npmjs.org/@jridgewell%2fremapping 394ms (cache miss)
2904 silly packumentCache full:https://registry.npmjs.org/@jridgewell%2fremapping set size:undefined disposed:false
2905 silly fetch manifest signal-exit@^3.0.2
2906 silly packumentCache full:https://registry.npmjs.org/signal-exit cache-miss
2907 http fetch GET 200 https://registry.npmjs.org/test-exclude 335ms (cache miss)
2908 silly packumentCache full:https://registry.npmjs.org/test-exclude set size:undefined disposed:false
2909 silly fetch manifest is-typedarray@^1.0.0
2910 silly packumentCache full:https://registry.npmjs.org/is-typedarray cache-miss
2911 http fetch GET 200 https://registry.npmjs.org/@babel%2fhelper-plugin-utils 284ms (cache miss)
2912 silly packumentCache full:https://registry.npmjs.org/@babel%2fhelper-plugin-utils set size:undefined disposed:false
2913 silly fetch manifest typedarray-to-buffer@^3.1.5
2914 silly packumentCache full:https://registry.npmjs.org/typedarray-to-buffer cache-miss
2915 http fetch GET 200 https://registry.npmjs.org/@babel%2fhelper-compilation-targets 444ms (cache miss)
2916 silly packumentCache full:https://registry.npmjs.org/@babel%2fhelper-compilation-targets set size:undefined disposed:false
2917 http fetch GET 200 https://registry.npmjs.org/@babel%2fhelper-module-transforms 510ms (cache miss)
2918 silly packumentCache full:https://registry.npmjs.org/@babel%2fhelper-module-transforms set size:undefined disposed:false
2919 http fetch GET 200 https://registry.npmjs.org/@istanbuljs%2fload-nyc-config 181ms (cache miss)
2920 silly packumentCache full:https://registry.npmjs.org/@istanbuljs%2fload-nyc-config set size:undefined disposed:false
2921 http fetch GET 200 https://registry.npmjs.org/is-typedarray 129ms (cache miss)
2922 silly packumentCache full:https://registry.npmjs.org/is-typedarray set size:undefined disposed:false
2923 http fetch GET 200 https://registry.npmjs.org/signal-exit 163ms (cache miss)
2924 silly packumentCache full:https://registry.npmjs.org/signal-exit set size:undefined disposed:false
2925 http fetch GET 200 https://registry.npmjs.org/typedarray-to-buffer 109ms (cache miss)
2926 silly packumentCache full:https://registry.npmjs.org/typedarray-to-buffer set size:undefined disposed:false
2927 silly fetch manifest @babel/core@^7.0.0
2928 silly packumentCache full:https://registry.npmjs.org/@babel%2fcore cache-hit
2929 silly placeDep ROOT @babel/code-frame@7.29.7 OK for: @babel/core@7.29.7 want: ^7.29.7
2930 silly placeDep ROOT @babel/generator@7.29.8 OK for: @babel/core@7.29.7 want: ^7.29.7
2931 silly placeDep ROOT @babel/helper-compilation-targets@7.29.7 OK for: @babel/core@7.29.7 want: ^7.29.7
2932 silly placeDep ROOT @babel/helper-module-transforms@7.29.7 OK for: @babel/core@7.29.7 want: ^7.29.7
2933 silly placeDep ROOT @babel/helpers@7.29.7 OK for: @babel/core@7.29.7 want: ^7.29.7
2934 silly placeDep ROOT @babel/parser@7.29.9 OK for: @babel/core@7.29.7 want: ^7.29.7
2935 silly placeDep ROOT @babel/template@7.29.7 OK for: @babel/core@7.29.7 want: ^7.29.7
2936 silly placeDep ROOT @babel/traverse@7.29.8 OK for: @babel/core@7.29.7 want: ^7.29.7
2937 silly placeDep ROOT @babel/types@7.29.8 OK for: @babel/core@7.29.7 want: ^7.29.7
2938 silly placeDep ROOT @jridgewell/remapping@2.3.5 OK for: @babel/core@7.29.7 want: ^2.3.5
2939 silly placeDep node_modules/@babel/core convert-source-map@2.0.0 OK for: @babel/core@7.29.7 want: ^2.0.0
2940 silly placeDep ROOT gensync@1.0.0-beta.2 OK for: @babel/core@7.29.7 want: ^1.0.0-beta.2
2941 silly placeDep ROOT json5@2.2.3 OK for: @babel/core@7.29.7 want: ^2.2.3
2942 silly fetch manifest js-tokens@^4.0.0
2943 silly packumentCache full:https://registry.npmjs.org/js-tokens cache-miss
2944 silly fetch manifest picocolors@^1.1.1
2945 silly packumentCache full:https://registry.npmjs.org/picocolors cache-miss
2946 silly fetch manifest @babel/helper-validator-identifier@^7.29.7
2947 silly packumentCache full:https://registry.npmjs.org/@babel%2fhelper-validator-identifier cache-miss
2948 silly fetch manifest jsesc@^3.0.2
2949 silly packumentCache full:https://registry.npmjs.org/jsesc cache-miss
2950 silly fetch manifest @babel/types@^7.29.8
2951 silly packumentCache full:https://registry.npmjs.org/@babel%2ftypes cache-hit
2952 silly fetch manifest @babel/parser@^7.29.8
2953 silly packumentCache full:https://registry.npmjs.org/@babel%2fparser cache-hit
2954 silly fetch manifest @jridgewell/gen-mapping@^0.3.12
2955 silly packumentCache full:https://registry.npmjs.org/@jridgewell%2fgen-mapping cache-miss
2956 silly fetch manifest @jridgewell/trace-mapping@^0.3.28
2957 silly packumentCache full:https://registry.npmjs.org/@jridgewell%2ftrace-mapping cache-miss
2958 http fetch GET 200 https://registry.npmjs.org/picocolors 153ms (cache miss)
2959 silly packumentCache full:https://registry.npmjs.org/picocolors set size:undefined disposed:false
2960 silly fetch manifest lru-cache@^5.1.1
2961 silly packumentCache full:https://registry.npmjs.org/lru-cache cache-hit
2962 silly fetch manifest browserslist@^4.24.0
2963 silly packumentCache full:https://registry.npmjs.org/browserslist cache-miss
2964 http fetch GET 200 https://registry.npmjs.org/jsesc 162ms (cache miss)
2965 silly packumentCache full:https://registry.npmjs.org/jsesc set size:undefined disposed:false
2966 silly fetch manifest @babel/compat-data@^7.29.7
2967 silly packumentCache full:https://registry.npmjs.org/@babel%2fcompat-data cache-miss
2968 http fetch GET 200 https://registry.npmjs.org/js-tokens 192ms (cache miss)
2969 silly packumentCache full:https://registry.npmjs.org/js-tokens set size:undefined disposed:false
2970 silly fetch manifest @babel/helper-validator-option@^7.29.7
2971 silly packumentCache full:https://registry.npmjs.org/@babel%2fhelper-validator-option cache-miss
2972 http fetch GET 200 https://registry.npmjs.org/@babel%2fhelper-validator-identifier 201ms (cache miss)
2973 silly packumentCache full:https://registry.npmjs.org/@babel%2fhelper-validator-identifier set size:undefined disposed:false
2974 silly fetch manifest @babel/helper-module-imports@^7.29.7
2975 silly packumentCache full:https://registry.npmjs.org/@babel%2fhelper-module-imports cache-miss
2976 http fetch GET 200 https://registry.npmjs.org/@jridgewell%2ftrace-mapping 214ms (cache miss)
2977 silly packumentCache full:https://registry.npmjs.org/@jridgewell%2ftrace-mapping set size:undefined disposed:false
2978 silly fetch manifest @babel/helper-globals@^7.29.7
2979 silly packumentCache full:https://registry.npmjs.org/@babel%2fhelper-globals cache-miss
2980 http fetch GET 200 https://registry.npmjs.org/@jridgewell%2fgen-mapping 236ms (cache miss)
2981 silly packumentCache full:https://registry.npmjs.org/@jridgewell%2fgen-mapping set size:undefined disposed:false
2982 silly fetch manifest @babel/helper-string-parser@^7.29.7
2983 silly packumentCache full:https://registry.npmjs.org/@babel%2fhelper-string-parser cache-miss
2984 http fetch GET 200 https://registry.npmjs.org/browserslist 283ms (cache miss)
2985 silly packumentCache full:https://registry.npmjs.org/browserslist set size:undefined disposed:false
2986 silly fetch manifest @jridgewell/gen-mapping@^0.3.5
2987 silly packumentCache full:https://registry.npmjs.org/@jridgewell%2fgen-mapping cache-miss
2988 http fetch GET 200 https://registry.npmjs.org/@babel%2fhelper-validator-option 289ms (cache miss)
2989 silly packumentCache full:https://registry.npmjs.org/@babel%2fhelper-validator-option set size:undefined disposed:false
2990 silly fetch manifest @jridgewell/trace-mapping@^0.3.24
2991 silly packumentCache full:https://registry.npmjs.org/@jridgewell%2ftrace-mapping cache-miss
2992 http fetch GET 200 https://registry.npmjs.org/@babel%2fhelper-globals 250ms (cache miss)
2993 silly packumentCache full:https://registry.npmjs.org/@babel%2fhelper-globals set size:undefined disposed:false
2994 http fetch GET 200 https://registry.npmjs.org/@babel%2fcompat-data 339ms (cache miss)
2995 silly packumentCache full:https://registry.npmjs.org/@babel%2fcompat-data set size:undefined disposed:false
2996 http fetch GET 200 https://registry.npmjs.org/@babel%2fhelper-string-parser 265ms (cache miss)
2997 silly packumentCache full:https://registry.npmjs.org/@babel%2fhelper-string-parser set size:undefined disposed:false
2998 http cache https://registry.npmjs.org/@jridgewell%2fgen-mapping 66ms (cache hit)
2999 silly packumentCache full:https://registry.npmjs.org/@jridgewell%2fgen-mapping set size:75941 disposed:false
3000 http cache https://registry.npmjs.org/@jridgewell%2ftrace-mapping 58ms (cache hit)
3001 silly packumentCache full:https://registry.npmjs.org/@jridgewell%2ftrace-mapping set size:170909 disposed:false
3002 http fetch GET 200 https://registry.npmjs.org/@babel%2fhelper-module-imports 347ms (cache miss)
3003 silly packumentCache full:https://registry.npmjs.org/@babel%2fhelper-module-imports set size:undefined disposed:false
3004 silly placeDep ROOT @babel/helper-validator-identifier@7.29.7 OK for: @babel/code-frame@7.29.7 want: ^7.29.7
3005 silly placeDep ROOT js-tokens@4.0.0 OK for: @babel/code-frame@7.29.7 want: ^4.0.0
3006 silly placeDep ROOT picocolors@1.1.1 OK for: @babel/code-frame@7.29.7 want: ^1.1.1
3007 silly placeDep ROOT @jridgewell/gen-mapping@0.3.13 OK for: @babel/generator@7.29.8 want: ^0.3.12
3008 silly placeDep ROOT @jridgewell/trace-mapping@0.3.31 OK for: @babel/generator@7.29.8 want: ^0.3.28
3009 silly placeDep ROOT jsesc@3.1.0 OK for: @babel/generator@7.29.8 want: ^3.0.2
3010 silly fetch manifest @jridgewell/sourcemap-codec@^1.5.0
3011 silly packumentCache full:https://registry.npmjs.org/@jridgewell%2fsourcemap-codec cache-miss
3012 silly fetch manifest @jridgewell/resolve-uri@^3.1.0
3013 silly packumentCache full:https://registry.npmjs.org/@jridgewell%2fresolve-uri cache-miss
3014 silly fetch manifest @jridgewell/sourcemap-codec@^1.4.14
3015 silly packumentCache full:https://registry.npmjs.org/@jridgewell%2fsourcemap-codec cache-miss
3016 http fetch GET 200 https://registry.npmjs.org/@jridgewell%2fsourcemap-codec 134ms (cache miss)
3017 silly packumentCache full:https://registry.npmjs.org/@jridgewell%2fsourcemap-codec set size:undefined disposed:false
3018 http fetch GET 200 https://registry.npmjs.org/@jridgewell%2fresolve-uri 143ms (cache miss)
3019 silly packumentCache full:https://registry.npmjs.org/@jridgewell%2fresolve-uri set size:undefined disposed:false
3020 http fetch GET 200 https://registry.npmjs.org/@jridgewell%2fsourcemap-codec 150ms (cache miss)
3021 silly packumentCache full:https://registry.npmjs.org/@jridgewell%2fsourcemap-codec set size:undefined disposed:false
3022 silly placeDep ROOT @babel/compat-data@7.29.7 OK for: @babel/helper-compilation-targets@7.29.7 want: ^7.29.7
3023 silly placeDep ROOT @babel/helper-validator-option@7.29.7 OK for: @babel/helper-compilation-targets@7.29.7 want: ^7.29.7
3024 silly placeDep ROOT browserslist@4.29.2 OK for: @babel/helper-compilation-targets@7.29.7 want: ^4.24.0
3025 silly placeDep node_modules/@babel/helper-compilation-targets lru-cache@5.1.1 OK for: @babel/helper-compilation-targets@7.29.7 want: ^5.1.1
3026 silly fetch manifest caniuse-lite@^1.0.30001812
3027 silly packumentCache full:https://registry.npmjs.org/caniuse-lite cache-miss
3028 silly fetch manifest node-releases@^2.0.57
3029 silly packumentCache full:https://registry.npmjs.org/node-releases cache-miss
3030 silly fetch manifest electron-to-chromium@^1.5.439
3031 silly packumentCache full:https://registry.npmjs.org/electron-to-chromium cache-miss
3032 silly fetch manifest update-browserslist-db@^1.3.3
3033 silly packumentCache full:https://registry.npmjs.org/update-browserslist-db cache-miss
3034 silly fetch manifest baseline-browser-mapping@^2.11.26
3035 silly packumentCache full:https://registry.npmjs.org/baseline-browser-mapping cache-miss
3036 silly fetch manifest yallist@^3.0.2
3037 silly packumentCache full:https://registry.npmjs.org/yallist cache-miss
3038 http cache https://registry.npmjs.org/yallist 60ms (cache hit)
3039 silly packumentCache full:https://registry.npmjs.org/yallist set size:34610 disposed:false
3040 http fetch GET 200 https://registry.npmjs.org/update-browserslist-db 234ms (cache miss)
3041 silly packumentCache full:https://registry.npmjs.org/update-browserslist-db set size:undefined disposed:false
3042 http fetch GET 200 https://registry.npmjs.org/node-releases 267ms (cache miss)
3043 silly packumentCache full:https://registry.npmjs.org/node-releases set size:undefined disposed:false
3044 http fetch GET 200 https://registry.npmjs.org/baseline-browser-mapping 303ms (cache miss)
3045 silly packumentCache full:https://registry.npmjs.org/baseline-browser-mapping set size:undefined disposed:false
3046 http fetch GET 200 https://registry.npmjs.org/caniuse-lite 694ms (cache miss)
3047 silly packumentCache full:https://registry.npmjs.org/caniuse-lite set size:undefined disposed:false
3048 http fetch GET 200 https://registry.npmjs.org/electron-to-chromium 1507ms (cache miss)
3049 silly packumentCache full:https://registry.npmjs.org/electron-to-chromium set size:undefined disposed:false
3050 silly placeDep ROOT @babel/helper-module-imports@7.29.7 OK for: @babel/helper-module-transforms@7.29.7 want: ^7.29.7
3051 silly placeDep ROOT @babel/helper-globals@7.29.7 OK for: @babel/traverse@7.29.8 want: ^7.29.7
3052 silly placeDep ROOT @babel/helper-string-parser@7.29.7 OK for: @babel/types@7.29.8 want: ^7.29.7
3053 silly placeDep ROOT @types/istanbul-reports@3.0.4 OK for: @jest/types@27.5.1 want: ^3.0.0
3054 silly placeDep ROOT @types/yargs@16.0.11 OK for: @jest/types@27.5.1 want: ^16.0.0
3055 silly fetch manifest @types/istanbul-lib-report@*
3056 silly packumentCache full:https://registry.npmjs.org/@types%2fistanbul-lib-report cache-miss
3057 silly fetch manifest @types/yargs-parser@*
3058 silly packumentCache full:https://registry.npmjs.org/@types%2fyargs-parser cache-miss
3059 http fetch GET 200 https://registry.npmjs.org/@types%2fistanbul-lib-report 105ms (cache miss)
3060 silly packumentCache full:https://registry.npmjs.org/@types%2fistanbul-lib-report set size:undefined disposed:false
3061 http fetch GET 200 https://registry.npmjs.org/@types%2fyargs-parser 132ms (cache miss)
3062 silly packumentCache full:https://registry.npmjs.org/@types%2fyargs-parser set size:undefined disposed:false
3063 silly placeDep ROOT @jridgewell/sourcemap-codec@1.6.0 OK for: @jridgewell/gen-mapping@0.3.13 want: ^1.5.0
3064 silly placeDep ROOT @jridgewell/resolve-uri@3.1.2 OK for: @jridgewell/trace-mapping@0.3.31 want: ^3.1.0
3065 silly placeDep ROOT @types/istanbul-lib-report@3.0.3 OK for: @types/istanbul-reports@3.0.4 want: *
3066 silly placeDep ROOT @types/yargs-parser@21.0.3 OK for: @types/yargs@16.0.11 want: *
3067 silly placeDep node_modules/ansi-escapes type-fest@0.21.3 OK for: ansi-escapes@4.3.2 want: ^0.21.3
3068 silly placeDep ROOT @babel/helper-plugin-utils@7.29.7 OK for: babel-plugin-istanbul@6.1.1 want: ^7.0.0
3069 silly placeDep ROOT @istanbuljs/load-nyc-config@1.1.0 OK for: babel-plugin-istanbul@6.1.1 want: ^1.0.0
3070 silly placeDep ROOT @istanbuljs/schema@0.1.6 OK for: babel-plugin-istanbul@6.1.1 want: ^0.1.2
3071 silly placeDep ROOT test-exclude@6.0.0 OK for: babel-plugin-istanbul@6.1.1 want: ^6.0.0
3072 silly fetch manifest camelcase@^5.3.1
3073 silly packumentCache full:https://registry.npmjs.org/camelcase cache-miss
3074 silly fetch manifest find-up@^4.1.0
3075 silly packumentCache full:https://registry.npmjs.org/find-up cache-hit
3076 silly fetch manifest get-package-type@^0.1.0
3077 silly packumentCache full:https://registry.npmjs.org/get-package-type cache-miss
3078 silly fetch manifest js-yaml@^3.13.1
3079 silly packumentCache full:https://registry.npmjs.org/js-yaml cache-miss
3080 silly fetch manifest resolve-from@^5.0.0
3081 silly packumentCache full:https://registry.npmjs.org/resolve-from cache-miss
3082 http cache https://registry.npmjs.org/camelcase 48ms (cache hit)
3083 silly packumentCache full:https://registry.npmjs.org/camelcase set size:60255 disposed:false
3084 http cache https://registry.npmjs.org/resolve-from 87ms (cache hit)
3085 silly packumentCache full:https://registry.npmjs.org/resolve-from set size:12911 disposed:false
3086 http cache https://registry.npmjs.org/js-yaml 109ms (cache hit)
3087 silly packumentCache full:https://registry.npmjs.org/js-yaml set size:198692 disposed:false
3088 http fetch GET 200 https://registry.npmjs.org/get-package-type 458ms (cache miss)
3089 silly packumentCache full:https://registry.npmjs.org/get-package-type set size:undefined disposed:false
3090 silly placeDep ROOT camelcase@5.3.1 OK for: @istanbuljs/load-nyc-config@1.1.0 want: ^5.3.1
3091 silly placeDep node_modules/@istanbuljs/load-nyc-config find-up@4.1.0 OK for: @istanbuljs/load-nyc-config@1.1.0 want: ^4.1.0
3092 silly placeDep ROOT get-package-type@0.1.0 OK for: @istanbuljs/load-nyc-config@1.1.0 want: ^0.1.0
3093 silly placeDep node_modules/@istanbuljs/load-nyc-config js-yaml@3.15.2 OK for: @istanbuljs/load-nyc-config@1.1.0 want: ^3.13.1
3094 silly placeDep node_modules/@istanbuljs/load-nyc-config resolve-from@5.0.0 OK for: @istanbuljs/load-nyc-config@1.1.0 want: ^5.0.0
3095 silly fetch manifest locate-path@^5.0.0
3096 silly packumentCache full:https://registry.npmjs.org/locate-path cache-miss
3097 silly fetch manifest esprima@^4.0.0
3098 silly packumentCache full:https://registry.npmjs.org/esprima cache-miss
3099 silly fetch manifest argparse@^1.0.7
3100 silly packumentCache full:https://registry.npmjs.org/argparse cache-miss
3101 http cache https://registry.npmjs.org/argparse 380ms (cache hit)
3102 silly packumentCache full:https://registry.npmjs.org/argparse set size:55000 disposed:false
3103 http cache https://registry.npmjs.org/locate-path 410ms (cache hit)
3104 silly packumentCache full:https://registry.npmjs.org/locate-path set size:31329 disposed:false
3105 http fetch GET 200 https://registry.npmjs.org/esprima 435ms (cache miss)
3106 silly packumentCache full:https://registry.npmjs.org/esprima set size:undefined disposed:false
3107 silly fetch manifest browserslist@>= 4.21.0
3108 silly packumentCache full:https://registry.npmjs.org/browserslist cache-miss
3109 http cache https://registry.npmjs.org/browserslist 28ms (cache hit)
3110 silly packumentCache full:https://registry.npmjs.org/browserslist set size:528084 disposed:false
3111 silly placeDep ROOT baseline-browser-mapping@2.11.26 OK for: browserslist@4.29.2 want: ^2.11.26
3112 silly placeDep ROOT caniuse-lite@1.0.30001812 OK for: browserslist@4.29.2 want: ^1.0.30001812
3113 silly placeDep ROOT electron-to-chromium@1.5.439 OK for: browserslist@4.29.2 want: ^1.5.439
3114 silly placeDep ROOT node-releases@2.0.57 OK for: browserslist@4.29.2 want: ^2.0.57
3115 silly placeDep ROOT update-browserslist-db@1.3.3 OK for: browserslist@4.29.2 want: ^1.3.3
3116 silly fetch manifest escalade@^3.2.0
3117 silly packumentCache full:https://registry.npmjs.org/escalade cache-miss
3118 http cache https://registry.npmjs.org/escalade 17ms (cache hit)
3119 silly packumentCache full:https://registry.npmjs.org/escalade set size:33724 disposed:false
3120 silly placeDep ROOT fs.realpath@1.0.0 OK for: glob@7.2.3 want: ^1.0.0
3121 silly placeDep ROOT inflight@1.0.6 OK for: glob@7.2.3 want: ^1.0.4
3122 silly placeDep ROOT inherits@2.0.4 OK for: glob@7.2.3 want: 2
3123 silly placeDep ROOT once@1.4.0 OK for: glob@7.2.3 want: ^1.3.0
3124 silly placeDep ROOT path-is-absolute@1.0.1 OK for: glob@7.2.3 want: ^1.0.0
3125 silly fetch manifest wrappy@1
3126 silly packumentCache full:https://registry.npmjs.org/wrappy cache-miss
3127 silly fetch manifest wrappy@1
3128 silly packumentCache full:https://registry.npmjs.org/wrappy cache-miss
3129 http fetch GET 200 https://registry.npmjs.org/wrappy 96ms (cache revalidated)
3130 silly packumentCache full:https://registry.npmjs.org/wrappy set size:7682 disposed:false
3131 http fetch GET 200 https://registry.npmjs.org/wrappy 107ms (cache revalidated)
3132 silly packumentCache full:https://registry.npmjs.org/wrappy set size:7682 disposed:false
3133 silly packumentCache full:https://registry.npmjs.org/wrappy dispose
3134 silly placeDep ROOT pkg-dir@4.2.0 OK for: import-local@3.2.0 want: ^4.2.0
3135 silly placeDep ROOT resolve-cwd@3.0.0 OK for: import-local@3.2.0 want: ^3.0.0
3136 silly fetch manifest find-up@^4.0.0
3137 silly packumentCache full:https://registry.npmjs.org/find-up cache-hit
3138 silly placeDep ROOT wrappy@1.0.2 OK for: inflight@1.0.6 want: 1
3139 silly placeDep ROOT make-dir@4.0.0 OK for: istanbul-lib-report@3.0.1 want: ^4.0.0
3140 silly fetch manifest semver@^7.5.3
3141 silly packumentCache full:https://registry.npmjs.org/semver cache-hit
3142 silly placeDep ROOT html-escaper@2.0.2 OK for: istanbul-reports@3.2.0 want: ^2.0.0
3143 silly placeDep ROOT execa@5.1.1 OK for: jest-changed-files@27.5.1 want: ^5.0.0
3144 silly placeDep ROOT throat@6.0.2 OK for: jest-changed-files@27.5.1 want: ^6.0.1
3145 silly fetch manifest onetime@^5.1.2
3146 silly packumentCache full:https://registry.npmjs.org/onetime cache-miss
3147 silly fetch manifest is-stream@^2.0.0
3148 silly packumentCache full:https://registry.npmjs.org/is-stream cache-miss
3149 silly fetch manifest get-stream@^6.0.0
3150 silly packumentCache full:https://registry.npmjs.org/get-stream cache-miss
3151 silly fetch manifest signal-exit@^3.0.3
3152 silly packumentCache full:https://registry.npmjs.org/signal-exit cache-miss
3153 silly fetch manifest npm-run-path@^4.0.1
3154 silly packumentCache full:https://registry.npmjs.org/npm-run-path cache-miss
3155 silly fetch manifest human-signals@^2.1.0
3156 silly packumentCache full:https://registry.npmjs.org/human-signals cache-miss
3157 http cache https://registry.npmjs.org/signal-exit 43ms (cache hit)
3158 silly packumentCache full:https://registry.npmjs.org/signal-exit set size:53489 disposed:false
3159 silly fetch manifest strip-final-newline@^2.0.0
3160 silly packumentCache full:https://registry.npmjs.org/strip-final-newline cache-miss
3161 http fetch GET 200 https://registry.npmjs.org/onetime 182ms (cache miss)
3162 silly packumentCache full:https://registry.npmjs.org/onetime set size:undefined disposed:false
3163 http fetch GET 200 https://registry.npmjs.org/human-signals 174ms (cache miss)
3164 silly packumentCache full:https://registry.npmjs.org/human-signals set size:undefined disposed:false
3165 http fetch GET 200 https://registry.npmjs.org/npm-run-path 187ms (cache miss)
3166 silly packumentCache full:https://registry.npmjs.org/npm-run-path set size:undefined disposed:false
3167 http fetch GET 200 https://registry.npmjs.org/is-stream 197ms (cache miss)
3168 silly packumentCache full:https://registry.npmjs.org/is-stream set size:undefined disposed:false
3169 http fetch GET 200 https://registry.npmjs.org/strip-final-newline 148ms (cache miss)
3170 silly packumentCache full:https://registry.npmjs.org/strip-final-newline set size:undefined disposed:false
3171 http fetch GET 200 https://registry.npmjs.org/get-stream 205ms (cache miss)
3172 silly packumentCache full:https://registry.npmjs.org/get-stream set size:undefined disposed:false
3173 silly placeDep ROOT get-stream@6.0.1 OK for: execa@5.1.1 want: ^6.0.0
3174 silly placeDep ROOT human-signals@2.1.0 OK for: execa@5.1.1 want: ^2.1.0
3175 silly placeDep ROOT is-stream@2.0.1 OK for: execa@5.1.1 want: ^2.0.0
3176 silly placeDep ROOT merge-stream@2.0.0 OK for: execa@5.1.1 want: ^2.0.0
3177 silly placeDep ROOT npm-run-path@4.0.1 OK for: execa@5.1.1 want: ^4.0.1
3178 silly placeDep ROOT onetime@5.1.2 OK for: execa@5.1.1 want: ^5.1.2
3179 silly placeDep ROOT signal-exit@3.0.7 OK for: execa@5.1.1 want: ^3.0.3
3180 silly placeDep ROOT strip-final-newline@2.0.0 OK for: execa@5.1.1 want: ^2.0.0
3181 silly fetch manifest mimic-fn@^2.1.0
3182 silly packumentCache full:https://registry.npmjs.org/mimic-fn cache-miss
3183 http fetch GET 200 https://registry.npmjs.org/mimic-fn 117ms (cache miss)
3184 silly packumentCache full:https://registry.npmjs.org/mimic-fn set size:undefined disposed:false
3185 silly placeDep ROOT prompts@2.4.2 OK for: jest-cli@27.5.1 want: ^2.0.1
3186 silly fetch manifest kleur@^3.0.3
3187 silly packumentCache full:https://registry.npmjs.org/kleur cache-miss
3188 silly fetch manifest sisteransi@^1.0.5
3189 silly packumentCache full:https://registry.npmjs.org/sisteransi cache-miss
3190 http fetch GET 200 https://registry.npmjs.org/sisteransi 89ms (cache miss)
3191 silly packumentCache full:https://registry.npmjs.org/sisteransi set size:undefined disposed:false
3192 http fetch GET 200 https://registry.npmjs.org/kleur 95ms (cache miss)
3193 silly packumentCache full:https://registry.npmjs.org/kleur set size:undefined disposed:false
3194 silly placeDep ROOT @jest/test-sequencer@27.5.1 OK for: jest-config@27.5.1 want: ^27.5.1
3195 silly placeDep ROOT babel-jest@27.5.1 OK for: jest-config@27.5.1 want: ^27.5.1
3196 silly placeDep ROOT ci-info@3.9.0 OK for: jest-config@27.5.1 want: ^3.2.0
3197 silly placeDep ROOT deepmerge@4.3.1 OK for: jest-config@27.5.1 want: ^4.2.2
3198 silly placeDep ROOT jest-circus@27.5.1 OK for: jest-config@27.5.1 want: ^27.5.1
3199 silly placeDep ROOT jest-environment-jsdom@27.5.1 OK for: jest-config@27.5.1 want: ^27.5.1
3200 silly placeDep ROOT jest-environment-node@27.5.1 OK for: jest-config@27.5.1 want: ^27.5.1
3201 silly placeDep ROOT jest-get-type@27.5.1 OK for: jest-config@27.5.1 want: ^27.5.1
3202 silly placeDep ROOT jest-jasmine2@27.5.1 OK for: jest-config@27.5.1 want: ^27.5.1
3203 silly placeDep ROOT parse-json@5.2.0 OK for: jest-config@27.5.1 want: ^5.2.0
3204 silly fetch manifest babel-preset-jest@^27.5.1
3205 silly packumentCache full:https://registry.npmjs.org/babel-preset-jest cache-miss
3206 silly fetch manifest @types/babel__core@^7.1.14
3207 silly packumentCache full:https://registry.npmjs.org/@types%2fbabel__core cache-miss
3208 silly fetch manifest co@^4.6.0
3209 silly packumentCache full:https://registry.npmjs.org/co cache-miss
3210 silly fetch manifest dedent@^0.7.0
3211 silly packumentCache full:https://registry.npmjs.org/dedent cache-miss
3212 silly fetch manifest jest-each@^27.5.1
3213 silly packumentCache full:https://registry.npmjs.org/jest-each cache-miss
3214 silly fetch manifest is-generator-fn@^2.0.0
3215 silly packumentCache full:https://registry.npmjs.org/is-generator-fn cache-miss
3216 http fetch GET 200 https://registry.npmjs.org/co 136ms (cache miss)
3217 silly packumentCache full:https://registry.npmjs.org/co set size:undefined disposed:false
3218 silly fetch manifest jsdom@^16.6.0
3219 silly packumentCache full:https://registry.npmjs.org/jsdom cache-miss
3220 http fetch GET 200 https://registry.npmjs.org/@types%2fbabel__core 157ms (cache miss)
3221 silly packumentCache full:https://registry.npmjs.org/@types%2fbabel__core set size:undefined disposed:false
3222 silly fetch manifest jest-each@^27.5.1
3223 silly packumentCache full:https://registry.npmjs.org/jest-each cache-miss
3224 http fetch GET 200 https://registry.npmjs.org/is-generator-fn 173ms (cache miss)
3225 silly packumentCache full:https://registry.npmjs.org/is-generator-fn set size:undefined disposed:false
3226 silly fetch manifest error-ex@^1.3.1
3227 silly packumentCache full:https://registry.npmjs.org/error-ex cache-miss
3228 http cache https://registry.npmjs.org/jsdom 67ms (cache hit)
3229 silly packumentCache full:https://registry.npmjs.org/jsdom set size:1083886 disposed:false
3230 silly fetch manifest lines-and-columns@^1.1.6
3231 silly packumentCache full:https://registry.npmjs.org/lines-and-columns cache-miss
3232 http fetch GET 200 https://registry.npmjs.org/babel-preset-jest 298ms (cache miss)
3233 silly packumentCache full:https://registry.npmjs.org/babel-preset-jest set size:undefined disposed:false
3234 silly fetch manifest json-parse-even-better-errors@^2.3.0
3235 silly packumentCache full:https://registry.npmjs.org/json-parse-even-better-errors cache-miss
3236 http fetch GET 200 https://registry.npmjs.org/error-ex 189ms (cache miss)
3237 silly packumentCache full:https://registry.npmjs.org/error-ex set size:undefined disposed:false
3238 http fetch GET 200 https://registry.npmjs.org/jest-each 383ms (cache miss)
3239 silly packumentCache full:https://registry.npmjs.org/jest-each set size:undefined disposed:false
3240 http fetch GET 200 https://registry.npmjs.org/dedent 412ms (cache miss)
3241 silly packumentCache full:https://registry.npmjs.org/dedent set size:undefined disposed:false
3242 http fetch GET 200 https://registry.npmjs.org/json-parse-even-better-errors 123ms (cache miss)
3243 silly packumentCache full:https://registry.npmjs.org/json-parse-even-better-errors set size:undefined disposed:false
3244 http fetch GET 200 https://registry.npmjs.org/lines-and-columns 157ms (cache miss)
3245 silly packumentCache full:https://registry.npmjs.org/lines-and-columns set size:undefined disposed:false
3246 http fetch GET 200 https://registry.npmjs.org/jest-each 294ms (cache miss)
3247 silly packumentCache full:https://registry.npmjs.org/jest-each set size:undefined disposed:false
3248 silly placeDep ROOT @types/babel__core@7.20.5 OK for: babel-jest@27.5.1 want: ^7.1.14
3249 silly placeDep ROOT babel-preset-jest@27.5.1 OK for: babel-jest@27.5.1 want: ^27.5.1
3250 silly fetch manifest @types/babel__template@*
3251 silly packumentCache full:https://registry.npmjs.org/@types%2fbabel__template cache-miss
3252 silly fetch manifest @types/babel__traverse@*
3253 silly packumentCache full:https://registry.npmjs.org/@types%2fbabel__traverse cache-miss
3254 silly fetch manifest @types/babel__generator@*
3255 silly packumentCache full:https://registry.npmjs.org/@types%2fbabel__generator cache-miss
3256 silly fetch manifest babel-plugin-jest-hoist@^27.5.1
3257 silly packumentCache full:https://registry.npmjs.org/babel-plugin-jest-hoist cache-miss
3258 http cache https://registry.npmjs.org/@types%2fbabel__traverse 45ms (cache hit)
3259 silly packumentCache full:https://registry.npmjs.org/@types%2fbabel__traverse set size:107819 disposed:false
3260 http fetch GET 200 https://registry.npmjs.org/@types%2fbabel__template 124ms (cache miss)
3261 silly packumentCache full:https://registry.npmjs.org/@types%2fbabel__template set size:undefined disposed:false
3262 http fetch GET 200 https://registry.npmjs.org/@types%2fbabel__generator 124ms (cache miss)
3263 silly packumentCache full:https://registry.npmjs.org/@types%2fbabel__generator set size:undefined disposed:false
3264 http fetch GET 200 https://registry.npmjs.org/babel-plugin-jest-hoist 409ms (cache miss)
3265 silly packumentCache full:https://registry.npmjs.org/babel-plugin-jest-hoist set size:undefined disposed:false
3266 silly placeDep ROOT @types/babel__generator@7.27.0 OK for: @types/babel__core@7.20.5 want: *
3267 silly placeDep ROOT @types/babel__template@7.4.4 OK for: @types/babel__core@7.20.5 want: *
3268 silly placeDep ROOT @types/babel__traverse@7.28.0 OK for: @types/babel__core@7.20.5 want: *
3269 silly placeDep ROOT babel-plugin-jest-hoist@27.5.1 OK for: babel-preset-jest@27.5.1 want: ^27.5.1
3270 silly placeDep ROOT babel-preset-current-node-syntax@1.2.0 OK for: babel-preset-jest@27.5.1 want: ^1.0.0
3271 silly fetch manifest @babel/plugin-syntax-async-generators@^7.8.4
3272 silly packumentCache full:https://registry.npmjs.org/@babel%2fplugin-syntax-async-generators cache-miss
3273 silly fetch manifest @babel/plugin-syntax-bigint@^7.8.3
3274 silly packumentCache full:https://registry.npmjs.org/@babel%2fplugin-syntax-bigint cache-miss
3275 silly fetch manifest @babel/plugin-syntax-class-properties@^7.12.13
3276 silly packumentCache full:https://registry.npmjs.org/@babel%2fplugin-syntax-class-properties cache-miss
3277 silly fetch manifest @babel/plugin-syntax-class-static-block@^7.14.5
3278 silly packumentCache full:https://registry.npmjs.org/@babel%2fplugin-syntax-class-static-block cache-miss
3279 silly fetch manifest @babel/plugin-syntax-import-attributes@^7.24.7
3280 silly packumentCache full:https://registry.npmjs.org/@babel%2fplugin-syntax-import-attributes cache-miss
3281 silly fetch manifest @babel/plugin-syntax-import-meta@^7.10.4
3282 silly packumentCache full:https://registry.npmjs.org/@babel%2fplugin-syntax-import-meta cache-miss
3283 http fetch GET 200 https://registry.npmjs.org/@babel%2fplugin-syntax-class-static-block 223ms (cache miss)
3284 silly packumentCache full:https://registry.npmjs.org/@babel%2fplugin-syntax-class-static-block set size:undefined disposed:false
3285 silly fetch manifest @babel/plugin-syntax-json-strings@^7.8.3
3286 silly packumentCache full:https://registry.npmjs.org/@babel%2fplugin-syntax-json-strings cache-miss
3287 http fetch GET 200 https://registry.npmjs.org/@babel%2fplugin-syntax-import-attributes 244ms (cache miss)
3288 silly packumentCache full:https://registry.npmjs.org/@babel%2fplugin-syntax-import-attributes set size:undefined disposed:false
3289 silly fetch manifest @babel/plugin-syntax-logical-assignment-operators@^7.10.4
3290 silly packumentCache full:https://registry.npmjs.org/@babel%2fplugin-syntax-logical-assignment-operators cache-miss
3291 http fetch GET 200 https://registry.npmjs.org/@babel%2fplugin-syntax-bigint 288ms (cache miss)
3292 silly packumentCache full:https://registry.npmjs.org/@babel%2fplugin-syntax-bigint set size:undefined disposed:false
3293 silly fetch manifest @babel/plugin-syntax-nullish-coalescing-operator@^7.8.3
3294 silly packumentCache full:https://registry.npmjs.org/@babel%2fplugin-syntax-nullish-coalescing-operator cache-miss
3295 http fetch GET 200 https://registry.npmjs.org/@babel%2fplugin-syntax-async-generators 337ms (cache miss)
3296 silly packumentCache full:https://registry.npmjs.org/@babel%2fplugin-syntax-async-generators set size:undefined disposed:false
3297 silly fetch manifest @babel/plugin-syntax-numeric-separator@^7.10.4
3298 silly packumentCache full:https://registry.npmjs.org/@babel%2fplugin-syntax-numeric-separator cache-miss
3299 http fetch GET 200 https://registry.npmjs.org/@babel%2fplugin-syntax-class-properties 349ms (cache miss)
3300 silly packumentCache full:https://registry.npmjs.org/@babel%2fplugin-syntax-class-properties set size:undefined disposed:false
3301 silly fetch manifest @babel/plugin-syntax-object-rest-spread@^7.8.3
3302 silly packumentCache full:https://registry.npmjs.org/@babel%2fplugin-syntax-object-rest-spread cache-miss
3303 http fetch GET 200 https://registry.npmjs.org/@babel%2fplugin-syntax-import-meta 353ms (cache miss)
3304 silly packumentCache full:https://registry.npmjs.org/@babel%2fplugin-syntax-import-meta set size:undefined disposed:false
3305 silly fetch manifest @babel/plugin-syntax-optional-catch-binding@^7.8.3
3306 silly packumentCache full:https://registry.npmjs.org/@babel%2fplugin-syntax-optional-catch-binding cache-miss
3307 http fetch GET 200 https://registry.npmjs.org/@babel%2fplugin-syntax-logical-assignment-operators 298ms (cache miss)
3308 silly packumentCache full:https://registry.npmjs.org/@babel%2fplugin-syntax-logical-assignment-operators set size:undefined disposed:false
3309 silly fetch manifest @babel/plugin-syntax-optional-chaining@^7.8.3
3310 silly packumentCache full:https://registry.npmjs.org/@babel%2fplugin-syntax-optional-chaining cache-miss
3311 http fetch GET 200 https://registry.npmjs.org/@babel%2fplugin-syntax-nullish-coalescing-operator 300ms (cache miss)
3312 silly packumentCache full:https://registry.npmjs.org/@babel%2fplugin-syntax-nullish-coalescing-operator set size:undefined disposed:false
3313 silly fetch manifest @babel/plugin-syntax-private-property-in-object@^7.14.5
3314 silly packumentCache full:https://registry.npmjs.org/@babel%2fplugin-syntax-private-property-in-object cache-miss
3315 http fetch GET 200 https://registry.npmjs.org/@babel%2fplugin-syntax-json-strings 395ms (cache miss)
3316 silly packumentCache full:https://registry.npmjs.org/@babel%2fplugin-syntax-json-strings set size:undefined disposed:false
3317 silly fetch manifest @babel/plugin-syntax-top-level-await@^7.14.5
3318 silly packumentCache full:https://registry.npmjs.org/@babel%2fplugin-syntax-top-level-await cache-miss
3319 http fetch GET 200 https://registry.npmjs.org/@babel%2fplugin-syntax-numeric-separator 524ms (cache miss)
3320 silly packumentCache full:https://registry.npmjs.org/@babel%2fplugin-syntax-numeric-separator set size:undefined disposed:false
3321 http fetch GET 200 https://registry.npmjs.org/@babel%2fplugin-syntax-optional-catch-binding 474ms (cache miss)
3322 silly packumentCache full:https://registry.npmjs.org/@babel%2fplugin-syntax-optional-catch-binding set size:undefined disposed:false
3323 http fetch GET 200 https://registry.npmjs.org/@babel%2fplugin-syntax-object-rest-spread 543ms (cache miss)
3324 silly packumentCache full:https://registry.npmjs.org/@babel%2fplugin-syntax-object-rest-spread set size:undefined disposed:false
3325 http fetch GET 200 https://registry.npmjs.org/@babel%2fplugin-syntax-private-property-in-object 323ms (cache miss)
3326 silly packumentCache full:https://registry.npmjs.org/@babel%2fplugin-syntax-private-property-in-object set size:undefined disposed:false
3327 http fetch GET 200 https://registry.npmjs.org/@babel%2fplugin-syntax-top-level-await 302ms (cache miss)
3328 silly packumentCache full:https://registry.npmjs.org/@babel%2fplugin-syntax-top-level-await set size:undefined disposed:false
3329 http fetch GET 200 https://registry.npmjs.org/@babel%2fplugin-syntax-optional-chaining 390ms (cache miss)
3330 silly packumentCache full:https://registry.npmjs.org/@babel%2fplugin-syntax-optional-chaining set size:undefined disposed:false
3331 silly fetch manifest @babel/core@^7.0.0 || ^8.0.0-0
3332 silly packumentCache full:https://registry.npmjs.org/@babel%2fcore cache-hit
3333 silly fetch manifest @babel/core@^7.0.0-0
3334 silly packumentCache full:https://registry.npmjs.org/@babel%2fcore cache-hit
3335 silly placeDep ROOT @babel/plugin-syntax-async-generators@7.8.4 OK for: babel-preset-current-node-syntax@1.2.0 want: ^7.8.4
3336 silly placeDep ROOT @babel/plugin-syntax-bigint@7.8.3 OK for: babel-preset-current-node-syntax@1.2.0 want: ^7.8.3
3337 silly placeDep ROOT @babel/plugin-syntax-class-properties@7.12.13 OK for: babel-preset-current-node-syntax@1.2.0 want: ^7.12.13
3338 silly placeDep ROOT @babel/plugin-syntax-class-static-block@7.14.5 OK for: babel-preset-current-node-syntax@1.2.0 want: ^7.14.5
3339 silly placeDep ROOT @babel/plugin-syntax-import-attributes@7.29.7 OK for: babel-preset-current-node-syntax@1.2.0 want: ^7.24.7
3340 silly placeDep ROOT @babel/plugin-syntax-import-meta@7.10.4 OK for: babel-preset-current-node-syntax@1.2.0 want: ^7.10.4
3341 silly placeDep ROOT @babel/plugin-syntax-json-strings@7.8.3 OK for: babel-preset-current-node-syntax@1.2.0 want: ^7.8.3
3342 silly placeDep ROOT @babel/plugin-syntax-logical-assignment-operators@7.10.4 OK for: babel-preset-current-node-syntax@1.2.0 want: ^7.10.4
3343 silly placeDep ROOT @babel/plugin-syntax-nullish-coalescing-operator@7.8.3 OK for: babel-preset-current-node-syntax@1.2.0 want: ^7.8.3
3344 silly placeDep ROOT @babel/plugin-syntax-numeric-separator@7.10.4 OK for: babel-preset-current-node-syntax@1.2.0 want: ^7.10.4
3345 silly placeDep ROOT @babel/plugin-syntax-object-rest-spread@7.8.3 OK for: babel-preset-current-node-syntax@1.2.0 want: ^7.8.3
3346 silly placeDep ROOT @babel/plugin-syntax-optional-catch-binding@7.8.3 OK for: babel-preset-current-node-syntax@1.2.0 want: ^7.8.3
3347 silly placeDep ROOT @babel/plugin-syntax-optional-chaining@7.8.3 OK for: babel-preset-current-node-syntax@1.2.0 want: ^7.8.3
3348 silly placeDep ROOT @babel/plugin-syntax-private-property-in-object@7.14.5 OK for: babel-preset-current-node-syntax@1.2.0 want: ^7.14.5
3349 silly placeDep ROOT @babel/plugin-syntax-top-level-await@7.14.5 OK for: babel-preset-current-node-syntax@1.2.0 want: ^7.14.5
3350 silly placeDep ROOT @jest/environment@27.5.1 OK for: jest-circus@27.5.1 want: ^27.5.1
3351 silly placeDep ROOT co@4.6.0 OK for: jest-circus@27.5.1 want: ^4.6.0
3352 silly placeDep ROOT dedent@0.7.0 OK for: jest-circus@27.5.1 want: ^0.7.0
3353 silly placeDep ROOT expect@27.5.1 OK for: jest-circus@27.5.1 want: ^27.5.1
3354 silly placeDep ROOT is-generator-fn@2.1.0 OK for: jest-circus@27.5.1 want: ^2.0.0
3355 silly placeDep ROOT jest-each@27.5.1 OK for: jest-circus@27.5.1 want: ^27.5.1
3356 silly placeDep ROOT stack-utils@2.0.6 OK for: jest-circus@27.5.1 want: ^2.0.3
3357 silly fetch manifest escape-string-regexp@^2.0.0
3358 silly packumentCache full:https://registry.npmjs.org/escape-string-regexp cache-miss
3359 http cache https://registry.npmjs.org/escape-string-regexp 32ms (cache hit)
3360 silly packumentCache full:https://registry.npmjs.org/escape-string-regexp set size:22244 disposed:false
3361 silly placeDep ROOT @jest/fake-timers@27.5.1 OK for: @jest/environment@27.5.1 want: ^27.5.1
3362 silly placeDep ROOT jest-mock@27.5.1 OK for: @jest/environment@27.5.1 want: ^27.5.1
3363 silly fetch manifest @sinonjs/fake-timers@^8.0.1
3364 silly packumentCache full:https://registry.npmjs.org/@sinonjs%2ffake-timers cache-miss
3365 http fetch GET 200 https://registry.npmjs.org/@sinonjs%2ffake-timers 121ms (cache miss)
3366 silly packumentCache full:https://registry.npmjs.org/@sinonjs%2ffake-timers set size:undefined disposed:false
3367 silly placeDep ROOT @sinonjs/fake-timers@8.1.0 OK for: @jest/fake-timers@27.5.1 want: ^8.0.1
3368 silly fetch manifest @sinonjs/commons@^1.7.0
3369 silly packumentCache full:https://registry.npmjs.org/@sinonjs%2fcommons cache-miss
3370 http fetch GET 200 https://registry.npmjs.org/@sinonjs%2fcommons 97ms (cache miss)
3371 silly packumentCache full:https://registry.npmjs.org/@sinonjs%2fcommons set size:undefined disposed:false
3372 silly placeDep ROOT @sinonjs/commons@1.8.6 OK for: @sinonjs/fake-timers@8.1.0 want: ^1.7.0
3373 silly fetch manifest type-detect@4.0.8
3374 silly packumentCache full:https://registry.npmjs.org/type-detect cache-miss
3375 http fetch GET 200 https://registry.npmjs.org/type-detect 71ms (cache miss)
3376 silly packumentCache full:https://registry.npmjs.org/type-detect set size:undefined disposed:false
3377 silly placeDep ROOT type-detect@4.0.8 OK for: @sinonjs/commons@1.8.6 want: 4.0.8
3378 silly fetch manifest canvas@^2.5.0
3379 silly packumentCache full:https://registry.npmjs.org/canvas cache-miss
3380 http cache https://registry.npmjs.org/canvas 14ms (cache hit)
3381 silly packumentCache full:https://registry.npmjs.org/canvas set size:353371 disposed:false
3382 silly placeDep ROOT jsdom@16.7.0 OK for: jest-environment-jsdom@27.5.1 want: ^16.6.0
3383 silly fetch manifest ws@^7.4.6
3384 silly packumentCache full:https://registry.npmjs.org/ws cache-miss
3385 silly fetch manifest abab@^2.0.5
3386 silly packumentCache full:https://registry.npmjs.org/abab cache-miss
3387 silly fetch manifest cssom@^0.4.4
3388 silly packumentCache full:https://registry.npmjs.org/cssom cache-miss
3389 silly fetch manifest saxes@^5.0.1
3390 silly packumentCache full:https://registry.npmjs.org/saxes cache-miss
3391 silly fetch manifest nwsapi@^2.2.0
3392 silly packumentCache full:https://registry.npmjs.org/nwsapi cache-miss
3393 silly fetch manifest parse5@6.0.1
3394 silly packumentCache full:https://registry.npmjs.org/parse5 cache-miss
3395 http cache https://registry.npmjs.org/ws 37ms (cache hit)
3396 silly packumentCache full:https://registry.npmjs.org/ws set size:450180 disposed:false
3397 silly fetch manifest cssstyle@^2.3.0
3398 silly packumentCache full:https://registry.npmjs.org/cssstyle cache-miss
3399 http cache https://registry.npmjs.org/parse5 61ms (cache hit)
3400 silly packumentCache full:https://registry.npmjs.org/parse5 set size:123116 disposed:false
3401 silly fetch manifest data-urls@^2.0.0
3402 silly packumentCache full:https://registry.npmjs.org/data-urls cache-miss
3403 http fetch GET 200 https://registry.npmjs.org/abab 125ms (cache miss)
3404 silly packumentCache full:https://registry.npmjs.org/abab set size:undefined disposed:false
3405 silly fetch manifest escodegen@^2.0.0
3406 silly packumentCache full:https://registry.npmjs.org/escodegen cache-miss
3407 http fetch GET 200 https://registry.npmjs.org/cssom 148ms (cache miss)
3408 silly packumentCache full:https://registry.npmjs.org/cssom set size:undefined disposed:false
3409 silly fetch manifest form-data@^3.0.0
3410 silly packumentCache full:https://registry.npmjs.org/form-data cache-miss
3411 http fetch GET 200 https://registry.npmjs.org/nwsapi 163ms (cache miss)
3412 silly packumentCache full:https://registry.npmjs.org/nwsapi set size:undefined disposed:false
3413 silly fetch manifest decimal.js@^10.2.1
3414 silly packumentCache full:https://registry.npmjs.org/decimal.js cache-miss
3415 http fetch GET 200 https://registry.npmjs.org/saxes 240ms (cache miss)
3416 silly packumentCache full:https://registry.npmjs.org/saxes set size:undefined disposed:false
3417 silly fetch manifest whatwg-url@^8.5.0
3418 silly packumentCache full:https://registry.npmjs.org/whatwg-url cache-miss
3419 http fetch GET 200 https://registry.npmjs.org/data-urls 211ms (cache miss)
3420 silly packumentCache full:https://registry.npmjs.org/data-urls set size:undefined disposed:false
3421 silly fetch manifest symbol-tree@^3.2.4
3422 silly packumentCache full:https://registry.npmjs.org/symbol-tree cache-miss
3423 http cache https://registry.npmjs.org/form-data 146ms (cache hit)
3424 silly packumentCache full:https://registry.npmjs.org/form-data set size:153174 disposed:false
3425 silly fetch manifest w3c-hr-time@^1.0.2
3426 silly packumentCache full:https://registry.npmjs.org/w3c-hr-time cache-miss
3427 http fetch GET 200 https://registry.npmjs.org/escodegen 201ms (cache miss)
3428 silly packumentCache full:https://registry.npmjs.org/escodegen set size:undefined disposed:false
3429 silly fetch manifest domexception@^2.0.1
3430 silly packumentCache full:https://registry.npmjs.org/domexception cache-miss
3431 http fetch GET 200 https://registry.npmjs.org/cssstyle 334ms (cache miss)
3432 silly packumentCache full:https://registry.npmjs.org/cssstyle set size:undefined disposed:false
3433 silly fetch manifest tough-cookie@^4.0.0
3434 silly packumentCache full:https://registry.npmjs.org/tough-cookie cache-miss
3435 http fetch GET 200 https://registry.npmjs.org/decimal.js 238ms (cache miss)
3436 silly packumentCache full:https://registry.npmjs.org/decimal.js set size:undefined disposed:false
3437 silly fetch manifest acorn-globals@^6.0.0
3438 silly packumentCache full:https://registry.npmjs.org/acorn-globals cache-miss
3439 http fetch GET 200 https://registry.npmjs.org/w3c-hr-time 115ms (cache miss)
3440 silly packumentCache full:https://registry.npmjs.org/w3c-hr-time set size:undefined disposed:false
3441 silly fetch manifest whatwg-encoding@^1.0.5
3442 silly packumentCache full:https://registry.npmjs.org/whatwg-encoding cache-miss
3443 http fetch GET 200 https://registry.npmjs.org/symbol-tree 153ms (cache miss)
3444 silly packumentCache full:https://registry.npmjs.org/symbol-tree set size:undefined disposed:false
3445 silly fetch manifest whatwg-mimetype@^2.3.0
3446 silly packumentCache full:https://registry.npmjs.org/whatwg-mimetype cache-miss
3447 http fetch GET 200 https://registry.npmjs.org/whatwg-url 214ms (cache miss)
3448 silly packumentCache full:https://registry.npmjs.org/whatwg-url set size:undefined disposed:false
3449 silly fetch manifest http-proxy-agent@^4.0.1
3450 silly packumentCache full:https://registry.npmjs.org/http-proxy-agent cache-miss
3451 http fetch GET 200 https://registry.npmjs.org/domexception 143ms (cache miss)
3452 silly packumentCache full:https://registry.npmjs.org/domexception set size:undefined disposed:false
3453 silly fetch manifest w3c-xmlserializer@^2.0.0
3454 silly packumentCache full:https://registry.npmjs.org/w3c-xmlserializer cache-miss
3455 http cache https://registry.npmjs.org/whatwg-encoding 83ms (cache hit)
3456 silly packumentCache full:https://registry.npmjs.org/whatwg-encoding set size:25704 disposed:false
3457 silly fetch manifest webidl-conversions@^6.1.0
3458 silly packumentCache full:https://registry.npmjs.org/webidl-conversions cache-miss
3459 http cache https://registry.npmjs.org/whatwg-mimetype 82ms (cache hit)
3460 silly packumentCache full:https://registry.npmjs.org/whatwg-mimetype set size:28179 disposed:false
3461 silly fetch manifest xml-name-validator@^3.0.0
3462 silly packumentCache full:https://registry.npmjs.org/xml-name-validator cache-miss
3463 http fetch GET 200 https://registry.npmjs.org/acorn-globals 117ms (cache miss)
3464 silly packumentCache full:https://registry.npmjs.org/acorn-globals set size:undefined disposed:false
3465 silly fetch manifest html-encoding-sniffer@^2.0.1
3466 silly packumentCache full:https://registry.npmjs.org/html-encoding-sniffer cache-miss
3467 http fetch GET 200 https://registry.npmjs.org/tough-cookie 150ms (cache miss)
3468 silly packumentCache full:https://registry.npmjs.org/tough-cookie set size:undefined disposed:false
3469 silly fetch manifest is-potential-custom-element-name@^1.0.1
3470 silly packumentCache full:https://registry.npmjs.org/is-potential-custom-element-name cache-miss
3471 http fetch GET 200 https://registry.npmjs.org/w3c-xmlserializer 103ms (cache miss)
3472 silly packumentCache full:https://registry.npmjs.org/w3c-xmlserializer set size:undefined disposed:false
3473 http fetch GET 200 https://registry.npmjs.org/xml-name-validator 89ms (cache miss)
3474 silly packumentCache full:https://registry.npmjs.org/xml-name-validator set size:undefined disposed:false
3475 http fetch GET 200 https://registry.npmjs.org/http-proxy-agent 137ms (cache miss)
3476 silly packumentCache full:https://registry.npmjs.org/http-proxy-agent set size:undefined disposed:false
3477 http fetch GET 200 https://registry.npmjs.org/webidl-conversions 109ms (cache miss)
3478 silly packumentCache full:https://registry.npmjs.org/webidl-conversions set size:undefined disposed:false
3479 http fetch GET 200 https://registry.npmjs.org/html-encoding-sniffer 97ms (cache miss)
3480 silly packumentCache full:https://registry.npmjs.org/html-encoding-sniffer set size:undefined disposed:false
3481 http fetch GET 200 https://registry.npmjs.org/is-potential-custom-element-name 81ms (cache miss)
3482 silly packumentCache full:https://registry.npmjs.org/is-potential-custom-element-name set size:undefined disposed:false
3483 silly placeDep ROOT @types/graceful-fs@4.1.9 OK for: jest-haste-map@27.5.1 want: ^4.1.2
3484 silly placeDep ROOT anymatch@3.1.3 OK for: jest-haste-map@27.5.1 want: ^3.0.3
3485 silly placeDep ROOT fb-watchman@2.0.2 OK for: jest-haste-map@27.5.1 want: ^2.0.0
3486 silly placeDep ROOT fsevents@2.3.3 OK for: jest-haste-map@27.5.1 want: ^2.3.2
3487 silly placeDep ROOT jest-serializer@27.5.1 OK for: jest-haste-map@27.5.1 want: ^27.5.1
3488 silly placeDep ROOT walker@1.0.8 OK for: jest-haste-map@27.5.1 want: ^1.0.7
3489 silly fetch manifest picomatch@^2.0.4
3490 silly packumentCache full:https://registry.npmjs.org/picomatch cache-hit
3491 silly fetch manifest normalize-path@^3.0.0
3492 silly packumentCache full:https://registry.npmjs.org/normalize-path cache-miss
3493 silly fetch manifest bser@2.1.1
3494 silly packumentCache full:https://registry.npmjs.org/bser cache-miss
3495 silly fetch manifest makeerror@1.0.12
3496 silly packumentCache full:https://registry.npmjs.org/makeerror cache-miss
3497 http fetch GET 200 https://registry.npmjs.org/bser 87ms (cache miss)
3498 silly packumentCache full:https://registry.npmjs.org/bser set size:undefined disposed:false
3499 http fetch GET 200 https://registry.npmjs.org/normalize-path 94ms (cache miss)
3500 silly packumentCache full:https://registry.npmjs.org/normalize-path set size:undefined disposed:false
3501 http fetch GET 200 https://registry.npmjs.org/makeerror 96ms (cache miss)
3502 silly packumentCache full:https://registry.npmjs.org/makeerror set size:undefined disposed:false
3503 silly placeDep ROOT normalize-path@3.0.0 OK for: anymatch@3.1.3 want: ^3.0.0
3504 silly placeDep ROOT picomatch@2.3.2 OK for: anymatch@3.1.3 want: ^2.0.4
3505 silly placeDep ROOT bser@2.1.1 OK for: fb-watchman@2.0.2 want: 2.1.1
3506 silly fetch manifest node-int64@^0.4.0
3507 silly packumentCache full:https://registry.npmjs.org/node-int64 cache-miss
3508 http fetch GET 200 https://registry.npmjs.org/node-int64 72ms (cache miss)
3509 silly packumentCache full:https://registry.npmjs.org/node-int64 set size:undefined disposed:false
3510 silly placeDep ROOT node-int64@0.4.0 OK for: bser@2.1.1 want: ^0.4.0
3511 silly placeDep ROOT @jest/source-map@27.5.1 OK for: jest-jasmine2@27.5.1 want: ^27.5.1
3512 silly placeDep ROOT callsites@3.1.0 OK for: @jest/source-map@27.5.1 want: ^3.0.0
3513 silly placeDep ROOT jest-diff@27.5.1 OK for: jest-matcher-utils@27.5.1 want: ^27.5.1
3514 silly fetch manifest diff-sequences@^27.5.1
3515 silly packumentCache full:https://registry.npmjs.org/diff-sequences cache-miss
3516 http fetch GET 200 https://registry.npmjs.org/diff-sequences 99ms (cache miss)
3517 silly packumentCache full:https://registry.npmjs.org/diff-sequences set size:undefined disposed:false
3518 silly placeDep ROOT diff-sequences@27.5.1 OK for: jest-diff@27.5.1 want: ^27.5.1
3519 silly placeDep ROOT @types/stack-utils@2.0.3 OK for: jest-message-util@27.5.1 want: ^2.0.0
3520 silly fetch manifest jest-resolve@*
3521 silly packumentCache full:https://registry.npmjs.org/jest-resolve cache-miss
3522 http cache https://registry.npmjs.org/jest-resolve 30ms (cache hit)
3523 silly packumentCache full:https://registry.npmjs.org/jest-resolve set size:664609 disposed:false
3524 silly placeDep ROOT jest-pnp-resolver@1.2.3 OK for: jest-resolve@27.5.1 want: ^1.2.2
3525 silly placeDep ROOT resolve@1.22.12 OK for: jest-resolve@27.5.1 want: ^1.20.0
3526 silly placeDep ROOT resolve.exports@1.1.1 OK for: jest-resolve@27.5.1 want: ^1.1.0
3527 silly fetch manifest path-parse@^1.0.7
3528 silly packumentCache full:https://registry.npmjs.org/path-parse cache-miss
3529 silly fetch manifest is-core-module@^2.16.1
3530 silly packumentCache full:https://registry.npmjs.org/is-core-module cache-miss
3531 silly fetch manifest supports-preserve-symlinks-flag@^1.0.0
3532 silly packumentCache full:https://registry.npmjs.org/supports-preserve-symlinks-flag cache-miss
3533 http cache https://registry.npmjs.org/is-core-module 20ms (cache hit)
3534 silly packumentCache full:https://registry.npmjs.org/is-core-module set size:78502 disposed:false
3535 http fetch GET 200 https://registry.npmjs.org/supports-preserve-symlinks-flag 91ms (cache miss)
3536 silly packumentCache full:https://registry.npmjs.org/supports-preserve-symlinks-flag set size:undefined disposed:false
3537 http fetch GET 200 https://registry.npmjs.org/path-parse 115ms (cache miss)
3538 silly packumentCache full:https://registry.npmjs.org/path-parse set size:undefined disposed:false
3539 silly placeDep ROOT jest-docblock@27.5.1 OK for: jest-runner@27.5.1 want: ^27.5.1
3540 silly placeDep ROOT jest-leak-detector@27.5.1 OK for: jest-runner@27.5.1 want: ^27.5.1
3541 silly placeDep ROOT source-map-support@0.5.21 OK for: jest-runner@27.5.1 want: ^0.5.6
3542 silly fetch manifest detect-newline@^3.0.0
3543 silly packumentCache full:https://registry.npmjs.org/detect-newline cache-miss
3544 silly fetch manifest buffer-from@^1.0.0
3545 silly packumentCache full:https://registry.npmjs.org/buffer-from cache-miss
3546 http fetch GET 200 https://registry.npmjs.org/buffer-from 84ms (cache miss)
3547 silly packumentCache full:https://registry.npmjs.org/buffer-from set size:undefined disposed:false
3548 http fetch GET 200 https://registry.npmjs.org/detect-newline 93ms (cache miss)
3549 silly packumentCache full:https://registry.npmjs.org/detect-newline set size:undefined disposed:false
3550 silly placeDep ROOT detect-newline@3.1.0 OK for: jest-docblock@27.5.1 want: ^3.0.0
3551 silly placeDep ROOT @jest/globals@27.5.1 OK for: jest-runtime@27.5.1 want: ^27.5.1
3552 silly placeDep ROOT cjs-module-lexer@1.4.3 OK for: jest-runtime@27.5.1 want: ^1.0.0
3553 silly placeDep ROOT strip-bom@4.0.0 OK for: jest-runtime@27.5.1 want: ^4.0.0
3554 silly placeDep ROOT @babel/plugin-syntax-typescript@7.29.7 OK for: jest-snapshot@27.5.1 want: ^7.7.2
3555 silly placeDep ROOT @types/prettier@2.7.3 OK for: jest-snapshot@27.5.1 want: ^2.1.5
3556 silly placeDep node_modules/jest-snapshot semver@7.8.5 OK for: jest-snapshot@27.5.1 want: ^7.3.2
3557 silly placeDep node_modules/jest-validate camelcase@6.3.0 OK for: jest-validate@27.5.1 want: ^6.2.0
3558 silly placeDep ROOT leven@3.1.0 OK for: jest-validate@27.5.1 want: ^3.1.0
3559 silly placeDep node_modules/jest-worker supports-color@8.1.1 OK for: jest-worker@27.5.1 want: ^8.0.0
3560 silly placeDep ROOT @babel/runtime@7.29.7 OK for: jimp@0.16.13 want: ^7.7.2
3561 silly placeDep ROOT @jimp/custom@0.16.13 OK for: jimp@0.16.13 want: ^0.16.13
3562 silly placeDep ROOT @jimp/plugins@0.16.13 OK for: jimp@0.16.13 want: ^0.16.13
3563 silly placeDep ROOT @jimp/types@0.16.13 OK for: jimp@0.16.13 want: ^0.16.13
3564 silly placeDep ROOT regenerator-runtime@0.13.11 OK for: jimp@0.16.13 want: ^0.13.3
3565 silly fetch manifest @jimp/core@^0.16.13
3566 silly packumentCache full:https://registry.npmjs.org/@jimp%2fcore cache-miss
3567 silly fetch manifest @jimp/plugin-blit@^0.16.13
3568 silly packumentCache full:https://registry.npmjs.org/@jimp%2fplugin-blit cache-miss
3569 silly fetch manifest @jimp/plugin-blur@^0.16.13
3570 silly packumentCache full:https://registry.npmjs.org/@jimp%2fplugin-blur cache-miss
3571 silly fetch manifest @jimp/plugin-circle@^0.16.13
3572 silly packumentCache full:https://registry.npmjs.org/@jimp%2fplugin-circle cache-miss
3573 silly fetch manifest @jimp/plugin-color@^0.16.13
3574 silly packumentCache full:https://registry.npmjs.org/@jimp%2fplugin-color cache-miss
3575 silly fetch manifest @jimp/plugin-contain@^0.16.13
3576 silly packumentCache full:https://registry.npmjs.org/@jimp%2fplugin-contain cache-miss
3577 http fetch GET 200 https://registry.npmjs.org/@jimp%2fplugin-blur 304ms (cache miss)
3578 silly packumentCache full:https://registry.npmjs.org/@jimp%2fplugin-blur set size:undefined disposed:false
3579 silly fetch manifest @jimp/plugin-cover@^0.16.13
3580 silly packumentCache full:https://registry.npmjs.org/@jimp%2fplugin-cover cache-miss
3581 http fetch GET 200 https://registry.npmjs.org/@jimp%2fcore 370ms (cache miss)
3582 silly packumentCache full:https://registry.npmjs.org/@jimp%2fcore set size:undefined disposed:false
3583 silly fetch manifest @jimp/plugin-crop@^0.16.13
3584 silly packumentCache full:https://registry.npmjs.org/@jimp%2fplugin-crop cache-miss
3585 http fetch GET 200 https://registry.npmjs.org/@jimp%2fplugin-circle 421ms (cache miss)
3586 silly packumentCache full:https://registry.npmjs.org/@jimp%2fplugin-circle set size:undefined disposed:false
3587 silly fetch manifest @jimp/plugin-displace@^0.16.13
3588 silly packumentCache full:https://registry.npmjs.org/@jimp%2fplugin-displace cache-miss
3589 http fetch GET 200 https://registry.npmjs.org/@jimp%2fplugin-contain 480ms (cache miss)
3590 silly packumentCache full:https://registry.npmjs.org/@jimp%2fplugin-contain set size:undefined disposed:false
3591 silly fetch manifest @jimp/plugin-dither@^0.16.13
3592 silly packumentCache full:https://registry.npmjs.org/@jimp%2fplugin-dither cache-miss
3593 http fetch GET 200 https://registry.npmjs.org/@jimp%2fplugin-cover 233ms (cache miss)
3594 silly packumentCache full:https://registry.npmjs.org/@jimp%2fplugin-cover set size:undefined disposed:false
3595 silly fetch manifest @jimp/plugin-fisheye@^0.16.13
3596 silly packumentCache full:https://registry.npmjs.org/@jimp%2fplugin-fisheye cache-miss
3597 http fetch GET 200 https://registry.npmjs.org/@jimp%2fplugin-color 599ms (cache miss)
3598 silly packumentCache full:https://registry.npmjs.org/@jimp%2fplugin-color set size:undefined disposed:false
3599 silly fetch manifest @jimp/plugin-flip@^0.16.13
3600 silly packumentCache full:https://registry.npmjs.org/@jimp%2fplugin-flip cache-miss
3601 http fetch GET 200 https://registry.npmjs.org/@jimp%2fplugin-blit 685ms (cache miss)
3602 silly packumentCache full:https://registry.npmjs.org/@jimp%2fplugin-blit set size:undefined disposed:false
3603 silly fetch manifest @jimp/plugin-gaussian@^0.16.13
3604 silly packumentCache full:https://registry.npmjs.org/@jimp%2fplugin-gaussian cache-miss
3605 http fetch GET 200 https://registry.npmjs.org/@jimp%2fplugin-crop 345ms (cache miss)
3606 silly packumentCache full:https://registry.npmjs.org/@jimp%2fplugin-crop set size:undefined disposed:false
3607 silly fetch manifest @jimp/plugin-invert@^0.16.13
3608 silly packumentCache full:https://registry.npmjs.org/@jimp%2fplugin-invert cache-miss
3609 http fetch GET 200 https://registry.npmjs.org/@jimp%2fplugin-displace 356ms (cache miss)
3610 silly packumentCache full:https://registry.npmjs.org/@jimp%2fplugin-displace set size:undefined disposed:false
3611 silly fetch manifest @jimp/plugin-mask@^0.16.13
3612 silly packumentCache full:https://registry.npmjs.org/@jimp%2fplugin-mask cache-miss
3613 http fetch GET 200 https://registry.npmjs.org/@jimp%2fplugin-dither 352ms (cache miss)
3614 silly packumentCache full:https://registry.npmjs.org/@jimp%2fplugin-dither set size:undefined disposed:false
3615 silly fetch manifest @jimp/plugin-normalize@^0.16.13
3616 silly packumentCache full:https://registry.npmjs.org/@jimp%2fplugin-normalize cache-miss
3617 http fetch GET 200 https://registry.npmjs.org/@jimp%2fplugin-fisheye 316ms (cache miss)
3618 silly packumentCache full:https://registry.npmjs.org/@jimp%2fplugin-fisheye set size:undefined disposed:false
3619 silly fetch manifest @jimp/plugin-print@^0.16.13
3620 silly packumentCache full:https://registry.npmjs.org/@jimp%2fplugin-print cache-miss
3621 http fetch GET 200 https://registry.npmjs.org/@jimp%2fplugin-flip 479ms (cache miss)
3622 silly packumentCache full:https://registry.npmjs.org/@jimp%2fplugin-flip set size:undefined disposed:false
3623 silly fetch manifest @jimp/plugin-resize@^0.16.13
3624 silly packumentCache full:https://registry.npmjs.org/@jimp%2fplugin-resize cache-miss
3625 http fetch GET 200 https://registry.npmjs.org/@jimp%2fplugin-print 208ms (cache miss)
3626 silly packumentCache full:https://registry.npmjs.org/@jimp%2fplugin-print set size:undefined disposed:false
3627 silly fetch manifest @jimp/plugin-rotate@^0.16.13
3628 silly packumentCache full:https://registry.npmjs.org/@jimp%2fplugin-rotate cache-miss
3629 http fetch GET 200 https://registry.npmjs.org/@jimp%2fplugin-gaussian 611ms (cache miss)
3630 silly packumentCache full:https://registry.npmjs.org/@jimp%2fplugin-gaussian set size:undefined disposed:false
3631 silly fetch manifest @jimp/plugin-scale@^0.16.13
3632 silly packumentCache full:https://registry.npmjs.org/@jimp%2fplugin-scale cache-miss
3633 http fetch GET 200 https://registry.npmjs.org/@jimp%2fplugin-rotate 235ms (cache miss)
3634 silly packumentCache full:https://registry.npmjs.org/@jimp%2fplugin-rotate set size:undefined disposed:false
3635 silly fetch manifest @jimp/plugin-shadow@^0.16.13
3636 silly packumentCache full:https://registry.npmjs.org/@jimp%2fplugin-shadow cache-miss
3637 http fetch GET 200 https://registry.npmjs.org/@jimp%2fplugin-invert 774ms (cache miss)
3638 silly packumentCache full:https://registry.npmjs.org/@jimp%2fplugin-invert set size:undefined disposed:false
3639 silly fetch manifest @jimp/plugin-threshold@^0.16.13
3640 silly packumentCache full:https://registry.npmjs.org/@jimp%2fplugin-threshold cache-miss
3641 http fetch GET 200 https://registry.npmjs.org/@jimp%2fplugin-mask 771ms (cache miss)
3642 silly packumentCache full:https://registry.npmjs.org/@jimp%2fplugin-mask set size:undefined disposed:false
3643 silly fetch manifest timm@^1.6.1
3644 silly packumentCache full:https://registry.npmjs.org/timm cache-miss
3645 http fetch GET 200 https://registry.npmjs.org/@jimp%2fplugin-normalize 739ms (cache miss)
3646 silly packumentCache full:https://registry.npmjs.org/@jimp%2fplugin-normalize set size:undefined disposed:false
3647 silly fetch manifest timm@^1.6.1
3648 silly packumentCache full:https://registry.npmjs.org/timm cache-miss
3649 http fetch GET 200 https://registry.npmjs.org/@jimp%2fplugin-resize 542ms (cache miss)
3650 silly packumentCache full:https://registry.npmjs.org/@jimp%2fplugin-resize set size:undefined disposed:false
3651 silly fetch manifest @jimp/bmp@^0.16.13
3652 silly packumentCache full:https://registry.npmjs.org/@jimp%2fbmp cache-miss
3653 http fetch GET 200 https://registry.npmjs.org/@jimp%2fplugin-threshold 244ms (cache miss)
3654 silly packumentCache full:https://registry.npmjs.org/@jimp%2fplugin-threshold set size:undefined disposed:false
3655 silly fetch manifest @jimp/gif@^0.16.13
3656 silly packumentCache full:https://registry.npmjs.org/@jimp%2fgif cache-miss
3657 http fetch GET 200 https://registry.npmjs.org/@jimp%2fplugin-scale 593ms (cache miss)
3658 silly packumentCache full:https://registry.npmjs.org/@jimp%2fplugin-scale set size:undefined disposed:false
3659 silly fetch manifest @jimp/png@^0.16.13
3660 silly packumentCache full:https://registry.npmjs.org/@jimp%2fpng cache-miss
3661 http fetch GET 200 https://registry.npmjs.org/timm 341ms (cache miss)
3662 silly packumentCache full:https://registry.npmjs.org/timm set size:undefined disposed:false
3663 silly fetch manifest @jimp/jpeg@^0.16.13
3664 silly packumentCache full:https://registry.npmjs.org/@jimp%2fjpeg cache-miss
3665 http fetch GET 200 https://registry.npmjs.org/timm 396ms (cache miss)
3666 silly packumentCache full:https://registry.npmjs.org/timm set size:undefined disposed:false
3667 silly fetch manifest @jimp/tiff@^0.16.13
3668 silly packumentCache full:https://registry.npmjs.org/@jimp%2ftiff cache-miss
3669 http fetch GET 200 https://registry.npmjs.org/@jimp%2fplugin-shadow 623ms (cache miss)
3670 silly packumentCache full:https://registry.npmjs.org/@jimp%2fplugin-shadow set size:undefined disposed:false
3671 http fetch GET 200 https://registry.npmjs.org/@jimp%2fgif 235ms (cache miss)
3672 silly packumentCache full:https://registry.npmjs.org/@jimp%2fgif set size:undefined disposed:false
3673 http fetch GET 200 https://registry.npmjs.org/@jimp%2fbmp 885ms (cache miss)
3674 silly packumentCache full:https://registry.npmjs.org/@jimp%2fbmp set size:undefined disposed:false
3675 http fetch GET 200 https://registry.npmjs.org/@jimp%2fpng 654ms (cache miss)
3676 silly packumentCache full:https://registry.npmjs.org/@jimp%2fpng set size:undefined disposed:false
3677 http fetch GET 200 https://registry.npmjs.org/@jimp%2ftiff 630ms (cache miss)
3678 silly packumentCache full:https://registry.npmjs.org/@jimp%2ftiff set size:undefined disposed:false
3679 http fetch GET 200 https://registry.npmjs.org/@jimp%2fjpeg 735ms (cache miss)
3680 silly packumentCache full:https://registry.npmjs.org/@jimp%2fjpeg set size:undefined disposed:false
3681 silly placeDep ROOT @jimp/core@0.16.13 OK for: @jimp/custom@0.16.13 want: ^0.16.13
3682 silly fetch manifest phin@^2.9.1
3683 silly packumentCache full:https://registry.npmjs.org/phin cache-miss
3684 silly fetch manifest buffer@^5.2.0
3685 silly packumentCache full:https://registry.npmjs.org/buffer cache-miss
3686 silly fetch manifest mkdirp@^0.5.1
3687 silly packumentCache full:https://registry.npmjs.org/mkdirp cache-miss
3688 silly fetch manifest any-base@^1.1.0
3689 silly packumentCache full:https://registry.npmjs.org/any-base cache-miss
3690 silly fetch manifest pixelmatch@^4.0.2
3691 silly packumentCache full:https://registry.npmjs.org/pixelmatch cache-miss
3692 silly fetch manifest tinycolor2@^1.4.1
3693 silly packumentCache full:https://registry.npmjs.org/tinycolor2 cache-miss
3694 http fetch GET 200 https://registry.npmjs.org/any-base 230ms (cache miss)
3695 silly packumentCache full:https://registry.npmjs.org/any-base set size:undefined disposed:false
3696 silly fetch manifest @jimp/utils@^0.16.13
3697 silly packumentCache full:https://registry.npmjs.org/@jimp%2futils cache-miss
3698 http fetch GET 200 https://registry.npmjs.org/phin 279ms (cache miss)
3699 silly packumentCache full:https://registry.npmjs.org/phin set size:undefined disposed:false
3700 silly fetch manifest exif-parser@^0.1.12
3701 silly packumentCache full:https://registry.npmjs.org/exif-parser cache-miss
3702 http fetch GET 200 https://registry.npmjs.org/pixelmatch 292ms (cache miss)
3703 silly packumentCache full:https://registry.npmjs.org/pixelmatch set size:undefined disposed:false
3704 silly fetch manifest load-bmfont@^1.3.1
3705 silly packumentCache full:https://registry.npmjs.org/load-bmfont cache-miss
3706 http fetch GET 200 https://registry.npmjs.org/mkdirp 318ms (cache miss)
3707 silly packumentCache full:https://registry.npmjs.org/mkdirp set size:undefined disposed:false
3708 http fetch GET 200 https://registry.npmjs.org/buffer 348ms (cache miss)
3709 silly packumentCache full:https://registry.npmjs.org/buffer set size:undefined disposed:false
3710 http fetch GET 200 https://registry.npmjs.org/tinycolor2 389ms (cache miss)
3711 silly packumentCache full:https://registry.npmjs.org/tinycolor2 set size:undefined disposed:false
3712 http fetch GET 200 https://registry.npmjs.org/exif-parser 141ms (cache miss)
3713 silly packumentCache full:https://registry.npmjs.org/exif-parser set size:undefined disposed:false
3714 http fetch GET 200 https://registry.npmjs.org/load-bmfont 141ms (cache miss)
3715 silly packumentCache full:https://registry.npmjs.org/load-bmfont set size:undefined disposed:false
3716 http fetch GET 200 https://registry.npmjs.org/@jimp%2futils 430ms (cache miss)
3717 silly packumentCache full:https://registry.npmjs.org/@jimp%2futils set size:undefined disposed:false
3718 silly placeDep ROOT @jimp/utils@0.16.13 OK for: @jimp/core@0.16.13 want: ^0.16.13
3719 silly placeDep ROOT any-base@1.1.0 OK for: @jimp/core@0.16.13 want: ^1.1.0
3720 silly placeDep ROOT buffer@5.7.1 OK for: @jimp/core@0.16.13 want: ^5.2.0
3721 silly placeDep ROOT exif-parser@0.1.12 OK for: @jimp/core@0.16.13 want: ^0.1.12
3722 silly placeDep ROOT file-type@16.5.4 OK for: @jimp/core@0.16.13 want: ^16.5.4
3723 silly placeDep ROOT load-bmfont@1.4.2 OK for: @jimp/core@0.16.13 want: ^1.3.1
3724 silly placeDep ROOT mkdirp@0.5.6 OK for: @jimp/core@0.16.13 want: ^0.5.1
3725 silly placeDep ROOT phin@2.9.3 OK for: @jimp/core@0.16.13 want: ^2.9.1
3726 silly placeDep ROOT pixelmatch@4.0.2 OK for: @jimp/core@0.16.13 want: ^4.0.2
3727 silly placeDep ROOT tinycolor2@1.6.0 OK for: @jimp/core@0.16.13 want: ^1.4.1
3728 silly fetch manifest base64-js@^1.3.1
3729 silly packumentCache full:https://registry.npmjs.org/base64-js cache-miss
3730 silly fetch manifest ieee754@^1.1.13
3731 silly packumentCache full:https://registry.npmjs.org/ieee754 cache-miss
3732 silly fetch manifest strtok3@^6.2.4
3733 silly packumentCache full:https://registry.npmjs.org/strtok3 cache-miss
3734 silly fetch manifest token-types@^4.1.1
3735 silly packumentCache full:https://registry.npmjs.org/token-types cache-miss
3736 silly fetch manifest readable-web-to-node-stream@^3.0.0
3737 silly packumentCache full:https://registry.npmjs.org/readable-web-to-node-stream cache-miss
3738 silly fetch manifest buffer-equal@0.0.1
3739 silly packumentCache full:https://registry.npmjs.org/buffer-equal cache-miss
3740 http cache https://registry.npmjs.org/token-types 140ms (cache hit)
3741 silly packumentCache full:https://registry.npmjs.org/token-types set size:155133 disposed:false
3742 silly fetch manifest mime@^1.3.4
3743 silly packumentCache full:https://registry.npmjs.org/mime cache-miss
3744 http cache https://registry.npmjs.org/strtok3 218ms (cache hit)
3745 silly packumentCache full:https://registry.npmjs.org/strtok3 set size:412240 disposed:false
3746 silly fetch manifest parse-bmfont-ascii@^1.0.3
3747 silly packumentCache full:https://registry.npmjs.org/parse-bmfont-ascii cache-miss
3748 http fetch GET 200 https://registry.npmjs.org/buffer-equal 701ms (cache miss)
3749 silly packumentCache full:https://registry.npmjs.org/buffer-equal set size:undefined disposed:false
3750 silly fetch manifest parse-bmfont-binary@^1.0.5
3751 silly packumentCache full:https://registry.npmjs.org/parse-bmfont-binary cache-miss
3752 http fetch GET 200 https://registry.npmjs.org/ieee754 796ms (cache miss)
3753 silly packumentCache full:https://registry.npmjs.org/ieee754 set size:undefined disposed:false
3754 silly fetch manifest parse-bmfont-xml@^1.1.4
3755 silly packumentCache full:https://registry.npmjs.org/parse-bmfont-xml cache-miss
3756 http fetch GET 200 https://registry.npmjs.org/base64-js 882ms (cache miss)
3757 silly packumentCache full:https://registry.npmjs.org/base64-js set size:undefined disposed:false
3758 silly fetch manifest phin@^3.7.1
3759 silly packumentCache full:https://registry.npmjs.org/phin cache-miss
3760 http fetch GET 200 https://registry.npmjs.org/readable-web-to-node-stream 938ms (cache miss)
3761 silly packumentCache full:https://registry.npmjs.org/readable-web-to-node-stream set size:undefined disposed:false
3762 silly fetch manifest xhr@^2.0.1
3763 silly packumentCache full:https://registry.npmjs.org/xhr cache-miss
3764 http fetch GET 200 https://registry.npmjs.org/parse-bmfont-ascii 773ms (cache miss)
3765 silly packumentCache full:https://registry.npmjs.org/parse-bmfont-ascii set size:undefined disposed:false
3766 silly fetch manifest xtend@^4.0.0
3767 silly packumentCache full:https://registry.npmjs.org/xtend cache-miss
3768 http fetch GET 200 https://registry.npmjs.org/mime 980ms (cache miss)
3769 silly packumentCache full:https://registry.npmjs.org/mime set size:undefined disposed:false
3770 silly fetch manifest pngjs@^3.0.0
3771 silly packumentCache full:https://registry.npmjs.org/pngjs cache-miss
3772 http fetch GET 200 https://registry.npmjs.org/parse-bmfont-binary 609ms (cache miss)
3773 silly packumentCache full:https://registry.npmjs.org/parse-bmfont-binary set size:undefined disposed:false
3774 http fetch GET 200 https://registry.npmjs.org/parse-bmfont-xml 550ms (cache miss)
3775 silly packumentCache full:https://registry.npmjs.org/parse-bmfont-xml set size:undefined disposed:false
3776 http cache https://registry.npmjs.org/phin 503ms (cache hit)
3777 silly packumentCache full:https://registry.npmjs.org/phin set size:123951 disposed:false
3778 http fetch GET 200 https://registry.npmjs.org/xhr 479ms (cache miss)
3779 silly packumentCache full:https://registry.npmjs.org/xhr set size:undefined disposed:false
3780 http cache https://registry.npmjs.org/xtend 407ms (cache hit)
3781 silly packumentCache full:https://registry.npmjs.org/xtend set size:28314 disposed:false
3782 http fetch GET 200 https://registry.npmjs.org/pngjs 246ms (cache miss)
3783 silly packumentCache full:https://registry.npmjs.org/pngjs set size:undefined disposed:false
3784 silly fetch manifest @jimp/custom@>=0.3.5
3785 silly packumentCache full:https://registry.npmjs.org/@jimp%2fcustom cache-miss
3786 http cache https://registry.npmjs.org/@jimp%2fcustom 154ms (cache hit)
3787 silly packumentCache full:https://registry.npmjs.org/@jimp%2fcustom set size:1162364 disposed:false
3788 silly placeDep ROOT @jimp/plugin-blit@0.16.13 OK for: @jimp/plugins@0.16.13 want: ^0.16.13
3789 silly placeDep ROOT @jimp/plugin-blur@0.16.13 OK for: @jimp/plugins@0.16.13 want: ^0.16.13
3790 silly placeDep ROOT @jimp/plugin-circle@0.16.13 OK for: @jimp/plugins@0.16.13 want: ^0.16.13
3791 silly placeDep ROOT @jimp/plugin-color@0.16.13 OK for: @jimp/plugins@0.16.13 want: ^0.16.13
3792 silly placeDep ROOT @jimp/plugin-contain@0.16.13 OK for: @jimp/plugins@0.16.13 want: ^0.16.13
3793 silly placeDep ROOT @jimp/plugin-scale@0.16.13 OK for: @jimp/plugin-contain@0.16.13 want: >=0.3.5
3794 silly placeDep ROOT @jimp/plugin-resize@0.16.13 OK for: @jimp/plugin-scale@0.16.13 want: >=0.3.5
3795 silly placeDep ROOT @jimp/plugin-cover@0.16.13 OK for: @jimp/plugins@0.16.13 want: ^0.16.13
3796 silly placeDep ROOT @jimp/plugin-crop@0.16.13 OK for: @jimp/plugin-cover@0.16.13 want: >=0.3.5
3797 silly placeDep ROOT @jimp/plugin-displace@0.16.13 OK for: @jimp/plugins@0.16.13 want: ^0.16.13
3798 silly placeDep ROOT @jimp/plugin-dither@0.16.13 OK for: @jimp/plugins@0.16.13 want: ^0.16.13
3799 silly placeDep ROOT @jimp/plugin-fisheye@0.16.13 OK for: @jimp/plugins@0.16.13 want: ^0.16.13
3800 silly placeDep ROOT @jimp/plugin-flip@0.16.13 OK for: @jimp/plugins@0.16.13 want: ^0.16.13
3801 silly placeDep ROOT @jimp/plugin-rotate@0.16.13 OK for: @jimp/plugin-flip@0.16.13 want: >=0.3.5
3802 silly placeDep ROOT @jimp/plugin-gaussian@0.16.13 OK for: @jimp/plugins@0.16.13 want: ^0.16.13
3803 silly placeDep ROOT @jimp/plugin-invert@0.16.13 OK for: @jimp/plugins@0.16.13 want: ^0.16.13
3804 silly placeDep ROOT @jimp/plugin-mask@0.16.13 OK for: @jimp/plugins@0.16.13 want: ^0.16.13
3805 silly placeDep ROOT @jimp/plugin-normalize@0.16.13 OK for: @jimp/plugins@0.16.13 want: ^0.16.13
3806 silly placeDep ROOT @jimp/plugin-print@0.16.13 OK for: @jimp/plugins@0.16.13 want: ^0.16.13
3807 silly placeDep ROOT @jimp/plugin-shadow@0.16.13 OK for: @jimp/plugins@0.16.13 want: ^0.16.13
3808 silly placeDep ROOT @jimp/plugin-threshold@0.16.13 OK for: @jimp/plugins@0.16.13 want: ^0.16.13
3809 silly placeDep ROOT timm@1.7.1 OK for: @jimp/plugins@0.16.13 want: ^1.6.1
3810 silly placeDep ROOT @jimp/bmp@0.16.13 OK for: @jimp/types@0.16.13 want: ^0.16.13
3811 silly placeDep ROOT @jimp/gif@0.16.13 OK for: @jimp/types@0.16.13 want: ^0.16.13
3812 silly placeDep ROOT @jimp/jpeg@0.16.13 OK for: @jimp/types@0.16.13 want: ^0.16.13
3813 silly placeDep ROOT @jimp/png@0.16.13 OK for: @jimp/types@0.16.13 want: ^0.16.13
3814 silly placeDep ROOT @jimp/tiff@0.16.13 OK for: @jimp/types@0.16.13 want: ^0.16.13
3815 silly fetch manifest bmp-js@^0.1.0
3816 silly packumentCache full:https://registry.npmjs.org/bmp-js cache-miss
3817 silly fetch manifest gifwrap@^0.9.2
3818 silly packumentCache full:https://registry.npmjs.org/gifwrap cache-miss
3819 silly fetch manifest omggif@^1.0.9
3820 silly packumentCache full:https://registry.npmjs.org/omggif cache-miss
3821 silly fetch manifest jpeg-js@^0.4.2
3822 silly packumentCache full:https://registry.npmjs.org/jpeg-js cache-miss
3823 silly fetch manifest pngjs@^3.3.3
3824 silly packumentCache full:https://registry.npmjs.org/pngjs cache-miss
3825 silly fetch manifest utif@^2.0.1
3826 silly packumentCache full:https://registry.npmjs.org/utif cache-miss
3827 http cache https://registry.npmjs.org/pngjs 84ms (cache hit)
3828 silly packumentCache full:https://registry.npmjs.org/pngjs set size:70154 disposed:false
3829 http fetch GET 200 https://registry.npmjs.org/omggif 175ms (cache miss)
3830 silly packumentCache full:https://registry.npmjs.org/omggif set size:undefined disposed:false
3831 http fetch GET 200 https://registry.npmjs.org/bmp-js 196ms (cache miss)
3832 silly packumentCache full:https://registry.npmjs.org/bmp-js set size:undefined disposed:false
3833 http fetch GET 200 https://registry.npmjs.org/utif 184ms (cache miss)
3834 silly packumentCache full:https://registry.npmjs.org/utif set size:undefined disposed:false
3835 http fetch GET 200 https://registry.npmjs.org/gifwrap 215ms (cache miss)
3836 silly packumentCache full:https://registry.npmjs.org/gifwrap set size:undefined disposed:false
3837 http fetch GET 200 https://registry.npmjs.org/jpeg-js 361ms (cache miss)
3838 silly packumentCache full:https://registry.npmjs.org/jpeg-js set size:undefined disposed:false
3839 silly placeDep ROOT bmp-js@0.1.0 OK for: @jimp/bmp@0.16.13 want: ^0.1.0
3840 silly placeDep ROOT gifwrap@0.9.4 OK for: @jimp/gif@0.16.13 want: ^0.9.2
3841 silly placeDep ROOT omggif@1.0.10 OK for: @jimp/gif@0.16.13 want: ^1.0.9
3842 silly fetch manifest image-q@^4.0.0
3843 silly packumentCache full:https://registry.npmjs.org/image-q cache-miss
3844 silly fetch manifest omggif@^1.0.10
3845 silly packumentCache full:https://registry.npmjs.org/omggif cache-miss
3846 http cache https://registry.npmjs.org/omggif 168ms (cache hit)
3847 silly packumentCache full:https://registry.npmjs.org/omggif set size:9453 disposed:false
3848 http fetch GET 200 https://registry.npmjs.org/image-q 212ms (cache miss)
3849 silly packumentCache full:https://registry.npmjs.org/image-q set size:undefined disposed:false
3850 silly placeDep ROOT jpeg-js@0.4.4 OK for: @jimp/jpeg@0.16.13 want: ^0.4.2
3851 silly placeDep ROOT pngjs@3.4.0 OK for: @jimp/png@0.16.13 want: ^3.3.3
3852 silly placeDep ROOT utif@2.0.1 OK for: @jimp/tiff@0.16.13 want: ^2.0.1
3853 silly fetch manifest pako@^1.0.5
3854 silly packumentCache full:https://registry.npmjs.org/pako cache-miss
3855 http fetch GET 200 https://registry.npmjs.org/pako 142ms (cache miss)
3856 silly packumentCache full:https://registry.npmjs.org/pako set size:undefined disposed:false
3857 silly placeDep ROOT base64-js@1.5.1 OK for: buffer@5.7.1 want: ^1.3.1
3858 silly placeDep ROOT ieee754@1.2.1 OK for: buffer@5.7.1 want: ^1.1.13
3859 silly placeDep ROOT readable-web-to-node-stream@3.0.4 OK for: file-type@16.5.4 want: ^3.0.0
3860 silly placeDep ROOT strtok3@6.3.0 OK for: file-type@16.5.4 want: ^6.2.4
3861 silly placeDep ROOT token-types@4.2.1 OK for: file-type@16.5.4 want: ^4.1.1
3862 silly fetch manifest readable-stream@^4.7.0
3863 silly packumentCache full:https://registry.npmjs.org/readable-stream cache-hit
3864 silly fetch manifest peek-readable@^4.1.0
3865 silly packumentCache full:https://registry.npmjs.org/peek-readable cache-miss
3866 http fetch GET 200 https://registry.npmjs.org/peek-readable 464ms (cache miss)
3867 silly packumentCache full:https://registry.npmjs.org/peek-readable set size:undefined disposed:false
3868 silly placeDep ROOT image-q@4.0.0 OK for: gifwrap@0.9.4 want: ^4.0.0
3869 silly fetch manifest @types/node@16.9.1
3870 silly packumentCache full:https://registry.npmjs.org/@types%2fnode cache-miss
3871 http cache https://registry.npmjs.org/@types%2fnode 202ms (cache hit)
3872 silly packumentCache full:https://registry.npmjs.org/@types%2fnode set size:11157642 disposed:false
3873 silly placeDep node_modules/image-q @types/node@16.9.1 OK for: image-q@4.0.0 want: 16.9.1
3874 silly placeDep ROOT argparse@2.0.1 OK for: js-yaml@4.3.2 want: ^2.0.1
3875 silly fetch manifest utf-8-validate@^5.0.2
3876 silly packumentCache full:https://registry.npmjs.org/utf-8-validate cache-miss
3877 http cache https://registry.npmjs.org/utf-8-validate 24ms (cache hit)
3878 silly packumentCache full:https://registry.npmjs.org/utf-8-validate set size:77012 disposed:false
3879 silly placeDep ROOT abab@2.0.6 OK for: jsdom@16.7.0 want: ^2.0.5
3880 silly placeDep ROOT acorn-globals@6.0.0 OK for: jsdom@16.7.0 want: ^6.0.0
3881 silly placeDep ROOT cssom@0.4.4 OK for: jsdom@16.7.0 want: ^0.4.4
3882 silly placeDep ROOT cssstyle@2.3.0 OK for: jsdom@16.7.0 want: ^2.3.0
3883 silly placeDep ROOT data-urls@2.0.0 OK for: jsdom@16.7.0 want: ^2.0.0
3884 silly placeDep ROOT decimal.js@10.6.0 OK for: jsdom@16.7.0 want: ^10.2.1
3885 silly placeDep ROOT domexception@2.0.1 OK for: jsdom@16.7.0 want: ^2.0.1
3886 silly placeDep ROOT escodegen@2.1.0 OK for: jsdom@16.7.0 want: ^2.0.0
3887 silly placeDep node_modules/jsdom form-data@3.0.5 OK for: jsdom@16.7.0 want: ^3.0.0
3888 silly placeDep ROOT html-encoding-sniffer@2.0.1 OK for: jsdom@16.7.0 want: ^2.0.1
3889 silly placeDep ROOT http-proxy-agent@4.0.1 OK for: jsdom@16.7.0 want: ^4.0.1
3890 silly placeDep ROOT is-potential-custom-element-name@1.0.1 OK for: jsdom@16.7.0 want: ^1.0.1
3891 silly placeDep ROOT nwsapi@2.2.28 OK for: jsdom@16.7.0 want: ^2.2.0
3892 silly placeDep node_modules/jsdom parse5@6.0.1 OK for: jsdom@16.7.0 want: 6.0.1
3893 silly placeDep ROOT saxes@5.0.1 OK for: jsdom@16.7.0 want: ^5.0.1
3894 silly placeDep ROOT symbol-tree@3.2.4 OK for: jsdom@16.7.0 want: ^3.2.4
3895 silly placeDep ROOT tough-cookie@4.1.4 OK for: jsdom@16.7.0 want: ^4.0.0
3896 silly placeDep ROOT w3c-hr-time@1.0.2 OK for: jsdom@16.7.0 want: ^1.0.2
3897 silly placeDep ROOT w3c-xmlserializer@2.0.0 OK for: jsdom@16.7.0 want: ^2.0.0
3898 silly placeDep ROOT webidl-conversions@6.1.0 OK for: jsdom@16.7.0 want: ^6.1.0
3899 silly placeDep node_modules/jsdom whatwg-encoding@1.0.5 OK for: jsdom@16.7.0 want: ^1.0.5
3900 silly placeDep node_modules/jsdom whatwg-mimetype@2.3.0 OK for: jsdom@16.7.0 want: ^2.3.0
3901 silly placeDep ROOT whatwg-url@8.7.0 OK for: jsdom@16.7.0 want: ^8.5.0
3902 silly placeDep node_modules/jsdom ws@7.5.13 OK for: jsdom@16.7.0 want: ^7.4.6
3903 silly placeDep ROOT xml-name-validator@3.0.0 OK for: jsdom@16.7.0 want: ^3.0.0
3904 silly fetch manifest acorn@^7.1.1
3905 silly packumentCache full:https://registry.npmjs.org/acorn cache-hit
3906 silly fetch manifest acorn-walk@^7.1.1
3907 silly packumentCache full:https://registry.npmjs.org/acorn-walk cache-miss
3908 silly fetch manifest cssom@~0.3.6
3909 silly packumentCache full:https://registry.npmjs.org/cssom cache-miss
3910 silly fetch manifest whatwg-url@^8.0.0
3911 silly packumentCache full:https://registry.npmjs.org/whatwg-url cache-miss
3912 silly fetch manifest webidl-conversions@^5.0.0
3913 silly packumentCache full:https://registry.npmjs.org/webidl-conversions cache-miss
3914 silly fetch manifest esprima@^4.0.1
3915 silly packumentCache full:https://registry.npmjs.org/esprima cache-miss
3916 silly fetch manifest @tootallnate/once@1
3917 silly packumentCache full:https://registry.npmjs.org/@tootallnate%2fonce cache-miss
3918 http cache https://registry.npmjs.org/whatwg-url 102ms (cache hit)
3919 silly packumentCache full:https://registry.npmjs.org/whatwg-url set size:183026 disposed:false
3920 silly fetch manifest xmlchars@^2.2.0
3921 silly packumentCache full:https://registry.npmjs.org/xmlchars cache-miss
3922 http cache https://registry.npmjs.org/webidl-conversions 139ms (cache hit)
3923 silly packumentCache full:https://registry.npmjs.org/webidl-conversions set size:46073 disposed:false
3924 silly fetch manifest psl@^1.1.33
3925 silly packumentCache full:https://registry.npmjs.org/psl cache-miss
3926 http cache https://registry.npmjs.org/cssom 190ms (cache hit)
3927 silly packumentCache full:https://registry.npmjs.org/cssom set size:42138 disposed:false
3928 silly fetch manifest punycode@^2.1.1
3929 silly packumentCache full:https://registry.npmjs.org/punycode cache-miss
3930 http cache https://registry.npmjs.org/acorn-walk 218ms (cache hit)
3931 silly packumentCache full:https://registry.npmjs.org/acorn-walk set size:49813 disposed:false
3932 silly fetch manifest url-parse@^1.5.3
3933 silly packumentCache full:https://registry.npmjs.org/url-parse cache-miss
3934 http cache https://registry.npmjs.org/esprima 211ms (cache hit)
3935 silly packumentCache full:https://registry.npmjs.org/esprima set size:118410 disposed:false
3936 silly fetch manifest universalify@^0.2.0
3937 silly packumentCache full:https://registry.npmjs.org/universalify cache-miss
3938 http fetch GET 200 https://registry.npmjs.org/@tootallnate%2fonce 300ms (cache miss)
3939 silly packumentCache full:https://registry.npmjs.org/@tootallnate%2fonce set size:undefined disposed:false
3940 silly fetch manifest browser-process-hrtime@^1.0.0
3941 silly packumentCache full:https://registry.npmjs.org/browser-process-hrtime cache-miss
3942 http fetch GET 200 https://registry.npmjs.org/xmlchars 210ms (cache miss)
3943 silly packumentCache full:https://registry.npmjs.org/xmlchars set size:undefined disposed:false
3944 silly fetch manifest iconv-lite@0.4.24
3945 silly packumentCache full:https://registry.npmjs.org/iconv-lite cache-hit
3946 silly fetch manifest tr46@^2.1.0
3947 silly packumentCache full:https://registry.npmjs.org/tr46 cache-miss
3948 http cache https://registry.npmjs.org/punycode 206ms (cache hit)
3949 silly packumentCache full:https://registry.npmjs.org/punycode set size:61278 disposed:false
3950 http fetch GET 200 https://registry.npmjs.org/psl 321ms (cache miss)
3951 silly packumentCache full:https://registry.npmjs.org/psl set size:undefined disposed:false
3952 http fetch GET 200 https://registry.npmjs.org/universalify 239ms (cache miss)
3953 silly packumentCache full:https://registry.npmjs.org/universalify set size:undefined disposed:false
3954 http fetch GET 200 https://registry.npmjs.org/browser-process-hrtime 175ms (cache miss)
3955 silly packumentCache full:https://registry.npmjs.org/browser-process-hrtime set size:undefined disposed:false
3956 http fetch GET 200 https://registry.npmjs.org/url-parse 306ms (cache miss)
3957 silly packumentCache full:https://registry.npmjs.org/url-parse set size:undefined disposed:false
3958 http fetch GET 200 https://registry.npmjs.org/tr46 187ms (cache miss)
3959 silly packumentCache full:https://registry.npmjs.org/tr46 set size:undefined disposed:false
3960 silly placeDep node_modules/acorn-globals acorn@7.4.1 OK for: acorn-globals@6.0.0 want: ^7.1.1
3961 silly placeDep ROOT acorn-walk@7.2.0 OK for: acorn-globals@6.0.0 want: ^7.1.1
3962 silly placeDep node_modules/cssstyle cssom@0.3.8 OK for: cssstyle@2.3.0 want: ~0.3.6
3963 silly placeDep node_modules/data-urls whatwg-mimetype@2.3.0 OK for: data-urls@2.0.0 want: ^2.3.0
3964 silly placeDep node_modules/domexception webidl-conversions@5.0.0 OK for: domexception@2.0.1 want: ^5.0.0
3965 silly placeDep ROOT esprima@4.0.1 OK for: escodegen@2.1.0 want: ^4.0.1
3966 silly placeDep node_modules/html-encoding-sniffer whatwg-encoding@1.0.5 OK for: html-encoding-sniffer@2.0.1 want: ^1.0.5
3967 silly placeDep ROOT @tootallnate/once@1.1.2 OK for: http-proxy-agent@4.0.1 want: 1
3968 silly placeDep ROOT jsonparse@1.3.1 OK for: JSONStream@1.3.5 want: ^1.2.0
3969 silly placeDep ROOT through@2.3.8 OK for: JSONStream@1.3.5 want: >=2.2.7 <3
3970 silly placeDep ROOT @keyv/serialize@1.1.1 OK for: keyv@5.6.0 want: ^1.1.1
3971 silly placeDep ROOT prelude-ls@1.2.1 OK for: levn@0.4.1 want: ^1.2.1
3972 silly placeDep ROOT type-check@0.4.0 OK for: levn@0.4.1 want: ~0.4.0
3973 silly placeDep ROOT curve25519-js@0.0.4 OK for: libsignal-node@2.0.1 want: ^0.0.4
3974 silly placeDep node_modules/libsignal protobufjs@6.8.8 OK for: libsignal-node@2.0.1 want: 6.8.8
3975 silly fetch manifest @types/long@^4.0.0
3976 silly packumentCache full:https://registry.npmjs.org/@types%2flong cache-miss
3977 silly fetch manifest @types/node@^10.1.0
3978 silly packumentCache full:https://registry.npmjs.org/@types%2fnode cache-miss
3979 http cache https://registry.npmjs.org/@types%2flong 45ms (cache hit)
3980 silly packumentCache full:https://registry.npmjs.org/@types%2flong set size:28711 disposed:false
3981 http cache https://registry.npmjs.org/@types%2fnode 153ms (cache hit)
3982 silly packumentCache full:https://registry.npmjs.org/@types%2fnode set size:11157642 disposed:false
3983 silly placeDep node_modules/link-preview-js cheerio@1.0.0-rc.11 OK for: link-preview-js@3.2.0 want: 1.0.0-rc.11
3984 silly placeDep ROOT url@0.11.0 OK for: link-preview-js@3.2.0 want: 0.11.0
3985 silly fetch manifest htmlparser2@^8.0.1
3986 silly packumentCache full:https://registry.npmjs.org/htmlparser2 cache-miss
3987 silly fetch manifest punycode@1.3.2
3988 silly packumentCache full:https://registry.npmjs.org/punycode cache-hit
3989 silly fetch manifest querystring@0.2.0
3990 silly packumentCache full:https://registry.npmjs.org/querystring cache-miss
3991 http cache https://registry.npmjs.org/htmlparser2 46ms (cache hit)
3992 silly packumentCache full:https://registry.npmjs.org/htmlparser2 set size:176895 disposed:false
3993 http fetch GET 200 https://registry.npmjs.org/querystring 105ms (cache miss)
3994 silly packumentCache full:https://registry.npmjs.org/querystring set size:undefined disposed:false
3995 silly placeDep ROOT buffer-equal@0.0.1 OK for: load-bmfont@1.4.2 want: 0.0.1
3996 silly placeDep ROOT mime@1.6.0 OK for: load-bmfont@1.4.2 want: ^1.3.4
3997 silly placeDep ROOT parse-bmfont-ascii@1.0.6 OK for: load-bmfont@1.4.2 want: ^1.0.3
3998 silly placeDep ROOT parse-bmfont-binary@1.0.6 OK for: load-bmfont@1.4.2 want: ^1.0.5
3999 silly placeDep ROOT parse-bmfont-xml@1.1.6 OK for: load-bmfont@1.4.2 want: ^1.1.4
4000 silly placeDep node_modules/load-bmfont phin@3.7.1 OK for: load-bmfont@1.4.2 want: ^3.7.1
4001 silly placeDep ROOT xhr@2.6.0 OK for: load-bmfont@1.4.2 want: ^2.0.1
4002 silly placeDep ROOT xtend@4.0.2 OK for: load-bmfont@1.4.2 want: ^4.0.0
4003 silly fetch manifest xml-parse-from-string@^1.0.0
4004 silly packumentCache full:https://registry.npmjs.org/xml-parse-from-string cache-miss
4005 silly fetch manifest xml2js@^0.5.0
4006 silly packumentCache full:https://registry.npmjs.org/xml2js cache-miss
4007 silly fetch manifest centra@^2.7.0
4008 silly packumentCache full:https://registry.npmjs.org/centra cache-miss
4009 silly fetch manifest global@~4.4.0
4010 silly packumentCache full:https://registry.npmjs.org/global cache-miss
4011 silly fetch manifest is-function@^1.0.1
4012 silly packumentCache full:https://registry.npmjs.org/is-function cache-miss
4013 silly fetch manifest parse-headers@^2.0.0
4014 silly packumentCache full:https://registry.npmjs.org/parse-headers cache-miss
4015 http fetch GET 200 https://registry.npmjs.org/xml-parse-from-string 336ms (cache miss)
4016 silly packumentCache full:https://registry.npmjs.org/xml-parse-from-string set size:undefined disposed:false
4017 http fetch GET 200 https://registry.npmjs.org/is-function 342ms (cache miss)
4018 silly packumentCache full:https://registry.npmjs.org/is-function set size:undefined disposed:false
4019 http fetch GET 200 https://registry.npmjs.org/centra 365ms (cache miss)
4020 silly packumentCache full:https://registry.npmjs.org/centra set size:undefined disposed:false
4021 http fetch GET 200 https://registry.npmjs.org/global 374ms (cache miss)
4022 silly packumentCache full:https://registry.npmjs.org/global set size:undefined disposed:false
4023 http fetch GET 200 https://registry.npmjs.org/parse-headers 380ms (cache miss)
4024 silly packumentCache full:https://registry.npmjs.org/parse-headers set size:undefined disposed:false
4025 http fetch GET 200 https://registry.npmjs.org/xml2js 415ms (cache miss)
4026 silly packumentCache full:https://registry.npmjs.org/xml2js set size:undefined disposed:false
4027 silly placeDep ROOT p-locate@5.0.0 OK for: locate-path@6.0.0 want: ^5.0.0
4028 silly fetch manifest p-limit@^3.0.2
4029 silly packumentCache full:https://registry.npmjs.org/p-limit cache-miss
4030 http fetch GET 200 https://registry.npmjs.org/p-limit 111ms (cache miss)
4031 silly packumentCache full:https://registry.npmjs.org/p-limit set size:undefined disposed:false
4032 silly placeDep node_modules/make-dir semver@7.8.5 OK for: make-dir@4.0.0 want: ^7.5.3
4033 silly placeDep ROOT @types/minimist@1.2.5 OK for: meow@8.1.2 want: ^1.2.0
4034 silly placeDep ROOT camelcase-keys@6.2.2 OK for: meow@8.1.2 want: ^6.2.2
4035 silly placeDep ROOT decamelize-keys@1.1.1 OK for: meow@8.1.2 want: ^1.1.0
4036 silly placeDep ROOT hard-rejection@2.1.0 OK for: meow@8.1.2 want: ^2.1.0
4037 silly placeDep ROOT minimist-options@4.1.0 OK for: meow@8.1.2 want: 4.1.0
4038 silly placeDep node_modules/meow read-pkg-up@7.0.1 OK for: meow@8.1.2 want: ^7.0.1
4039 silly placeDep ROOT redent@3.0.0 OK for: meow@8.1.2 want: ^3.0.0
4040 silly placeDep ROOT trim-newlines@3.0.1 OK for: meow@8.1.2 want: ^3.0.0
4041 silly placeDep node_modules/meow type-fest@0.18.1 OK for: meow@8.1.2 want: ^0.18.0
4042 silly placeDep ROOT yargs-parser@20.2.9 OK for: meow@8.1.2 want: ^20.2.3
4043 silly fetch manifest map-obj@^4.0.0
4044 silly packumentCache full:https://registry.npmjs.org/map-obj cache-miss
4045 silly fetch manifest quick-lru@^4.0.1
4046 silly packumentCache full:https://registry.npmjs.org/quick-lru cache-miss
4047 silly fetch manifest map-obj@^1.0.0
4048 silly packumentCache full:https://registry.npmjs.org/map-obj cache-miss
4049 silly fetch manifest decamelize@^1.1.0
4050 silly packumentCache full:https://registry.npmjs.org/decamelize cache-miss
4051 silly fetch manifest arrify@^1.0.1
4052 silly packumentCache full:https://registry.npmjs.org/arrify cache-miss
4053 silly fetch manifest is-plain-obj@^1.1.0
4054 silly packumentCache full:https://registry.npmjs.org/is-plain-obj cache-miss
4055 http fetch GET 200 https://registry.npmjs.org/arrify 200ms (cache miss)
4056 silly packumentCache full:https://registry.npmjs.org/arrify set size:undefined disposed:false
4057 silly fetch manifest kind-of@^6.0.3
4058 silly packumentCache full:https://registry.npmjs.org/kind-of cache-miss
4059 http fetch GET 200 https://registry.npmjs.org/map-obj 232ms (cache miss)
4060 silly packumentCache full:https://registry.npmjs.org/map-obj set size:undefined disposed:false
4061 silly fetch manifest read-pkg@^5.2.0
4062 silly packumentCache full:https://registry.npmjs.org/read-pkg cache-miss
4063 http fetch GET 200 https://registry.npmjs.org/decamelize 246ms (cache miss)
4064 silly packumentCache full:https://registry.npmjs.org/decamelize set size:undefined disposed:false
4065 silly fetch manifest type-fest@^0.8.1
4066 silly packumentCache full:https://registry.npmjs.org/type-fest cache-hit
4067 silly fetch manifest indent-string@^4.0.0
4068 silly packumentCache full:https://registry.npmjs.org/indent-string cache-miss
4069 http fetch GET 200 https://registry.npmjs.org/is-plain-obj 294ms (cache miss)
4070 silly packumentCache full:https://registry.npmjs.org/is-plain-obj set size:undefined disposed:false
4071 silly fetch manifest strip-indent@^3.0.0
4072 silly packumentCache full:https://registry.npmjs.org/strip-indent cache-miss
4073 http fetch GET 200 https://registry.npmjs.org/quick-lru 324ms (cache miss)
4074 silly packumentCache full:https://registry.npmjs.org/quick-lru set size:undefined disposed:false
4075 http fetch GET 200 https://registry.npmjs.org/map-obj 353ms (cache miss)
4076 silly packumentCache full:https://registry.npmjs.org/map-obj set size:undefined disposed:false
4077 http cache https://registry.npmjs.org/read-pkg 150ms (cache hit)
4078 silly packumentCache full:https://registry.npmjs.org/read-pkg set size:43912 disposed:false
4079 http fetch GET 200 https://registry.npmjs.org/kind-of 192ms (cache miss)
4080 silly packumentCache full:https://registry.npmjs.org/kind-of set size:undefined disposed:false
4081 http fetch GET 200 https://registry.npmjs.org/indent-string 190ms (cache miss)
4082 silly packumentCache full:https://registry.npmjs.org/indent-string set size:undefined disposed:false
4083 http fetch GET 200 https://registry.npmjs.org/strip-indent 241ms (cache miss)
4084 silly packumentCache full:https://registry.npmjs.org/strip-indent set size:undefined disposed:false
4085 silly placeDep ROOT map-obj@4.3.0 OK for: camelcase-keys@6.2.2 want: ^4.0.0
4086 silly placeDep ROOT quick-lru@4.0.1 OK for: camelcase-keys@6.2.2 want: ^4.0.1
4087 silly placeDep ROOT decamelize@1.2.0 OK for: decamelize-keys@1.1.1 want: ^1.1.0
4088 silly placeDep node_modules/decamelize-keys map-obj@1.0.1 OK for: decamelize-keys@1.1.1 want: ^1.0.0
4089 silly placeDep ROOT braces@3.0.3 OK for: micromatch@4.0.8 want: ^3.0.3
4090 silly fetch manifest fill-range@^7.1.1
4091 silly packumentCache full:https://registry.npmjs.org/fill-range cache-miss
4092 http fetch GET 200 https://registry.npmjs.org/fill-range 108ms (cache miss)
4093 silly packumentCache full:https://registry.npmjs.org/fill-range set size:undefined disposed:false
4094 silly placeDep ROOT fill-range@7.1.1 OK for: braces@3.0.3 want: ^7.1.1
4095 silly fetch manifest to-regex-range@^5.0.1
4096 silly packumentCache full:https://registry.npmjs.org/to-regex-range cache-miss
4097 http fetch GET 200 https://registry.npmjs.org/to-regex-range 111ms (cache miss)
4098 silly packumentCache full:https://registry.npmjs.org/to-regex-range set size:undefined disposed:false
4099 silly placeDep ROOT to-regex-range@5.0.1 OK for: fill-range@7.1.1 want: ^5.0.1
4100 silly fetch manifest is-number@^7.0.0
4101 silly packumentCache full:https://registry.npmjs.org/is-number cache-miss
4102 http fetch GET 200 https://registry.npmjs.org/is-number 90ms (cache miss)
4103 silly packumentCache full:https://registry.npmjs.org/is-number set size:undefined disposed:false
4104 silly placeDep ROOT mime-db@1.52.0 OK for: mime-types@2.1.35 want: 1.52.0
4105 silly placeDep ROOT brace-expansion@1.1.21 OK for: minimatch@3.1.5 want: ^1.1.7
4106 silly fetch manifest concat-map@0.0.1
4107 silly packumentCache full:https://registry.npmjs.org/concat-map cache-miss
4108 silly fetch manifest balanced-match@^1.0.0
4109 silly packumentCache full:https://registry.npmjs.org/balanced-match cache-miss
4110 http fetch GET 200 https://registry.npmjs.org/concat-map 101ms (cache miss)
4111 silly packumentCache full:https://registry.npmjs.org/concat-map set size:undefined disposed:false
4112 http fetch GET 200 https://registry.npmjs.org/balanced-match 106ms (cache miss)
4113 silly packumentCache full:https://registry.npmjs.org/balanced-match set size:undefined disposed:false
4114 silly placeDep ROOT balanced-match@1.0.2 OK for: brace-expansion@1.1.21 want: ^1.0.0
4115 silly placeDep ROOT concat-map@0.0.1 OK for: brace-expansion@1.1.21 want: 0.0.1
4116 silly placeDep ROOT arrify@1.0.1 OK for: minimist-options@4.1.0 want: ^1.0.1
4117 silly placeDep ROOT is-plain-obj@1.1.0 OK for: minimist-options@4.1.0 want: ^1.1.0
4118 silly placeDep ROOT kind-of@6.0.3 OK for: minimist-options@4.1.0 want: ^6.0.3
4119 silly placeDep ROOT @tokenizer/token@0.3.0 OK for: music-metadata@7.14.0 want: ^0.3.0
4120 silly placeDep ROOT content-type@1.0.5 OK for: music-metadata@7.14.0 want: ^1.0.5
4121 silly placeDep ROOT media-typer@1.1.1 OK for: music-metadata@7.14.0 want: ^1.1.0
4122 silly placeDep ROOT is-core-module@2.17.0 OK for: normalize-package-data@3.0.3 want: ^2.5.0
4123 silly placeDep node_modules/normalize-package-data semver@7.8.5 OK for: normalize-package-data@3.0.3 want: ^7.3.4
4124 silly placeDep ROOT validate-npm-package-license@3.0.4 OK for: normalize-package-data@3.0.3 want: ^3.0.1
4125 silly fetch manifest spdx-correct@^3.0.0
4126 silly packumentCache full:https://registry.npmjs.org/spdx-correct cache-miss
4127 silly fetch manifest spdx-expression-parse@^3.0.0
4128 silly packumentCache full:https://registry.npmjs.org/spdx-expression-parse cache-miss
4129 http fetch GET 200 https://registry.npmjs.org/spdx-correct 155ms (cache miss)
4130 silly packumentCache full:https://registry.npmjs.org/spdx-correct set size:undefined disposed:false
4131 http fetch GET 200 https://registry.npmjs.org/spdx-expression-parse 167ms (cache miss)
4132 silly packumentCache full:https://registry.npmjs.org/spdx-expression-parse set size:undefined disposed:false
4133 silly placeDep ROOT mimic-fn@2.1.0 OK for: onetime@5.1.2 want: ^2.1.0
4134 silly placeDep ROOT define-lazy-prop@2.0.0 OK for: open@8.4.2 want: ^2.0.0
4135 silly placeDep ROOT is-docker@2.2.1 OK for: open@8.4.2 want: ^2.1.1
4136 silly placeDep ROOT is-wsl@2.2.0 OK for: open@8.4.2 want: ^2.2.0
4137 silly placeDep ROOT deep-is@0.1.4 OK for: optionator@0.9.4 want: ^0.1.3
4138 silly placeDep ROOT fast-levenshtein@2.0.6 OK for: optionator@0.9.4 want: ^2.0.6
4139 silly placeDep ROOT word-wrap@1.2.5 OK for: optionator@0.9.4 want: ^1.2.5
4140 silly placeDep ROOT @oxlint/binding-android-arm-eabi@1.86.0 OK for: oxlint@1.86.0 want: 1.86.0
4141 silly placeDep ROOT @oxlint/binding-android-arm64@1.86.0 OK for: oxlint@1.86.0 want: 1.86.0
4142 silly placeDep ROOT @oxlint/binding-darwin-arm64@1.86.0 OK for: oxlint@1.86.0 want: 1.86.0
4143 silly placeDep ROOT @oxlint/binding-darwin-x64@1.86.0 OK for: oxlint@1.86.0 want: 1.86.0
4144 silly placeDep ROOT @oxlint/binding-freebsd-x64@1.86.0 OK for: oxlint@1.86.0 want: 1.86.0
4145 silly placeDep ROOT @oxlint/binding-linux-arm-gnueabihf@1.86.0 OK for: oxlint@1.86.0 want: 1.86.0
4146 silly placeDep ROOT @oxlint/binding-linux-arm-musleabihf@1.86.0 OK for: oxlint@1.86.0 want: 1.86.0
4147 silly placeDep ROOT @oxlint/binding-linux-arm64-gnu@1.86.0 OK for: oxlint@1.86.0 want: 1.86.0
4148 silly placeDep ROOT @oxlint/binding-linux-arm64-musl@1.86.0 OK for: oxlint@1.86.0 want: 1.86.0
4149 silly placeDep ROOT @oxlint/binding-linux-ppc64-gnu@1.86.0 OK for: oxlint@1.86.0 want: 1.86.0
4150 silly placeDep ROOT @oxlint/binding-linux-riscv64-gnu@1.86.0 OK for: oxlint@1.86.0 want: 1.86.0
4151 silly placeDep ROOT @oxlint/binding-linux-riscv64-musl@1.86.0 OK for: oxlint@1.86.0 want: 1.86.0
4152 silly placeDep ROOT @oxlint/binding-linux-s390x-gnu@1.86.0 OK for: oxlint@1.86.0 want: 1.86.0
4153 silly placeDep ROOT @oxlint/binding-linux-x64-gnu@1.86.0 OK for: oxlint@1.86.0 want: 1.86.0
4154 silly placeDep ROOT @oxlint/binding-linux-x64-musl@1.86.0 OK for: oxlint@1.86.0 want: 1.86.0
4155 silly placeDep ROOT @oxlint/binding-openharmony-arm64@1.86.0 OK for: oxlint@1.86.0 want: 1.86.0
4156 silly placeDep ROOT @oxlint/binding-win32-arm64-msvc@1.86.0 OK for: oxlint@1.86.0 want: 1.86.0
4157 silly placeDep ROOT @oxlint/binding-win32-ia32-msvc@1.86.0 OK for: oxlint@1.86.0 want: 1.86.0
4158 silly placeDep ROOT @oxlint/binding-win32-x64-msvc@1.86.0 OK for: oxlint@1.86.0 want: 1.86.0
4159 silly placeDep ROOT @oxlint-tsgolint/darwin-arm64@7.0.2003 OK for: oxlint-tsgolint@7.0.2003 want: 7.0.2003
4160 silly placeDep ROOT @oxlint-tsgolint/darwin-x64@7.0.2003 OK for: oxlint-tsgolint@7.0.2003 want: 7.0.2003
4161 silly placeDep ROOT @oxlint-tsgolint/linux-arm64@7.0.2003 OK for: oxlint-tsgolint@7.0.2003 want: 7.0.2003
4162 silly placeDep ROOT @oxlint-tsgolint/linux-x64@7.0.2003 OK for: oxlint-tsgolint@7.0.2003 want: 7.0.2003
4163 silly placeDep ROOT @oxlint-tsgolint/win32-arm64@7.0.2003 OK for: oxlint-tsgolint@7.0.2003 want: 7.0.2003
4164 silly placeDep ROOT @oxlint-tsgolint/win32-x64@7.0.2003 OK for: oxlint-tsgolint@7.0.2003 want: 7.0.2003
4165 silly placeDep ROOT p-limit@3.1.0 OK for: p-locate@5.0.0 want: ^3.0.2
4166 silly fetch manifest yocto-queue@^0.1.0
4167 silly packumentCache full:https://registry.npmjs.org/yocto-queue cache-miss
4168 http fetch GET 200 https://registry.npmjs.org/yocto-queue 161ms (cache miss)
4169 silly packumentCache full:https://registry.npmjs.org/yocto-queue set size:undefined disposed:false
4170 silly placeDep ROOT yocto-queue@0.1.0 OK for: p-limit@3.1.0 want: ^0.1.0
4171 silly placeDep ROOT xml-parse-from-string@1.0.1 OK for: parse-bmfont-xml@1.1.6 want: ^1.0.0
4172 silly placeDep ROOT xml2js@0.5.0 OK for: parse-bmfont-xml@1.1.6 want: ^0.5.0
4173 silly fetch manifest sax@>=0.6.0
4174 silly packumentCache full:https://registry.npmjs.org/sax cache-miss
4175 silly fetch manifest xmlbuilder@~11.0.0
4176 silly packumentCache full:https://registry.npmjs.org/xmlbuilder cache-miss
4177 http fetch GET 200 https://registry.npmjs.org/sax 128ms (cache miss)
4178 silly packumentCache full:https://registry.npmjs.org/sax set size:undefined disposed:false
4179 http fetch GET 200 https://registry.npmjs.org/xmlbuilder 162ms (cache miss)
4180 silly packumentCache full:https://registry.npmjs.org/xmlbuilder set size:undefined disposed:false
4181 silly placeDep ROOT error-ex@1.3.4 OK for: parse-json@5.2.0 want: ^1.3.1
4182 silly placeDep ROOT json-parse-even-better-errors@2.3.1 OK for: parse-json@5.2.0 want: ^2.3.0
4183 silly placeDep ROOT lines-and-columns@1.2.4 OK for: parse-json@5.2.0 want: ^1.1.6
4184 silly fetch manifest is-arrayish@^0.2.1
4185 silly packumentCache full:https://registry.npmjs.org/is-arrayish cache-miss
4186 http fetch GET 200 https://registry.npmjs.org/is-arrayish 91ms (cache miss)
4187 silly packumentCache full:https://registry.npmjs.org/is-arrayish set size:undefined disposed:false
4188 silly placeDep ROOT is-arrayish@0.2.1 OK for: error-ex@1.3.4 want: ^0.2.1
4189 silly placeDep node_modules/parse5 entities@6.0.1 OK for: parse5@7.3.0 want: ^6.0.0
4190 silly placeDep ROOT @pinojs/redact@0.4.0 OK for: pino@9.14.0 want: ^0.4.0
4191 silly placeDep ROOT atomic-sleep@1.0.0 OK for: pino@9.14.0 want: ^1.0.0
4192 silly placeDep ROOT on-exit-leak-free@2.1.2 OK for: pino@9.14.0 want: ^2.1.0
4193 silly placeDep ROOT pino-abstract-transport@2.0.0 OK for: pino@9.14.0 want: ^2.0.0
4194 silly placeDep ROOT pino-std-serializers@7.1.0 OK for: pino@9.14.0 want: ^7.0.0
4195 silly placeDep ROOT process-warning@5.1.0 OK for: pino@9.14.0 want: ^5.0.0
4196 silly placeDep ROOT quick-format-unescaped@4.0.4 OK for: pino@9.14.0 want: ^4.0.3
4197 silly placeDep ROOT real-require@0.2.0 OK for: pino@9.14.0 want: ^0.2.0
4198 silly placeDep ROOT safe-stable-stringify@2.5.0 OK for: pino@9.14.0 want: ^2.3.1
4199 silly placeDep ROOT sonic-boom@4.2.1 OK for: pino@9.14.0 want: ^4.0.1
4200 silly placeDep ROOT thread-stream@3.2.0 OK for: pino@9.14.0 want: ^3.0.0
4201 silly fetch manifest split2@^4.0.0
4202 silly packumentCache full:https://registry.npmjs.org/split2 cache-miss
4203 http cache https://registry.npmjs.org/split2 33ms (cache hit)
4204 silly packumentCache full:https://registry.npmjs.org/split2 set size:47438 disposed:false
4205 silly placeDep node_modules/pino-abstract-transport split2@4.2.0 OK for: pino-abstract-transport@2.0.0 want: ^4.0.0
4206 silly placeDep node_modules/pkg-dir find-up@4.1.0 OK for: pkg-dir@4.2.0 want: ^4.0.0
4207 silly placeDep ROOT ansi-regex@5.0.1 OK for: pretty-format@27.5.1 want: ^5.0.1
4208 silly placeDep node_modules/pretty-format ansi-styles@5.2.0 OK for: pretty-format@27.5.1 want: ^5.0.0
4209 silly placeDep ROOT react-is@17.0.2 OK for: pretty-format@27.5.1 want: ^17.0.1
4210 silly placeDep ROOT kleur@3.0.3 OK for: prompts@2.4.2 want: ^3.0.3
4211 silly placeDep ROOT sisteransi@1.0.5 OK for: prompts@2.4.2 want: ^1.0.5
4212 silly placeDep ROOT @protobufjs/aspromise@1.1.2 OK for: protobufjs@6.11.6 want: ^1.1.2
4213 silly placeDep ROOT @protobufjs/base64@1.1.2 OK for: protobufjs@6.11.6 want: ^1.1.2
4214 silly placeDep ROOT @protobufjs/codegen@2.0.5 OK for: protobufjs@6.11.6 want: ^2.0.4
4215 silly placeDep ROOT @protobufjs/eventemitter@1.1.1 OK for: protobufjs@6.11.6 want: ^1.1.0
4216 silly placeDep ROOT @protobufjs/fetch@1.1.1 OK for: protobufjs@6.11.6 want: ^1.1.0
4217 silly placeDep ROOT @protobufjs/float@1.0.2 OK for: protobufjs@6.11.6 want: ^1.0.2
4218 silly placeDep ROOT @protobufjs/inquire@1.1.2 OK for: protobufjs@6.11.6 want: ^1.1.0
4219 silly placeDep ROOT @protobufjs/path@1.1.2 OK for: protobufjs@6.11.6 want: ^1.1.2
4220 silly placeDep ROOT @protobufjs/pool@1.1.0 OK for: protobufjs@6.11.6 want: ^1.1.0
4221 silly placeDep ROOT @protobufjs/utf8@1.1.2 OK for: protobufjs@6.11.6 want: ^1.1.0
4222 silly placeDep ROOT @types/long@4.0.2 OK for: protobufjs@6.11.6 want: ^4.0.1
4223 silly placeDep ROOT long@4.0.0 OK for: protobufjs@6.11.6 want: ^4.0.0
4224 silly placeDep node_modules/qified hookified@2.2.0 OK for: qified@0.10.1 want: ^2.1.1
4225 silly placeDep ROOT load-json-file@4.0.0 OK for: read-pkg@3.0.0 want: ^4.0.0
4226 silly placeDep node_modules/read-pkg normalize-package-data@2.5.0 OK for: read-pkg@3.0.0 want: ^2.3.2
4227 silly placeDep ROOT path-type@3.0.0 OK for: read-pkg@3.0.0 want: ^3.0.0
4228 silly fetch manifest parse-json@^4.0.0
4229 silly packumentCache full:https://registry.npmjs.org/parse-json cache-miss
4230 silly fetch manifest pify@^3.0.0
4231 silly packumentCache full:https://registry.npmjs.org/pify cache-miss
4232 silly fetch manifest strip-bom@^3.0.0
4233 silly packumentCache full:https://registry.npmjs.org/strip-bom cache-miss
4234 silly fetch manifest semver@2 || 3 || 4 || 5
4235 silly packumentCache full:https://registry.npmjs.org/semver cache-hit
4236 silly fetch manifest hosted-git-info@^2.1.4
4237 silly packumentCache full:https://registry.npmjs.org/hosted-git-info cache-hit
4238 silly fetch manifest pify@^3.0.0
4239 silly packumentCache full:https://registry.npmjs.org/pify cache-miss
4240 http cache https://registry.npmjs.org/pify 81ms (cache hit)
4241 silly packumentCache full:https://registry.npmjs.org/pify set size:33583 disposed:false
4242 http cache https://registry.npmjs.org/pify 78ms (cache hit)
4243 silly packumentCache full:https://registry.npmjs.org/pify set size:33583 disposed:false
4244 silly packumentCache full:https://registry.npmjs.org/pify dispose
4245 http cache https://registry.npmjs.org/parse-json 110ms (cache hit)
4246 silly packumentCache full:https://registry.npmjs.org/parse-json set size:48198 disposed:false
4247 http cache https://registry.npmjs.org/strip-bom 118ms (cache hit)
4248 silly packumentCache full:https://registry.npmjs.org/strip-bom set size:19359 disposed:false
4249 silly placeDep node_modules/load-json-file parse-json@4.0.0 OK for: load-json-file@4.0.0 want: ^4.0.0
4250 silly placeDep node_modules/load-json-file pify@3.0.0 OK for: load-json-file@4.0.0 want: ^3.0.0
4251 silly placeDep node_modules/load-json-file strip-bom@3.0.0 OK for: load-json-file@4.0.0 want: ^3.0.0
4252 silly fetch manifest json-parse-better-errors@^1.0.1
4253 silly packumentCache full:https://registry.npmjs.org/json-parse-better-errors cache-miss
4254 http fetch GET 200 https://registry.npmjs.org/json-parse-better-errors 302ms (cache miss)
4255 silly packumentCache full:https://registry.npmjs.org/json-parse-better-errors set size:undefined disposed:false
4256 silly placeDep node_modules/path-type pify@3.0.0 OK for: path-type@3.0.0 want: ^3.0.0
4257 silly placeDep node_modules/read-pkg-up find-up@2.1.0 OK for: read-pkg-up@3.0.0 want: ^2.0.0
4258 silly fetch manifest locate-path@^2.0.0
4259 silly packumentCache full:https://registry.npmjs.org/locate-path cache-hit
4260 silly placeDep ROOT readable-stream@4.7.0 OK for: readable-web-to-node-stream@3.0.4 want: ^4.7.0
4261 silly fetch manifest abort-controller@^3.0.0
4262 silly packumentCache full:https://registry.npmjs.org/abort-controller cache-miss
4263 silly fetch manifest buffer@^6.0.3
4264 silly packumentCache full:https://registry.npmjs.org/buffer cache-miss
4265 silly fetch manifest events@^3.3.0
4266 silly packumentCache full:https://registry.npmjs.org/events cache-miss
4267 silly fetch manifest process@^0.11.10
4268 silly packumentCache full:https://registry.npmjs.org/process cache-miss
4269 silly fetch manifest string_decoder@^1.3.0
4270 silly packumentCache full:https://registry.npmjs.org/string_decoder cache-miss
4271 http cache https://registry.npmjs.org/buffer 69ms (cache hit)
4272 silly packumentCache full:https://registry.npmjs.org/buffer set size:280480 disposed:false
4273 http fetch GET 200 https://registry.npmjs.org/process 172ms (cache miss)
4274 silly packumentCache full:https://registry.npmjs.org/process set size:undefined disposed:false
4275 http fetch GET 200 https://registry.npmjs.org/abort-controller 197ms (cache miss)
4276 silly packumentCache full:https://registry.npmjs.org/abort-controller set size:undefined disposed:false
4277 http fetch GET 200 https://registry.npmjs.org/string_decoder 199ms (cache miss)
4278 silly packumentCache full:https://registry.npmjs.org/string_decoder set size:undefined disposed:false
4279 http fetch GET 200 https://registry.npmjs.org/events 218ms (cache miss)
4280 silly packumentCache full:https://registry.npmjs.org/events set size:undefined disposed:false
4281 silly placeDep ROOT abort-controller@3.0.0 OK for: readable-stream@4.7.0 want: ^3.0.0
4282 silly placeDep node_modules/readable-stream buffer@6.0.3 OK for: readable-stream@4.7.0 want: ^6.0.3
4283 silly placeDep ROOT events@3.3.0 OK for: readable-stream@4.7.0 want: ^3.3.0
4284 silly placeDep ROOT process@0.11.10 OK for: readable-stream@4.7.0 want: ^0.11.10
4285 silly placeDep ROOT string_decoder@1.3.0 OK for: readable-stream@4.7.0 want: ^1.3.0
4286 silly fetch manifest event-target-shim@^5.0.0
4287 silly packumentCache full:https://registry.npmjs.org/event-target-shim cache-miss
4288 http fetch GET 200 https://registry.npmjs.org/event-target-shim 109ms (cache miss)
4289 silly packumentCache full:https://registry.npmjs.org/event-target-shim set size:undefined disposed:false
4290 silly placeDep ROOT event-target-shim@5.0.1 OK for: abort-controller@3.0.0 want: ^5.0.0
4291 silly placeDep ROOT indent-string@4.0.0 OK for: redent@3.0.0 want: ^4.0.0
4292 silly placeDep ROOT strip-indent@3.0.0 OK for: redent@3.0.0 want: ^3.0.0
4293 silly fetch manifest min-indent@^1.0.0
4294 silly packumentCache full:https://registry.npmjs.org/min-indent cache-miss
4295 http fetch GET 200 https://registry.npmjs.org/min-indent 73ms (cache miss)
4296 silly packumentCache full:https://registry.npmjs.org/min-indent set size:undefined disposed:false
4297 silly placeDep ROOT @iarna/toml@2.2.5 OK for: release-it@15.11.0 want: 2.2.5
4298 silly placeDep ROOT @octokit/rest@19.0.11 OK for: release-it@15.11.0 want: 19.0.11
4299 silly placeDep ROOT async-retry@1.3.3 OK for: release-it@15.11.0 want: 1.3.3
4300 silly placeDep node_modules/release-it chalk@5.2.0 OK for: release-it@15.11.0 want: 5.2.0
4301 silly placeDep ROOT cosmiconfig@8.1.3 OK for: release-it@15.11.0 want: 8.1.3
4302 silly placeDep node_modules/release-it execa@7.1.1 OK for: release-it@15.11.0 want: 7.1.1
4303 silly placeDep ROOT git-url-parse@13.1.0 OK for: release-it@15.11.0 want: 13.1.0
4304 silly placeDep ROOT globby@13.1.4 OK for: release-it@15.11.0 want: 13.1.4
4305 silly placeDep ROOT got@12.6.1 OK for: release-it@15.11.0 want: 12.6.1
4306 silly placeDep ROOT inquirer@9.2.6 OK for: release-it@15.11.0 want: 9.2.6
4307 silly placeDep ROOT is-ci@3.0.1 OK for: release-it@15.11.0 want: 3.0.1
4308 silly placeDep ROOT issue-parser@6.0.0 OK for: release-it@15.11.0 want: 6.0.0
4309 silly placeDep node_modules/release-it lodash@4.17.21 OK for: release-it@15.11.0 want: 4.17.21
4310 silly placeDep ROOT new-github-release-url@2.0.0 OK for: release-it@15.11.0 want: 2.0.0
4311 silly placeDep ROOT node-fetch@3.3.1 OK for: release-it@15.11.0 want: 3.3.1
4312 silly placeDep node_modules/release-it open@9.1.0 OK for: release-it@15.11.0 want: 9.1.0
4313 silly placeDep ROOT ora@6.3.1 OK for: release-it@15.11.0 want: 6.3.1
4314 silly placeDep ROOT os-name@5.1.0 OK for: release-it@15.11.0 want: 5.1.0
4315 silly placeDep ROOT promise.allsettled@1.0.6 OK for: release-it@15.11.0 want: 1.0.6
4316 silly placeDep ROOT proxy-agent@6.2.1 OK for: release-it@15.11.0 want: 6.2.1
4317 silly placeDep node_modules/release-it semver@7.5.1 OK for: release-it@15.11.0 want: 7.5.1
4318 silly placeDep ROOT shelljs@0.8.5 OK for: release-it@15.11.0 want: 0.8.5
4319 silly placeDep ROOT update-notifier@6.0.2 OK for: release-it@15.11.0 want: 6.0.2
4320 silly placeDep ROOT url-join@5.0.0 OK for: release-it@15.11.0 want: 5.0.0
4321 silly placeDep ROOT wildcard-match@5.1.2 OK for: release-it@15.11.0 want: 5.1.2
4322 silly placeDep node_modules/release-it yargs-parser@21.1.1 OK for: release-it@15.11.0 want: 21.1.1
4323 silly fetch manifest @octokit/core@^4.2.1
4324 silly packumentCache full:https://registry.npmjs.org/@octokit%2fcore cache-miss
4325 silly fetch manifest @octokit/plugin-request-log@^1.0.4
4326 silly packumentCache full:https://registry.npmjs.org/@octokit%2fplugin-request-log cache-miss
4327 silly fetch manifest @octokit/plugin-paginate-rest@^6.1.2
4328 silly packumentCache full:https://registry.npmjs.org/@octokit%2fplugin-paginate-rest cache-miss
4329 silly fetch manifest @octokit/plugin-rest-endpoint-methods@^7.1.2
4330 silly packumentCache full:https://registry.npmjs.org/@octokit%2fplugin-rest-endpoint-methods cache-miss
4331 silly fetch manifest retry@0.13.1
4332 silly packumentCache full:https://registry.npmjs.org/retry cache-miss
4333 silly fetch manifest path-type@^4.0.0
4334 silly packumentCache full:https://registry.npmjs.org/path-type cache-miss
4335 http cache https://registry.npmjs.org/path-type 92ms (cache hit)
4336 silly packumentCache full:https://registry.npmjs.org/path-type set size:15341 disposed:false
4337 silly fetch manifest onetime@^6.0.0
4338 silly packumentCache full:https://registry.npmjs.org/onetime cache-miss
4339 http cache https://registry.npmjs.org/onetime 26ms (cache hit)
4340 silly packumentCache full:https://registry.npmjs.org/onetime set size:32314 disposed:false
4341 silly fetch manifest is-stream@^3.0.0
4342 silly packumentCache full:https://registry.npmjs.org/is-stream cache-miss
4343 http fetch GET 200 https://registry.npmjs.org/@octokit%2fplugin-request-log 292ms (cache miss)
4344 silly packumentCache full:https://registry.npmjs.org/@octokit%2fplugin-request-log set size:undefined disposed:false
4345 silly fetch manifest npm-run-path@^5.1.0
4346 silly packumentCache full:https://registry.npmjs.org/npm-run-path cache-miss
4347 http fetch GET 200 https://registry.npmjs.org/retry 307ms (cache miss)
4348 silly packumentCache full:https://registry.npmjs.org/retry set size:undefined disposed:false
4349 silly fetch manifest human-signals@^4.3.0
4350 silly packumentCache full:https://registry.npmjs.org/human-signals cache-miss
4351 http cache https://registry.npmjs.org/is-stream 185ms (cache hit)
4352 silly packumentCache full:https://registry.npmjs.org/is-stream set size:18582 disposed:false
4353 silly fetch manifest strip-final-newline@^3.0.0
4354 silly packumentCache full:https://registry.npmjs.org/strip-final-newline cache-miss
4355 http fetch GET 200 https://registry.npmjs.org/@octokit%2fcore 390ms (cache miss)
4356 silly packumentCache full:https://registry.npmjs.org/@octokit%2fcore set size:undefined disposed:false
4357 silly fetch manifest git-up@^7.0.0
4358 silly packumentCache full:https://registry.npmjs.org/git-up cache-miss
4359 http cache https://registry.npmjs.org/npm-run-path 149ms (cache hit)
4360 silly packumentCache full:https://registry.npmjs.org/npm-run-path set size:33596 disposed:false
4361 silly fetch manifest slash@^4.0.0
4362 silly packumentCache full:https://registry.npmjs.org/slash cache-miss
4363 http cache https://registry.npmjs.org/human-signals 158ms (cache hit)
4364 silly packumentCache full:https://registry.npmjs.org/human-signals set size:47322 disposed:false
4365 silly fetch manifest merge2@^1.4.1
4366 silly packumentCache full:https://registry.npmjs.org/merge2 cache-miss
4367 http cache https://registry.npmjs.org/strip-final-newline 164ms (cache hit)
4368 silly packumentCache full:https://registry.npmjs.org/strip-final-newline set size:9328 disposed:false
4369 silly fetch manifest dir-glob@^3.0.1
4370 silly packumentCache full:https://registry.npmjs.org/dir-glob cache-miss
4371 http fetch GET 200 https://registry.npmjs.org/@octokit%2fplugin-paginate-rest 549ms (cache miss)
4372 silly packumentCache full:https://registry.npmjs.org/@octokit%2fplugin-paginate-rest set size:undefined disposed:false
4373 silly fetch manifest fast-glob@^3.2.11
4374 silly packumentCache full:https://registry.npmjs.org/fast-glob cache-miss
4375 http cache https://registry.npmjs.org/slash 296ms (cache hit)
4376 silly packumentCache full:https://registry.npmjs.org/slash set size:20337 disposed:false
4377 silly fetch manifest p-cancelable@^3.0.0
4378 silly packumentCache full:https://registry.npmjs.org/p-cancelable cache-miss
4379 http fetch GET 200 https://registry.npmjs.org/git-up 376ms (cache miss)
4380 silly packumentCache full:https://registry.npmjs.org/git-up set size:undefined disposed:false
4381 silly fetch manifest responselike@^3.0.0
4382 silly packumentCache full:https://registry.npmjs.org/responselike cache-miss
4383 http fetch GET 200 https://registry.npmjs.org/merge2 330ms (cache miss)
4384 silly packumentCache full:https://registry.npmjs.org/merge2 set size:undefined disposed:false
4385 silly fetch manifest http2-wrapper@^2.1.10
4386 silly packumentCache full:https://registry.npmjs.org/http2-wrapper cache-miss
4387 http fetch GET 200 https://registry.npmjs.org/dir-glob 340ms (cache miss)
4388 silly packumentCache full:https://registry.npmjs.org/dir-glob set size:undefined disposed:false
4389 silly fetch manifest lowercase-keys@^3.0.0
4390 silly packumentCache full:https://registry.npmjs.org/lowercase-keys cache-miss
4391 http fetch GET 200 https://registry.npmjs.org/@octokit%2fplugin-rest-endpoint-methods 909ms (cache miss)
4392 silly packumentCache full:https://registry.npmjs.org/@octokit%2fplugin-rest-endpoint-methods set size:undefined disposed:false
4393 silly fetch manifest @sindresorhus/is@^5.2.0
4394 silly packumentCache full:https://registry.npmjs.org/@sindresorhus%2fis cache-miss
4395 http fetch GET 200 https://registry.npmjs.org/fast-glob 372ms (cache miss)
4396 silly packumentCache full:https://registry.npmjs.org/fast-glob set size:undefined disposed:false
4397 silly fetch manifest cacheable-lookup@^7.0.0
4398 silly packumentCache full:https://registry.npmjs.org/cacheable-lookup cache-miss
4399 http fetch GET 200 https://registry.npmjs.org/p-cancelable 290ms (cache miss)
4400 silly packumentCache full:https://registry.npmjs.org/p-cancelable set size:undefined disposed:false
4401 silly fetch manifest cacheable-request@^10.2.8
4402 silly packumentCache full:https://registry.npmjs.org/cacheable-request cache-miss
4403 http fetch GET 200 https://registry.npmjs.org/responselike 272ms (cache miss)
4404 silly packumentCache full:https://registry.npmjs.org/responselike set size:undefined disposed:false
4405 silly fetch manifest form-data-encoder@^2.1.2
4406 silly packumentCache full:https://registry.npmjs.org/form-data-encoder cache-miss
4407 http fetch GET 200 https://registry.npmjs.org/lowercase-keys 277ms (cache miss)
4408 silly packumentCache full:https://registry.npmjs.org/lowercase-keys set size:undefined disposed:false
4409 silly fetch manifest decompress-response@^6.0.0
4410 silly packumentCache full:https://registry.npmjs.org/decompress-response cache-miss
4411 http fetch GET 200 https://registry.npmjs.org/http2-wrapper 332ms (cache miss)
4412 silly packumentCache full:https://registry.npmjs.org/http2-wrapper set size:undefined disposed:false
4413 silly fetch manifest @szmarczak/http-timer@^5.0.1
4414 silly packumentCache full:https://registry.npmjs.org/@szmarczak%2fhttp-timer cache-miss
4415 http fetch GET 200 https://registry.npmjs.org/@sindresorhus%2fis 354ms (cache miss)
4416 silly packumentCache full:https://registry.npmjs.org/@sindresorhus%2fis set size:undefined disposed:false
4417 silly fetch manifest ora@^5.4.1
4418 silly packumentCache full:https://registry.npmjs.org/ora cache-miss
4419 http fetch GET 200 https://registry.npmjs.org/decompress-response 248ms (cache miss)
4420 silly packumentCache full:https://registry.npmjs.org/decompress-response set size:undefined disposed:false
4421 silly fetch manifest rxjs@^7.8.1
4422 silly packumentCache full:https://registry.npmjs.org/rxjs cache-miss
4423 http fetch GET 200 https://registry.npmjs.org/cacheable-lookup 365ms (cache miss)
4424 silly packumentCache full:https://registry.npmjs.org/cacheable-lookup set size:undefined disposed:false
4425 silly fetch manifest chalk@^5.2.0
4426 silly packumentCache full:https://registry.npmjs.org/chalk cache-hit
4427 silly fetch manifest figures@^5.0.0
4428 silly packumentCache full:https://registry.npmjs.org/figures cache-miss
4429 http fetch GET 200 https://registry.npmjs.org/form-data-encoder 380ms (cache miss)
4430 silly packumentCache full:https://registry.npmjs.org/form-data-encoder set size:undefined disposed:false
4431 silly fetch manifest cli-width@^4.0.0
4432 silly packumentCache full:https://registry.npmjs.org/cli-width cache-miss
4433 http fetch GET 200 https://registry.npmjs.org/@szmarczak%2fhttp-timer 320ms (cache miss)
4434 silly packumentCache full:https://registry.npmjs.org/@szmarczak%2fhttp-timer set size:undefined disposed:false
4435 silly fetch manifest run-async@^3.0.0
4436 silly packumentCache full:https://registry.npmjs.org/run-async cache-miss
4437 http cache https://registry.npmjs.org/ora 207ms (cache hit)
4438 silly packumentCache full:https://registry.npmjs.org/ora set size:147148 disposed:false
4439 silly fetch manifest wrap-ansi@^6.0.1
4440 silly packumentCache full:https://registry.npmjs.org/wrap-ansi cache-miss
4441 http fetch GET 200 https://registry.npmjs.org/cacheable-request 531ms (cache miss)
4442 silly packumentCache full:https://registry.npmjs.org/cacheable-request set size:undefined disposed:false
4443 silly fetch manifest cli-cursor@^3.1.0
4444 silly packumentCache full:https://registry.npmjs.org/cli-cursor cache-miss
4445 http fetch GET 200 https://registry.npmjs.org/figures 256ms (cache miss)
4446 silly packumentCache full:https://registry.npmjs.org/figures set size:undefined disposed:false
4447 silly fetch manifest mute-stream@1.0.0
4448 silly packumentCache full:https://registry.npmjs.org/mute-stream cache-miss
4449 http fetch GET 200 https://registry.npmjs.org/cli-width 282ms (cache miss)
4450 silly packumentCache full:https://registry.npmjs.org/cli-width set size:undefined disposed:false
4451 silly fetch manifest string-width@^4.2.3
4452 silly packumentCache full:https://registry.npmjs.org/string-width cache-miss
4453 http fetch GET 200 https://registry.npmjs.org/run-async 271ms (cache miss)
4454 silly packumentCache full:https://registry.npmjs.org/run-async set size:undefined disposed:false
4455 silly fetch manifest external-editor@^3.0.3
4456 silly packumentCache full:https://registry.npmjs.org/external-editor cache-miss
4457 http fetch GET 200 https://registry.npmjs.org/cli-cursor 201ms (cache miss)
4458 silly packumentCache full:https://registry.npmjs.org/cli-cursor set size:undefined disposed:false
4459 silly fetch manifest lodash.uniqby@^4.7.0
4460 silly packumentCache full:https://registry.npmjs.org/lodash.uniqby cache-miss
4461 http fetch GET 200 https://registry.npmjs.org/wrap-ansi 292ms (cache miss)
4462 silly packumentCache full:https://registry.npmjs.org/wrap-ansi set size:undefined disposed:false
4463 silly fetch manifest lodash.isstring@^4.0.1
4464 silly packumentCache full:https://registry.npmjs.org/lodash.isstring cache-miss
4465 http fetch GET 200 https://registry.npmjs.org/mute-stream 192ms (cache miss)
4466 silly packumentCache full:https://registry.npmjs.org/mute-stream set size:undefined disposed:false
4467 silly fetch manifest lodash.capitalize@^4.2.1
4468 silly packumentCache full:https://registry.npmjs.org/lodash.capitalize cache-miss
4469 http cache https://registry.npmjs.org/string-width 179ms (cache hit)
4470 silly packumentCache full:https://registry.npmjs.org/string-width set size:74702 disposed:false
4471 silly fetch manifest lodash.escaperegexp@^4.1.2
4472 silly packumentCache full:https://registry.npmjs.org/lodash.escaperegexp cache-miss
4473 http fetch GET 200 https://registry.npmjs.org/lodash.uniqby 221ms (cache miss)
4474 silly packumentCache full:https://registry.npmjs.org/lodash.uniqby set size:undefined disposed:false
4475 silly fetch manifest lodash.isplainobject@^4.0.6
4476 silly packumentCache full:https://registry.npmjs.org/lodash.isplainobject cache-miss
4477 http fetch GET 200 https://registry.npmjs.org/external-editor 271ms (cache miss)
4478 silly packumentCache full:https://registry.npmjs.org/external-editor set size:undefined disposed:false
4479 silly fetch manifest type-fest@^2.5.1
4480 silly packumentCache full:https://registry.npmjs.org/type-fest cache-hit
4481 silly fetch manifest data-uri-to-buffer@^4.0.0
4482 silly packumentCache full:https://registry.npmjs.org/data-uri-to-buffer cache-miss
4483 http fetch GET 200 https://registry.npmjs.org/lodash.isstring 260ms (cache miss)
4484 silly packumentCache full:https://registry.npmjs.org/lodash.isstring set size:undefined disposed:false
4485 silly fetch manifest fetch-blob@^3.1.4
4486 silly packumentCache full:https://registry.npmjs.org/fetch-blob cache-miss
4487 http fetch GET 200 https://registry.npmjs.org/lodash.capitalize 243ms (cache miss)
4488 silly packumentCache full:https://registry.npmjs.org/lodash.capitalize set size:undefined disposed:false
4489 silly fetch manifest formdata-polyfill@^4.0.10
4490 silly packumentCache full:https://registry.npmjs.org/formdata-polyfill cache-miss
4491 http fetch GET 200 https://registry.npmjs.org/lodash.escaperegexp 260ms (cache miss)
4492 silly packumentCache full:https://registry.npmjs.org/lodash.escaperegexp set size:undefined disposed:false
4493 silly fetch manifest default-browser@^4.0.0
4494 silly packumentCache full:https://registry.npmjs.org/default-browser cache-miss
4495 http fetch GET 200 https://registry.npmjs.org/rxjs 892ms (cache miss)
4496 silly packumentCache full:https://registry.npmjs.org/rxjs set size:undefined disposed:false
4497 silly fetch manifest define-lazy-prop@^3.0.0
4498 silly packumentCache full:https://registry.npmjs.org/define-lazy-prop cache-miss
4499 http fetch GET 200 https://registry.npmjs.org/lodash.isplainobject 399ms (cache miss)
4500 silly packumentCache full:https://registry.npmjs.org/lodash.isplainobject set size:undefined disposed:false
4501 silly fetch manifest is-inside-container@^1.0.0
4502 silly packumentCache full:https://registry.npmjs.org/is-inside-container cache-miss
4503 http fetch GET 200 https://registry.npmjs.org/data-uri-to-buffer 449ms (cache miss)
4504 silly packumentCache full:https://registry.npmjs.org/data-uri-to-buffer set size:undefined disposed:false
4505 silly fetch manifest chalk@^5.0.0
4506 silly packumentCache full:https://registry.npmjs.org/chalk cache-hit
4507 silly fetch manifest wcwidth@^1.0.1
4508 silly packumentCache full:https://registry.npmjs.org/wcwidth cache-miss
4509 http fetch GET 200 https://registry.npmjs.org/default-browser 386ms (cache miss)
4510 silly packumentCache full:https://registry.npmjs.org/default-browser set size:undefined disposed:false
4511 silly fetch manifest cli-cursor@^4.0.0
4512 silly packumentCache full:https://registry.npmjs.org/cli-cursor cache-miss
4513 http cache https://registry.npmjs.org/define-lazy-prop 205ms (cache hit)
4514 silly packumentCache full:https://registry.npmjs.org/define-lazy-prop set size:9337 disposed:false
4515 silly fetch manifest strip-ansi@^7.0.1
4516 silly packumentCache full:https://registry.npmjs.org/strip-ansi cache-miss
4517 http fetch GET 200 https://registry.npmjs.org/fetch-blob 507ms (cache miss)
4518 silly packumentCache full:https://registry.npmjs.org/fetch-blob set size:undefined disposed:false
4519 silly fetch manifest log-symbols@^5.1.0
4520 silly packumentCache full:https://registry.npmjs.org/log-symbols cache-miss
4521 http fetch GET 200 https://registry.npmjs.org/formdata-polyfill 532ms (cache miss)
4522 silly packumentCache full:https://registry.npmjs.org/formdata-polyfill set size:undefined disposed:false
4523 silly fetch manifest cli-spinners@^2.6.1
4524 silly packumentCache full:https://registry.npmjs.org/cli-spinners cache-miss
4525 http fetch GET 200 https://registry.npmjs.org/is-inside-container 253ms (cache miss)
4526 silly packumentCache full:https://registry.npmjs.org/is-inside-container set size:undefined disposed:false
4527 silly fetch manifest is-interactive@^2.0.0
4528 silly packumentCache full:https://registry.npmjs.org/is-interactive cache-miss
4529 http cache https://registry.npmjs.org/cli-cursor 131ms (cache hit)
4530 silly packumentCache full:https://registry.npmjs.org/cli-cursor set size:18913 disposed:false
4531 silly fetch manifest stdin-discarder@^0.1.0
4532 silly packumentCache full:https://registry.npmjs.org/stdin-discarder cache-miss
4533 http fetch GET 200 https://registry.npmjs.org/wcwidth 183ms (cache miss)
4534 silly packumentCache full:https://registry.npmjs.org/wcwidth set size:undefined disposed:false
4535 silly fetch manifest is-unicode-supported@^1.1.0
4536 silly packumentCache full:https://registry.npmjs.org/is-unicode-supported cache-miss
4537 http cache https://registry.npmjs.org/strip-ansi 169ms (cache hit)
4538 silly packumentCache full:https://registry.npmjs.org/strip-ansi set size:44998 disposed:false
4539 silly fetch manifest macos-release@^3.1.0
4540 silly packumentCache full:https://registry.npmjs.org/macos-release cache-miss
4541 http fetch GET 200 https://registry.npmjs.org/stdin-discarder 116ms (cache miss)
4542 silly packumentCache full:https://registry.npmjs.org/stdin-discarder set size:undefined disposed:false
4543 silly fetch manifest windows-release@^5.0.1
4544 silly packumentCache full:https://registry.npmjs.org/windows-release cache-miss
4545 http fetch GET 200 https://registry.npmjs.org/is-interactive 156ms (cache miss)
4546 silly packumentCache full:https://registry.npmjs.org/is-interactive set size:undefined disposed:false
4547 silly fetch manifest array.prototype.map@^1.0.5
4548 silly packumentCache full:https://registry.npmjs.org/array.prototype.map cache-miss
4549 http fetch GET 200 https://registry.npmjs.org/cli-spinners 219ms (cache miss)
4550 silly packumentCache full:https://registry.npmjs.org/cli-spinners set size:undefined disposed:false
4551 silly fetch manifest call-bind@^1.0.2
4552 silly packumentCache full:https://registry.npmjs.org/call-bind cache-miss
4553 http fetch GET 200 https://registry.npmjs.org/is-unicode-supported 202ms (cache miss)
4554 silly packumentCache full:https://registry.npmjs.org/is-unicode-supported set size:undefined disposed:false
4555 silly fetch manifest define-properties@^1.1.4
4556 silly packumentCache full:https://registry.npmjs.org/define-properties cache-miss
4557 http fetch GET 200 https://registry.npmjs.org/macos-release 242ms (cache miss)
4558 silly packumentCache full:https://registry.npmjs.org/macos-release set size:undefined disposed:false
4559 silly fetch manifest es-abstract@^1.20.4
4560 silly packumentCache full:https://registry.npmjs.org/es-abstract cache-miss
4561 http fetch GET 200 https://registry.npmjs.org/log-symbols 436ms (cache miss)
4562 silly packumentCache full:https://registry.npmjs.org/log-symbols set size:undefined disposed:false
4563 silly fetch manifest iterate-value@^1.0.2
4564 silly packumentCache full:https://registry.npmjs.org/iterate-value cache-miss
4565 http fetch GET 200 https://registry.npmjs.org/windows-release 241ms (cache miss)
4566 silly packumentCache full:https://registry.npmjs.org/windows-release set size:undefined disposed:false
4567 silly fetch manifest lru-cache@^7.14.1
4568 silly packumentCache full:https://registry.npmjs.org/lru-cache cache-hit
4569 silly fetch manifest agent-base@^7.0.2
4570 silly packumentCache full:https://registry.npmjs.org/agent-base cache-miss
4571 http fetch GET 200 https://registry.npmjs.org/array.prototype.map 261ms (cache miss)
4572 silly packumentCache full:https://registry.npmjs.org/array.prototype.map set size:undefined disposed:false
4573 silly fetch manifest proxy-from-env@^1.1.0
4574 silly packumentCache full:https://registry.npmjs.org/proxy-from-env cache-miss
4575 http fetch GET 200 https://registry.npmjs.org/call-bind 246ms (cache miss)
4576 silly packumentCache full:https://registry.npmjs.org/call-bind set size:undefined disposed:false
4577 silly fetch manifest pac-proxy-agent@^6.0.3
4578 silly packumentCache full:https://registry.npmjs.org/pac-proxy-agent cache-miss
4579 http fetch GET 200 https://registry.npmjs.org/define-properties 251ms (cache miss)
4580 silly packumentCache full:https://registry.npmjs.org/define-properties set size:undefined disposed:false
4581 silly fetch manifest http-proxy-agent@^7.0.0
4582 silly packumentCache full:https://registry.npmjs.org/http-proxy-agent cache-miss
4583 http fetch GET 200 https://registry.npmjs.org/iterate-value 176ms (cache miss)
4584 silly packumentCache full:https://registry.npmjs.org/iterate-value set size:undefined disposed:false
4585 silly fetch manifest https-proxy-agent@^7.0.0
4586 silly packumentCache full:https://registry.npmjs.org/https-proxy-agent cache-miss
4587 http cache https://registry.npmjs.org/agent-base 158ms (cache hit)
4588 silly packumentCache full:https://registry.npmjs.org/agent-base set size:72085 disposed:false
4589 silly fetch manifest socks-proxy-agent@^8.0.1
4590 silly packumentCache full:https://registry.npmjs.org/socks-proxy-agent cache-miss
4591 http cache https://registry.npmjs.org/proxy-from-env 173ms (cache hit)
4592 silly packumentCache full:https://registry.npmjs.org/proxy-from-env set size:21422 disposed:false
4593 silly fetch manifest rechoir@^0.6.2
4594 silly packumentCache full:https://registry.npmjs.org/rechoir cache-miss
4595 http cache https://registry.npmjs.org/http-proxy-agent 133ms (cache hit)
4596 silly packumentCache full:https://registry.npmjs.org/http-proxy-agent set size:57253 disposed:false
4597 silly fetch manifest interpret@^1.0.0
4598 silly packumentCache full:https://registry.npmjs.org/interpret cache-miss
4599 http cache https://registry.npmjs.org/https-proxy-agent 160ms (cache hit)
4600 silly packumentCache full:https://registry.npmjs.org/https-proxy-agent set size:83792 disposed:false
4601 silly fetch manifest pupa@^3.1.0
4602 silly packumentCache full:https://registry.npmjs.org/pupa cache-miss
4603 http fetch GET 200 https://registry.npmjs.org/pac-proxy-agent 298ms (cache miss)
4604 silly packumentCache full:https://registry.npmjs.org/pac-proxy-agent set size:undefined disposed:false
4605 silly fetch manifest boxen@^7.0.0
4606 silly packumentCache full:https://registry.npmjs.org/boxen cache-miss
4607 http fetch GET 200 https://registry.npmjs.org/es-abstract 636ms (cache miss)
4608 silly packumentCache full:https://registry.npmjs.org/es-abstract set size:undefined disposed:false
4609 silly fetch manifest chalk@^5.0.1
4610 silly packumentCache full:https://registry.npmjs.org/chalk cache-hit
4611 silly fetch manifest is-npm@^6.0.0
4612 silly packumentCache full:https://registry.npmjs.org/is-npm cache-miss
4613 http fetch GET 200 https://registry.npmjs.org/rechoir 754ms (cache miss)
4614 silly packumentCache full:https://registry.npmjs.org/rechoir set size:undefined disposed:false
4615 silly fetch manifest semver@^7.3.7
4616 silly packumentCache full:https://registry.npmjs.org/semver cache-hit
4617 silly fetch manifest has-yarn@^3.0.0
4618 silly packumentCache full:https://registry.npmjs.org/has-yarn cache-miss
4619 http fetch GET 200 https://registry.npmjs.org/pupa 676ms (cache miss)
4620 silly packumentCache full:https://registry.npmjs.org/pupa set size:undefined disposed:false
4621 silly fetch manifest configstore@^6.0.0
4622 silly packumentCache full:https://registry.npmjs.org/configstore cache-miss
4623 http fetch GET 200 https://registry.npmjs.org/interpret 795ms (cache miss)
4624 silly packumentCache full:https://registry.npmjs.org/interpret set size:undefined disposed:false
4625 silly fetch manifest import-lazy@^4.0.0
4626 silly packumentCache full:https://registry.npmjs.org/import-lazy cache-miss
4627 http fetch GET 200 https://registry.npmjs.org/socks-proxy-agent 916ms (cache miss)
4628 silly packumentCache full:https://registry.npmjs.org/socks-proxy-agent set size:undefined disposed:false
4629 silly fetch manifest semver-diff@^4.0.0
4630 silly packumentCache full:https://registry.npmjs.org/semver-diff cache-miss
4631 http fetch GET 200 https://registry.npmjs.org/boxen 753ms (cache miss)
4632 silly packumentCache full:https://registry.npmjs.org/boxen set size:undefined disposed:false
4633 silly fetch manifest xdg-basedir@^5.1.0
4634 silly packumentCache full:https://registry.npmjs.org/xdg-basedir cache-miss
4635 http fetch GET 200 https://registry.npmjs.org/is-npm 314ms (cache miss)
4636 silly packumentCache full:https://registry.npmjs.org/is-npm set size:undefined disposed:false
4637 silly fetch manifest is-yarn-global@^0.4.0
4638 silly packumentCache full:https://registry.npmjs.org/is-yarn-global cache-miss
4639 http fetch GET 200 https://registry.npmjs.org/has-yarn 233ms (cache miss)
4640 silly packumentCache full:https://registry.npmjs.org/has-yarn set size:undefined disposed:false
4641 silly fetch manifest latest-version@^7.0.0
4642 silly packumentCache full:https://registry.npmjs.org/latest-version cache-miss
4643 http fetch GET 200 https://registry.npmjs.org/import-lazy 188ms (cache miss)
4644 silly packumentCache full:https://registry.npmjs.org/import-lazy set size:undefined disposed:false
4645 silly fetch manifest is-installed-globally@^0.4.0
4646 silly packumentCache full:https://registry.npmjs.org/is-installed-globally cache-miss
4647 http fetch GET 200 https://registry.npmjs.org/semver-diff 190ms (cache miss)
4648 silly packumentCache full:https://registry.npmjs.org/semver-diff set size:undefined disposed:false
4649 http fetch GET 200 https://registry.npmjs.org/xdg-basedir 177ms (cache miss)
4650 silly packumentCache full:https://registry.npmjs.org/xdg-basedir set size:undefined disposed:false
4651 http fetch GET 200 https://registry.npmjs.org/is-yarn-global 282ms (cache miss)
4652 silly packumentCache full:https://registry.npmjs.org/is-yarn-global set size:undefined disposed:false
4653 http fetch GET 200 https://registry.npmjs.org/latest-version 298ms (cache miss)
4654 silly packumentCache full:https://registry.npmjs.org/latest-version set size:undefined disposed:false
4655 http fetch GET 200 https://registry.npmjs.org/is-installed-globally 270ms (cache miss)
4656 silly packumentCache full:https://registry.npmjs.org/is-installed-globally set size:undefined disposed:false
4657 http fetch GET 200 https://registry.npmjs.org/configstore 523ms (cache miss)
4658 silly packumentCache full:https://registry.npmjs.org/configstore set size:undefined disposed:false
4659 silly placeDep ROOT @octokit/core@4.2.4 OK for: @octokit/rest@19.0.11 want: ^4.2.1
4660 silly placeDep ROOT @octokit/plugin-paginate-rest@6.1.2 OK for: @octokit/rest@19.0.11 want: ^6.1.2
4661 silly placeDep ROOT @octokit/plugin-request-log@1.0.4 OK for: @octokit/rest@19.0.11 want: ^1.0.4
4662 silly placeDep ROOT @octokit/plugin-rest-endpoint-methods@7.2.3 OK for: @octokit/rest@19.0.11 want: ^7.1.2
4663 silly fetch manifest @octokit/types@^9.0.0
4664 silly packumentCache full:https://registry.npmjs.org/@octokit%2ftypes cache-miss
4665 silly fetch manifest @octokit/graphql@^5.0.0
4666 silly packumentCache full:https://registry.npmjs.org/@octokit%2fgraphql cache-miss
4667 silly fetch manifest @octokit/request@^6.0.0
4668 silly packumentCache full:https://registry.npmjs.org/@octokit%2frequest cache-miss
4669 silly fetch manifest before-after-hook@^2.2.0
4670 silly packumentCache full:https://registry.npmjs.org/before-after-hook cache-miss
4671 silly fetch manifest @octokit/auth-token@^3.0.0
4672 silly packumentCache full:https://registry.npmjs.org/@octokit%2fauth-token cache-miss
4673 silly fetch manifest universal-user-agent@^6.0.0
4674 silly packumentCache full:https://registry.npmjs.org/universal-user-agent cache-miss
4675 http fetch GET 200 https://registry.npmjs.org/before-after-hook 236ms (cache miss)
4676 silly packumentCache full:https://registry.npmjs.org/before-after-hook set size:undefined disposed:false
4677 silly fetch manifest @octokit/request-error@^3.0.0
4678 silly packumentCache full:https://registry.npmjs.org/@octokit%2frequest-error cache-miss
4679 http fetch GET 200 https://registry.npmjs.org/@octokit%2fauth-token 255ms (cache miss)
4680 silly packumentCache full:https://registry.npmjs.org/@octokit%2fauth-token set size:undefined disposed:false
4681 silly fetch manifest @octokit/types@^9.2.3
4682 silly packumentCache full:https://registry.npmjs.org/@octokit%2ftypes cache-miss
4683 http fetch GET 200 https://registry.npmjs.org/universal-user-agent 276ms (cache miss)
4684 silly packumentCache full:https://registry.npmjs.org/universal-user-agent set size:undefined disposed:false
4685 silly fetch manifest @octokit/tsconfig@^1.0.2
4686 silly packumentCache full:https://registry.npmjs.org/@octokit%2ftsconfig cache-miss
4687 http fetch GET 200 https://registry.npmjs.org/@octokit%2fgraphql 329ms (cache miss)
4688 silly packumentCache full:https://registry.npmjs.org/@octokit%2fgraphql set size:undefined disposed:false
4689 silly fetch manifest @octokit/types@^10.0.0
4690 silly packumentCache full:https://registry.npmjs.org/@octokit%2ftypes cache-miss
4691 http fetch GET 200 https://registry.npmjs.org/@octokit%2frequest 398ms (cache miss)
4692 silly packumentCache full:https://registry.npmjs.org/@octokit%2frequest set size:undefined disposed:false
4693 http fetch GET 200 https://registry.npmjs.org/@octokit%2ftypes 585ms (cache miss)
4694 silly packumentCache full:https://registry.npmjs.org/@octokit%2ftypes set size:undefined disposed:false
4695 http fetch GET 200 https://registry.npmjs.org/@octokit%2frequest-error 378ms (cache miss)
4696 silly packumentCache full:https://registry.npmjs.org/@octokit%2frequest-error set size:undefined disposed:false
4697 http fetch GET 200 https://registry.npmjs.org/@octokit%2ftypes 443ms (cache miss)
4698 silly packumentCache full:https://registry.npmjs.org/@octokit%2ftypes set size:undefined disposed:false
4699 http fetch GET 200 https://registry.npmjs.org/@octokit%2ftypes 561ms (cache miss)
4700 silly packumentCache full:https://registry.npmjs.org/@octokit%2ftypes set size:undefined disposed:false
4701 http fetch GET 200 https://registry.npmjs.org/@octokit%2ftsconfig 730ms (cache miss)
4702 silly packumentCache full:https://registry.npmjs.org/@octokit%2ftsconfig set size:undefined disposed:false
4703 silly placeDep ROOT @octokit/auth-token@3.0.4 OK for: @octokit/core@4.2.4 want: ^3.0.0
4704 silly placeDep ROOT @octokit/graphql@5.0.6 OK for: @octokit/core@4.2.4 want: ^5.0.0
4705 silly placeDep ROOT @octokit/request@6.2.8 OK for: @octokit/core@4.2.4 want: ^6.0.0
4706 silly placeDep ROOT @octokit/request-error@3.0.3 OK for: @octokit/core@4.2.4 want: ^3.0.0
4707 silly placeDep ROOT @octokit/types@9.3.2 OK for: @octokit/core@4.2.4 want: ^9.0.0
4708 silly placeDep ROOT before-after-hook@2.2.3 OK for: @octokit/core@4.2.4 want: ^2.2.0
4709 silly placeDep ROOT universal-user-agent@6.0.1 OK for: @octokit/core@4.2.4 want: ^6.0.0
4710 silly fetch manifest node-fetch@^2.6.7
4711 silly packumentCache full:https://registry.npmjs.org/node-fetch cache-miss
4712 silly fetch manifest is-plain-object@^5.0.0
4713 silly packumentCache full:https://registry.npmjs.org/is-plain-object cache-miss
4714 silly fetch manifest @octokit/endpoint@^7.0.0
4715 silly packumentCache full:https://registry.npmjs.org/@octokit%2fendpoint cache-miss
4716 silly fetch manifest deprecation@^2.0.0
4717 silly packumentCache full:https://registry.npmjs.org/deprecation cache-miss
4718 silly fetch manifest @octokit/openapi-types@^18.0.0
4719 silly packumentCache full:https://registry.npmjs.org/@octokit%2fopenapi-types cache-miss
4720 http cache https://registry.npmjs.org/node-fetch 48ms (cache hit)
4721 silly packumentCache full:https://registry.npmjs.org/node-fetch set size:896010 disposed:false
4722 http fetch GET 200 https://registry.npmjs.org/is-plain-object 142ms (cache miss)
4723 silly packumentCache full:https://registry.npmjs.org/is-plain-object set size:undefined disposed:false
4724 http fetch GET 200 https://registry.npmjs.org/deprecation 143ms (cache miss)
4725 silly packumentCache full:https://registry.npmjs.org/deprecation set size:undefined disposed:false
4726 http fetch GET 200 https://registry.npmjs.org/@octokit%2fendpoint 169ms (cache miss)
4727 silly packumentCache full:https://registry.npmjs.org/@octokit%2fendpoint set size:undefined disposed:false
4728 http fetch GET 200 https://registry.npmjs.org/@octokit%2fopenapi-types 186ms (cache miss)
4729 silly packumentCache full:https://registry.npmjs.org/@octokit%2fopenapi-types set size:undefined disposed:false
4730 silly placeDep ROOT @octokit/tsconfig@1.0.2 OK for: @octokit/plugin-paginate-rest@6.1.2 want: ^1.0.2
4731 silly placeDep node_modules/@octokit/plugin-rest-endpoint-methods @octokit/types@10.0.0 OK for: @octokit/plugin-rest-endpoint-methods@7.2.3 want: ^10.0.0
4732 silly fetch manifest encoding@^0.1.0
4733 silly packumentCache full:https://registry.npmjs.org/encoding cache-miss
4734 http fetch GET 200 https://registry.npmjs.org/encoding 81ms (cache miss)
4735 silly packumentCache full:https://registry.npmjs.org/encoding set size:undefined disposed:false
4736 silly placeDep ROOT @octokit/endpoint@7.0.6 OK for: @octokit/request@6.2.8 want: ^7.0.0
4737 silly placeDep ROOT is-plain-object@5.1.0 OK for: @octokit/request@6.2.8 want: ^5.0.0
4738 silly placeDep node_modules/@octokit/request node-fetch@2.7.0 OK for: @octokit/request@6.2.8 want: ^2.6.7
4739 silly fetch manifest whatwg-url@^5.0.0
4740 silly packumentCache full:https://registry.npmjs.org/whatwg-url cache-hit
4741 silly placeDep ROOT deprecation@2.3.1 OK for: @octokit/request-error@3.0.3 want: ^2.0.0
4742 silly placeDep ROOT @octokit/openapi-types@18.1.1 OK for: @octokit/types@9.3.2 want: ^18.0.0
4743 silly placeDep ROOT retry@0.13.1 OK for: async-retry@1.3.3 want: 0.13.1
4744 silly placeDep node_modules/cosmiconfig path-type@4.0.0 OK for: cosmiconfig@8.1.3 want: ^4.0.0
4745 silly placeDep ROOT git-up@7.0.0 OK for: git-url-parse@13.1.0 want: ^7.0.0
4746 silly fetch manifest is-ssh@^1.4.0
4747 silly packumentCache full:https://registry.npmjs.org/is-ssh cache-miss
4748 silly fetch manifest parse-url@^8.1.0
4749 silly packumentCache full:https://registry.npmjs.org/parse-url cache-miss
4750 http fetch GET 200 https://registry.npmjs.org/is-ssh 111ms (cache miss)
4751 silly packumentCache full:https://registry.npmjs.org/is-ssh set size:undefined disposed:false
4752 http fetch GET 200 https://registry.npmjs.org/parse-url 118ms (cache miss)
4753 silly packumentCache full:https://registry.npmjs.org/parse-url set size:undefined disposed:false
4754 silly placeDep ROOT is-ssh@1.4.1 OK for: git-up@7.0.0 want: ^1.4.0
4755 silly placeDep ROOT parse-url@8.1.0 OK for: git-up@7.0.0 want: ^8.1.0
4756 silly fetch manifest protocols@^2.0.1
4757 silly packumentCache full:https://registry.npmjs.org/protocols cache-miss
4758 silly fetch manifest parse-path@^7.0.0
4759 silly packumentCache full:https://registry.npmjs.org/parse-path cache-miss
4760 http fetch GET 200 https://registry.npmjs.org/parse-path 322ms (cache miss)
4761 silly packumentCache full:https://registry.npmjs.org/parse-path set size:undefined disposed:false
4762 http fetch GET 200 https://registry.npmjs.org/protocols 338ms (cache miss)
4763 silly packumentCache full:https://registry.npmjs.org/protocols set size:undefined disposed:false
4764 silly placeDep ROOT dir-glob@3.0.1 OK for: globby@13.1.4 want: ^3.0.1
4765 silly placeDep ROOT fast-glob@3.3.3 OK for: globby@13.1.4 want: ^3.2.11
4766 silly placeDep ROOT merge2@1.4.1 OK for: globby@13.1.4 want: ^1.4.1
4767 silly placeDep node_modules/globby slash@4.0.0 OK for: globby@13.1.4 want: ^4.0.0
4768 silly fetch manifest glob-parent@^5.1.2
4769 silly packumentCache full:https://registry.npmjs.org/glob-parent cache-miss
4770 silly fetch manifest merge2@^1.3.0
4771 silly packumentCache full:https://registry.npmjs.org/merge2 cache-miss
4772 http cache https://registry.npmjs.org/glob-parent 16ms (cache hit)
4773 silly packumentCache full:https://registry.npmjs.org/glob-parent set size:42445 disposed:false
4774 http cache https://registry.npmjs.org/merge2 20ms (cache hit)
4775 silly packumentCache full:https://registry.npmjs.org/merge2 set size:46159 disposed:false
4776 silly placeDep node_modules/dir-glob path-type@4.0.0 OK for: dir-glob@3.0.1 want: ^4.0.0
4777 silly placeDep node_modules/fast-glob glob-parent@5.1.2 OK for: fast-glob@3.3.3 want: ^5.1.2
4778 silly placeDep ROOT @sindresorhus/is@5.6.0 OK for: got@12.6.1 want: ^5.2.0
4779 silly placeDep ROOT @szmarczak/http-timer@5.0.1 OK for: got@12.6.1 want: ^5.0.1
4780 silly placeDep ROOT cacheable-lookup@7.0.0 OK for: got@12.6.1 want: ^7.0.0
4781 silly placeDep ROOT cacheable-request@10.2.14 OK for: got@12.6.1 want: ^10.2.8
4782 silly placeDep ROOT decompress-response@6.0.0 OK for: got@12.6.1 want: ^6.0.0
4783 silly placeDep ROOT form-data-encoder@2.1.4 OK for: got@12.6.1 want: ^2.1.2
4784 silly placeDep ROOT http2-wrapper@2.2.1 OK for: got@12.6.1 want: ^2.1.10
4785 silly placeDep ROOT lowercase-keys@3.0.0 OK for: got@12.6.1 want: ^3.0.0
4786 silly placeDep ROOT p-cancelable@3.0.0 OK for: got@12.6.1 want: ^3.0.0
4787 silly placeDep ROOT responselike@3.0.0 OK for: got@12.6.1 want: ^3.0.0
4788 silly fetch manifest defer-to-connect@^2.0.1
4789 silly packumentCache full:https://registry.npmjs.org/defer-to-connect cache-miss
4790 silly fetch manifest normalize-url@^8.0.0
4791 silly packumentCache full:https://registry.npmjs.org/normalize-url cache-miss
4792 silly fetch manifest mimic-response@^4.0.0
4793 silly packumentCache full:https://registry.npmjs.org/mimic-response cache-miss
4794 silly fetch manifest http-cache-semantics@^4.1.1
4795 silly packumentCache full:https://registry.npmjs.org/http-cache-semantics cache-miss
4796 silly fetch manifest @types/http-cache-semantics@^4.0.2
4797 silly packumentCache full:https://registry.npmjs.org/@types%2fhttp-cache-semantics cache-miss
4798 silly fetch manifest mimic-response@^3.1.0
4799 silly packumentCache full:https://registry.npmjs.org/mimic-response cache-miss
4800 http fetch GET 200 https://registry.npmjs.org/defer-to-connect 90ms (cache miss)
4801 silly packumentCache full:https://registry.npmjs.org/defer-to-connect set size:undefined disposed:false
4802 silly fetch manifest quick-lru@^5.1.1
4803 silly packumentCache full:https://registry.npmjs.org/quick-lru cache-miss
4804 http fetch GET 200 https://registry.npmjs.org/mimic-response 87ms (cache miss)
4805 silly packumentCache full:https://registry.npmjs.org/mimic-response set size:undefined disposed:false
4806 silly fetch manifest resolve-alpn@^1.2.0
4807 silly packumentCache full:https://registry.npmjs.org/resolve-alpn cache-miss
4808 http fetch GET 200 https://registry.npmjs.org/mimic-response 128ms (cache miss)
4809 silly packumentCache full:https://registry.npmjs.org/mimic-response set size:undefined disposed:false
4810 http fetch GET 200 https://registry.npmjs.org/@types%2fhttp-cache-semantics 131ms (cache miss)
4811 silly packumentCache full:https://registry.npmjs.org/@types%2fhttp-cache-semantics set size:undefined disposed:false
4812 http cache https://registry.npmjs.org/quick-lru 48ms (cache hit)
4813 silly packumentCache full:https://registry.npmjs.org/quick-lru set size:53443 disposed:false
4814 http fetch GET 200 https://registry.npmjs.org/http-cache-semantics 146ms (cache miss)
4815 silly packumentCache full:https://registry.npmjs.org/http-cache-semantics set size:undefined disposed:false
4816 http fetch GET 200 https://registry.npmjs.org/normalize-url 159ms (cache miss)
4817 silly packumentCache full:https://registry.npmjs.org/normalize-url set size:undefined disposed:false
4818 http fetch GET 200 https://registry.npmjs.org/resolve-alpn 77ms (cache miss)
4819 silly packumentCache full:https://registry.npmjs.org/resolve-alpn set size:undefined disposed:false
4820 silly placeDep ROOT defer-to-connect@2.0.1 OK for: @szmarczak/http-timer@5.0.1 want: ^2.0.1
4821 silly placeDep ROOT @types/http-cache-semantics@4.2.0 OK for: cacheable-request@10.2.14 want: ^4.0.2
4822 silly placeDep ROOT http-cache-semantics@4.2.0 OK for: cacheable-request@10.2.14 want: ^4.1.1
4823 silly placeDep node_modules/cacheable-request keyv@4.5.4 OK for: cacheable-request@10.2.14 want: ^4.5.3
4824 silly placeDep ROOT mimic-response@4.0.0 OK for: cacheable-request@10.2.14 want: ^4.0.0
4825 silly placeDep ROOT normalize-url@8.1.1 OK for: cacheable-request@10.2.14 want: ^8.0.0
4826 silly placeDep node_modules/decompress-response mimic-response@3.1.0 OK for: decompress-response@6.0.0 want: ^3.1.0
4827 silly placeDep node_modules/http2-wrapper quick-lru@5.1.1 OK for: http2-wrapper@2.2.1 want: ^5.1.1
4828 silly placeDep ROOT resolve-alpn@1.2.1 OK for: http2-wrapper@2.2.1 want: ^1.2.0
4829 silly placeDep node_modules/inquirer chalk@5.6.2 OK for: inquirer@9.2.6 want: ^5.2.0
4830 silly placeDep ROOT cli-cursor@3.1.0 OK for: inquirer@9.2.6 want: ^3.1.0
4831 silly placeDep ROOT cli-width@4.1.0 OK for: inquirer@9.2.6 want: ^4.0.0
4832 silly placeDep ROOT external-editor@3.1.0 OK for: inquirer@9.2.6 want: ^3.0.3
4833 silly placeDep ROOT figures@5.0.0 OK for: inquirer@9.2.6 want: ^5.0.0
4834 silly placeDep ROOT mute-stream@1.0.0 OK for: inquirer@9.2.6 want: 1.0.0
4835 silly placeDep node_modules/inquirer ora@5.4.1 OK for: inquirer@9.2.6 want: ^5.4.1
4836 silly placeDep ROOT run-async@3.0.0 OK for: inquirer@9.2.6 want: ^3.0.0
4837 silly placeDep ROOT rxjs@7.8.2 OK for: inquirer@9.2.6 want: ^7.8.1
4838 silly placeDep ROOT string-width@4.2.3 OK for: inquirer@9.2.6 want: ^4.2.3
4839 silly placeDep ROOT wrap-ansi@6.2.0 OK for: inquirer@9.2.6 want: ^6.0.1
4840 silly fetch manifest restore-cursor@^3.1.0
4841 silly packumentCache full:https://registry.npmjs.org/restore-cursor cache-miss
4842 silly fetch manifest chardet@^0.7.0
4843 silly packumentCache full:https://registry.npmjs.org/chardet cache-miss
4844 silly fetch manifest iconv-lite@^0.4.24
4845 silly packumentCache full:https://registry.npmjs.org/iconv-lite cache-hit
4846 silly fetch manifest tmp@^0.0.33
4847 silly packumentCache full:https://registry.npmjs.org/tmp cache-miss
4848 silly fetch manifest escape-string-regexp@^5.0.0
4849 silly packumentCache full:https://registry.npmjs.org/escape-string-regexp cache-hit
4850 silly fetch manifest is-unicode-supported@^1.2.0
4851 silly packumentCache full:https://registry.npmjs.org/is-unicode-supported cache-miss
4852 silly fetch manifest bl@^4.1.0
4853 silly packumentCache full:https://registry.npmjs.org/bl cache-miss
4854 silly fetch manifest chalk@^4.1.0
4855 silly packumentCache full:https://registry.npmjs.org/chalk cache-hit
4856 silly fetch manifest log-symbols@^4.1.0
4857 silly packumentCache full:https://registry.npmjs.org/log-symbols cache-miss
4858 http cache https://registry.npmjs.org/log-symbols 25ms (cache hit)
4859 silly packumentCache full:https://registry.npmjs.org/log-symbols set size:31977 disposed:false
4860 silly fetch manifest cli-spinners@^2.5.0
4861 silly packumentCache full:https://registry.npmjs.org/cli-spinners cache-miss
4862 http cache https://registry.npmjs.org/is-unicode-supported 44ms (cache hit)
4863 silly packumentCache full:https://registry.npmjs.org/is-unicode-supported set size:19461 disposed:false
4864 silly fetch manifest is-interactive@^1.0.0
4865 silly packumentCache full:https://registry.npmjs.org/is-interactive cache-miss
4866 http cache https://registry.npmjs.org/is-interactive 24ms (cache hit)
4867 silly packumentCache full:https://registry.npmjs.org/is-interactive set size:10692 disposed:false
4868 silly fetch manifest is-unicode-supported@^0.1.0
4869 silly packumentCache full:https://registry.npmjs.org/is-unicode-supported cache-hit
4870 silly fetch manifest emoji-regex@^8.0.0
4871 silly packumentCache full:https://registry.npmjs.org/emoji-regex cache-miss
4872 http cache https://registry.npmjs.org/cli-spinners 37ms (cache hit)
4873 silly packumentCache full:https://registry.npmjs.org/cli-spinners set size:67473 disposed:false
4874 silly fetch manifest is-fullwidth-code-point@^3.0.0
4875 silly packumentCache full:https://registry.npmjs.org/is-fullwidth-code-point cache-miss
4876 http fetch GET 200 https://registry.npmjs.org/restore-cursor 143ms (cache miss)
4877 silly packumentCache full:https://registry.npmjs.org/restore-cursor set size:undefined disposed:false
4878 http fetch GET 200 https://registry.npmjs.org/tmp 148ms (cache miss)
4879 silly packumentCache full:https://registry.npmjs.org/tmp set size:undefined disposed:false
4880 http fetch GET 200 https://registry.npmjs.org/chardet 172ms (cache miss)
4881 silly packumentCache full:https://registry.npmjs.org/chardet set size:undefined disposed:false
4882 http fetch GET 200 https://registry.npmjs.org/bl 175ms (cache miss)
4883 silly packumentCache full:https://registry.npmjs.org/bl set size:undefined disposed:false
4884 http fetch GET 200 https://registry.npmjs.org/is-fullwidth-code-point 113ms (cache miss)
4885 silly packumentCache full:https://registry.npmjs.org/is-fullwidth-code-point set size:undefined disposed:false
4886 http fetch GET 200 https://registry.npmjs.org/emoji-regex 126ms (cache miss)
4887 silly packumentCache full:https://registry.npmjs.org/emoji-regex set size:undefined disposed:false
4888 silly placeDep ROOT restore-cursor@3.1.0 OK for: cli-cursor@3.1.0 want: ^3.1.0
4889 silly placeDep ROOT chardet@0.7.0 OK for: external-editor@3.1.0 want: ^0.7.0
4890 silly placeDep node_modules/external-editor iconv-lite@0.4.24 OK for: external-editor@3.1.0 want: ^0.4.24
4891 silly placeDep ROOT tmp@0.0.33 OK for: external-editor@3.1.0 want: ^0.0.33
4892 silly fetch manifest os-tmpdir@~1.0.2
4893 silly packumentCache full:https://registry.npmjs.org/os-tmpdir cache-miss
4894 http fetch GET 200 https://registry.npmjs.org/os-tmpdir 70ms (cache miss)
4895 silly packumentCache full:https://registry.npmjs.org/os-tmpdir set size:undefined disposed:false
4896 silly placeDep node_modules/figures escape-string-regexp@5.0.0 OK for: figures@5.0.0 want: ^5.0.0
4897 silly placeDep ROOT is-unicode-supported@1.3.0 OK for: figures@5.0.0 want: ^1.2.0
4898 silly placeDep ROOT protocols@2.0.2 OK for: is-ssh@1.4.1 want: ^2.0.1
4899 silly placeDep ROOT lodash.capitalize@4.2.1 OK for: issue-parser@6.0.0 want: ^4.2.1
4900 silly placeDep ROOT lodash.escaperegexp@4.1.2 OK for: issue-parser@6.0.0 want: ^4.1.2
4901 silly placeDep ROOT lodash.isplainobject@4.0.6 OK for: issue-parser@6.0.0 want: ^4.0.6
4902 silly placeDep ROOT lodash.isstring@4.0.1 OK for: issue-parser@6.0.0 want: ^4.0.1
4903 silly placeDep ROOT lodash.uniqby@4.7.0 OK for: issue-parser@6.0.0 want: ^4.7.0
4904 silly placeDep node_modules/new-github-release-url type-fest@2.19.0 OK for: new-github-release-url@2.0.0 want: ^2.5.1
4905 silly placeDep ROOT data-uri-to-buffer@4.0.1 OK for: node-fetch@3.3.1 want: ^4.0.0
4906 silly placeDep ROOT fetch-blob@3.2.0 OK for: node-fetch@3.3.1 want: ^3.1.4
4907 silly placeDep ROOT formdata-polyfill@4.0.10 OK for: node-fetch@3.3.1 want: ^4.0.10
4908 silly fetch manifest node-domexception@^1.0.0
4909 silly packumentCache full:https://registry.npmjs.org/node-domexception cache-miss
4910 silly fetch manifest web-streams-polyfill@^3.0.3
4911 silly packumentCache full:https://registry.npmjs.org/web-streams-polyfill cache-miss
4912 http fetch GET 200 https://registry.npmjs.org/node-domexception 98ms (cache miss)
4913 silly packumentCache full:https://registry.npmjs.org/node-domexception set size:undefined disposed:false
4914 http fetch GET 200 https://registry.npmjs.org/web-streams-polyfill 118ms (cache miss)
4915 silly packumentCache full:https://registry.npmjs.org/web-streams-polyfill set size:undefined disposed:false
4916 silly placeDep ROOT node-domexception@1.0.0 OK for: fetch-blob@3.2.0 want: ^1.0.0
4917 silly placeDep ROOT web-streams-polyfill@3.3.3 OK for: fetch-blob@3.2.0 want: ^3.0.3
4918 silly placeDep node_modules/ora chalk@5.6.2 OK for: ora@6.3.1 want: ^5.0.0
4919 silly placeDep node_modules/ora cli-cursor@4.0.0 OK for: ora@6.3.1 want: ^4.0.0
4920 silly placeDep ROOT cli-spinners@2.9.2 OK for: ora@6.3.1 want: ^2.6.1
4921 silly placeDep ROOT is-interactive@2.0.0 OK for: ora@6.3.1 want: ^2.0.0
4922 silly placeDep ROOT log-symbols@5.1.0 OK for: ora@6.3.1 want: ^5.1.0
4923 silly placeDep ROOT stdin-discarder@0.1.0 OK for: ora@6.3.1 want: ^0.1.0
4924 silly placeDep node_modules/ora strip-ansi@7.2.0 OK for: ora@6.3.1 want: ^7.0.1
4925 silly placeDep ROOT wcwidth@1.0.1 OK for: ora@6.3.1 want: ^1.0.1
4926 silly fetch manifest restore-cursor@^4.0.0
4927 silly packumentCache full:https://registry.npmjs.org/restore-cursor cache-miss
4928 silly fetch manifest bl@^5.0.0
4929 silly packumentCache full:https://registry.npmjs.org/bl cache-miss
4930 silly fetch manifest ansi-regex@^6.2.2
4931 silly packumentCache full:https://registry.npmjs.org/ansi-regex cache-miss
4932 silly fetch manifest defaults@^1.0.3
4933 silly packumentCache full:https://registry.npmjs.org/defaults cache-miss
4934 http cache https://registry.npmjs.org/restore-cursor 27ms (cache hit)
4935 silly packumentCache full:https://registry.npmjs.org/restore-cursor set size:17895 disposed:false
4936 http cache https://registry.npmjs.org/bl 31ms (cache hit)
4937 silly packumentCache full:https://registry.npmjs.org/bl set size:237796 disposed:false
4938 http cache https://registry.npmjs.org/ansi-regex 47ms (cache hit)
4939 silly packumentCache full:https://registry.npmjs.org/ansi-regex set size:50305 disposed:false
4940 http fetch GET 200 https://registry.npmjs.org/defaults 189ms (cache miss)
4941 silly packumentCache full:https://registry.npmjs.org/defaults set size:undefined disposed:false
4942 silly placeDep node_modules/log-symbols chalk@5.6.2 OK for: log-symbols@5.1.0 want: ^5.0.0
4943 silly placeDep ROOT macos-release@3.5.1 OK for: os-name@5.1.0 want: ^3.1.0
4944 silly placeDep ROOT windows-release@5.1.1 OK for: os-name@5.1.0 want: ^5.0.1
4945 silly placeDep ROOT parse-path@7.1.0 OK for: parse-url@8.1.0 want: ^7.0.0
4946 silly placeDep ROOT array.prototype.map@1.0.8 OK for: promise.allsettled@1.0.6 want: ^1.0.5
4947 silly placeDep ROOT call-bind@1.0.9 OK for: promise.allsettled@1.0.6 want: ^1.0.2
4948 silly placeDep ROOT define-properties@1.2.1 OK for: promise.allsettled@1.0.6 want: ^1.1.4
4949 silly placeDep ROOT es-abstract@1.24.2 OK for: promise.allsettled@1.0.6 want: ^1.20.4
4950 silly placeDep ROOT iterate-value@1.0.2 OK for: promise.allsettled@1.0.6 want: ^1.0.2
4951 silly fetch manifest call-bind@^1.0.8
4952 silly packumentCache full:https://registry.npmjs.org/call-bind cache-miss
4953 silly fetch manifest call-bound@^1.0.3
4954 silly packumentCache full:https://registry.npmjs.org/call-bound cache-miss
4955 silly fetch manifest define-properties@^1.2.1
4956 silly packumentCache full:https://registry.npmjs.org/define-properties cache-miss
4957 silly fetch manifest es-abstract@^1.23.6
4958 silly packumentCache full:https://registry.npmjs.org/es-abstract cache-miss
4959 silly fetch manifest es-array-method-boxes-properly@^1.0.0
4960 silly packumentCache full:https://registry.npmjs.org/es-array-method-boxes-properly cache-miss
4961 silly fetch manifest is-string@^1.1.1
4962 silly packumentCache full:https://registry.npmjs.org/is-string cache-miss
4963 http cache https://registry.npmjs.org/call-bind 58ms (cache hit)
4964 silly packumentCache full:https://registry.npmjs.org/call-bind set size:32985 disposed:false
4965 silly fetch manifest set-function-length@^1.2.2
4966 silly packumentCache full:https://registry.npmjs.org/set-function-length cache-miss
4967 http cache https://registry.npmjs.org/define-properties 61ms (cache hit)
4968 silly packumentCache full:https://registry.npmjs.org/define-properties set size:31491 disposed:false
4969 silly fetch manifest define-data-property@^1.0.1
4970 silly packumentCache full:https://registry.npmjs.org/define-data-property cache-miss
4971 http cache https://registry.npmjs.org/es-abstract 65ms (cache hit)
4972 silly packumentCache full:https://registry.npmjs.org/es-abstract set size:384124 disposed:false
4973 silly fetch manifest has-property-descriptors@^1.0.0
4974 silly packumentCache full:https://registry.npmjs.org/has-property-descriptors cache-miss
4975 http fetch GET 200 https://registry.npmjs.org/call-bound 114ms (cache revalidated)
4976 silly packumentCache full:https://registry.npmjs.org/call-bound set size:15317 disposed:false
4977 silly fetch manifest object-keys@^1.1.1
4978 silly packumentCache full:https://registry.npmjs.org/object-keys cache-miss
4979 http fetch GET 200 https://registry.npmjs.org/es-array-method-boxes-properly 119ms (cache miss)
4980 silly packumentCache full:https://registry.npmjs.org/es-array-method-boxes-properly set size:undefined disposed:false
4981 silly fetch manifest array-buffer-byte-length@^1.0.2
4982 silly packumentCache full:https://registry.npmjs.org/array-buffer-byte-length cache-miss
4983 http fetch GET 200 https://registry.npmjs.org/is-string 129ms (cache miss)
4984 silly packumentCache full:https://registry.npmjs.org/is-string set size:undefined disposed:false
4985 silly fetch manifest arraybuffer.prototype.slice@^1.0.4
4986 silly packumentCache full:https://registry.npmjs.org/arraybuffer.prototype.slice cache-miss
4987 http fetch GET 200 https://registry.npmjs.org/has-property-descriptors 107ms (cache miss)
4988 silly packumentCache full:https://registry.npmjs.org/has-property-descriptors set size:undefined disposed:false
4989 silly fetch manifest available-typed-arrays@^1.0.7
4990 silly packumentCache full:https://registry.npmjs.org/available-typed-arrays cache-miss
4991 http fetch GET 200 https://registry.npmjs.org/set-function-length 136ms (cache miss)
4992 silly packumentCache full:https://registry.npmjs.org/set-function-length set size:undefined disposed:false
4993 silly fetch manifest call-bound@^1.0.4
4994 silly packumentCache full:https://registry.npmjs.org/call-bound cache-hit
4995 silly fetch manifest data-view-buffer@^1.0.2
4996 silly packumentCache full:https://registry.npmjs.org/data-view-buffer cache-miss
4997 http fetch GET 200 https://registry.npmjs.org/define-data-property 155ms (cache miss)
4998 silly packumentCache full:https://registry.npmjs.org/define-data-property set size:undefined disposed:false
4999 silly fetch manifest data-view-byte-length@^1.0.2
5000 silly packumentCache full:https://registry.npmjs.org/data-view-byte-length cache-miss
5001 http fetch GET 200 https://registry.npmjs.org/array-buffer-byte-length 114ms (cache miss)
5002 silly packumentCache full:https://registry.npmjs.org/array-buffer-byte-length set size:undefined disposed:false
5003 silly fetch manifest data-view-byte-offset@^1.0.1
5004 silly packumentCache full:https://registry.npmjs.org/data-view-byte-offset cache-miss
5005 http fetch GET 200 https://registry.npmjs.org/object-keys 128ms (cache miss)
5006 silly packumentCache full:https://registry.npmjs.org/object-keys set size:undefined disposed:false
5007 silly fetch manifest es-to-primitive@^1.3.0
5008 silly packumentCache full:https://registry.npmjs.org/es-to-primitive cache-miss
5009 http fetch GET 200 https://registry.npmjs.org/arraybuffer.prototype.slice 124ms (cache miss)
5010 silly packumentCache full:https://registry.npmjs.org/arraybuffer.prototype.slice set size:undefined disposed:false
5011 silly fetch manifest function.prototype.name@^1.1.8
5012 silly packumentCache full:https://registry.npmjs.org/function.prototype.name cache-miss
5013 http fetch GET 200 https://registry.npmjs.org/data-view-buffer 102ms (cache miss)
5014 silly packumentCache full:https://registry.npmjs.org/data-view-buffer set size:undefined disposed:false
5015 silly fetch manifest get-symbol-description@^1.1.0
5016 silly packumentCache full:https://registry.npmjs.org/get-symbol-description cache-miss
5017 http fetch GET 200 https://registry.npmjs.org/available-typed-arrays 117ms (cache miss)
5018 silly packumentCache full:https://registry.npmjs.org/available-typed-arrays set size:undefined disposed:false
5019 silly fetch manifest globalthis@^1.0.4
5020 silly packumentCache full:https://registry.npmjs.org/globalthis cache-miss
5021 http fetch GET 200 https://registry.npmjs.org/data-view-byte-length 105ms (cache miss)
5022 silly packumentCache full:https://registry.npmjs.org/data-view-byte-length set size:undefined disposed:false
5023 silly fetch manifest has-property-descriptors@^1.0.2
5024 silly packumentCache full:https://registry.npmjs.org/has-property-descriptors cache-miss
5025 http fetch GET 200 https://registry.npmjs.org/data-view-byte-offset 101ms (cache miss)
5026 silly packumentCache full:https://registry.npmjs.org/data-view-byte-offset set size:undefined disposed:false
5027 silly fetch manifest has-proto@^1.2.0
5028 silly packumentCache full:https://registry.npmjs.org/has-proto cache-miss
5029 http cache https://registry.npmjs.org/has-property-descriptors 26ms (cache hit)
5030 silly packumentCache full:https://registry.npmjs.org/has-property-descriptors set size:12452 disposed:false
5031 silly fetch manifest internal-slot@^1.1.0
5032 silly packumentCache full:https://registry.npmjs.org/internal-slot cache-miss
5033 http fetch GET 200 https://registry.npmjs.org/es-to-primitive 118ms (cache miss)
5034 silly packumentCache full:https://registry.npmjs.org/es-to-primitive set size:undefined disposed:false
5035 silly fetch manifest is-array-buffer@^3.0.5
5036 silly packumentCache full:https://registry.npmjs.org/is-array-buffer cache-miss
5037 http fetch GET 200 https://registry.npmjs.org/function.prototype.name 106ms (cache miss)
5038 silly packumentCache full:https://registry.npmjs.org/function.prototype.name set size:undefined disposed:false
5039 silly fetch manifest is-callable@^1.2.7
5040 silly packumentCache full:https://registry.npmjs.org/is-callable cache-miss
5041 http fetch GET 200 https://registry.npmjs.org/get-symbol-description 133ms (cache miss)
5042 silly packumentCache full:https://registry.npmjs.org/get-symbol-description set size:undefined disposed:false
5043 silly fetch manifest is-data-view@^1.0.2
5044 silly packumentCache full:https://registry.npmjs.org/is-data-view cache-miss
5045 http fetch GET 200 https://registry.npmjs.org/globalthis 135ms (cache miss)
5046 silly packumentCache full:https://registry.npmjs.org/globalthis set size:undefined disposed:false
5047 silly fetch manifest is-negative-zero@^2.0.3
5048 silly packumentCache full:https://registry.npmjs.org/is-negative-zero cache-miss
5049 http fetch GET 200 https://registry.npmjs.org/has-proto 121ms (cache miss)
5050 silly packumentCache full:https://registry.npmjs.org/has-proto set size:undefined disposed:false
5051 silly fetch manifest is-regex@^1.2.1
5052 silly packumentCache full:https://registry.npmjs.org/is-regex cache-miss
5053 http fetch GET 200 https://registry.npmjs.org/internal-slot 141ms (cache miss)
5054 silly packumentCache full:https://registry.npmjs.org/internal-slot set size:undefined disposed:false
5055 silly fetch manifest is-set@^2.0.3
5056 silly packumentCache full:https://registry.npmjs.org/is-set cache-miss
5057 http fetch GET 200 https://registry.npmjs.org/is-array-buffer 154ms (cache miss)
5058 silly packumentCache full:https://registry.npmjs.org/is-array-buffer set size:undefined disposed:false
5059 silly fetch manifest is-shared-array-buffer@^1.0.4
5060 silly packumentCache full:https://registry.npmjs.org/is-shared-array-buffer cache-miss
5061 http fetch GET 200 https://registry.npmjs.org/is-callable 163ms (cache miss)
5062 silly packumentCache full:https://registry.npmjs.org/is-callable set size:undefined disposed:false
5063 silly fetch manifest is-typed-array@^1.1.15
5064 silly packumentCache full:https://registry.npmjs.org/is-typed-array cache-miss
5065 http fetch GET 200 https://registry.npmjs.org/is-data-view 151ms (cache miss)
5066 silly packumentCache full:https://registry.npmjs.org/is-data-view set size:undefined disposed:false
5067 silly fetch manifest is-weakref@^1.1.1
5068 silly packumentCache full:https://registry.npmjs.org/is-weakref cache-miss
5069 http fetch GET 200 https://registry.npmjs.org/is-negative-zero 148ms (cache miss)
5070 silly packumentCache full:https://registry.npmjs.org/is-negative-zero set size:undefined disposed:false
5071 silly fetch manifest object-inspect@^1.13.4
5072 silly packumentCache full:https://registry.npmjs.org/object-inspect cache-miss
5073 http fetch GET 200 https://registry.npmjs.org/is-regex 146ms (cache miss)
5074 silly packumentCache full:https://registry.npmjs.org/is-regex set size:undefined disposed:false
5075 silly fetch manifest object.assign@^4.1.7
5076 silly packumentCache full:https://registry.npmjs.org/object.assign cache-miss
5077 http fetch GET 200 https://registry.npmjs.org/is-set 172ms (cache miss)
5078 silly packumentCache full:https://registry.npmjs.org/is-set set size:undefined disposed:false
5079 silly fetch manifest own-keys@^1.0.1
5080 silly packumentCache full:https://registry.npmjs.org/own-keys cache-miss
5081 http fetch GET 200 https://registry.npmjs.org/is-shared-array-buffer 180ms (cache miss)
5082 silly packumentCache full:https://registry.npmjs.org/is-shared-array-buffer set size:undefined disposed:false
5083 silly fetch manifest regexp.prototype.flags@^1.5.4
5084 silly packumentCache full:https://registry.npmjs.org/regexp.prototype.flags cache-miss
5085 http fetch GET 200 https://registry.npmjs.org/is-weakref 118ms (cache miss)
5086 silly packumentCache full:https://registry.npmjs.org/is-weakref set size:undefined disposed:false
5087 silly fetch manifest safe-array-concat@^1.1.3
5088 silly packumentCache full:https://registry.npmjs.org/safe-array-concat cache-miss
5089 http fetch GET 200 https://registry.npmjs.org/is-typed-array 174ms (cache miss)
5090 silly packumentCache full:https://registry.npmjs.org/is-typed-array set size:undefined disposed:false
5091 silly fetch manifest safe-push-apply@^1.0.0
5092 silly packumentCache full:https://registry.npmjs.org/safe-push-apply cache-miss
5093 http fetch GET 200 https://registry.npmjs.org/own-keys 136ms (cache miss)
5094 silly packumentCache full:https://registry.npmjs.org/own-keys set size:undefined disposed:false
5095 silly fetch manifest safe-regex-test@^1.1.0
5096 silly packumentCache full:https://registry.npmjs.org/safe-regex-test cache-miss
5097 http fetch GET 200 https://registry.npmjs.org/object.assign 258ms (cache miss)
5098 silly packumentCache full:https://registry.npmjs.org/object.assign set size:undefined disposed:false
5099 silly fetch manifest set-proto@^1.0.0
5100 silly packumentCache full:https://registry.npmjs.org/set-proto cache-miss
5101 http fetch GET 200 https://registry.npmjs.org/object-inspect 291ms (cache revalidated)
5102 silly packumentCache full:https://registry.npmjs.org/object-inspect set size:101927 disposed:false
5103 silly fetch manifest stop-iteration-iterator@^1.1.0
5104 silly packumentCache full:https://registry.npmjs.org/stop-iteration-iterator cache-miss
5105 http fetch GET 200 https://registry.npmjs.org/safe-array-concat 203ms (cache miss)
5106 silly packumentCache full:https://registry.npmjs.org/safe-array-concat set size:undefined disposed:false
5107 silly fetch manifest string.prototype.trim@^1.2.10
5108 silly packumentCache full:https://registry.npmjs.org/string.prototype.trim cache-miss
5109 http fetch GET 200 https://registry.npmjs.org/regexp.prototype.flags 218ms (cache miss)
5110 silly packumentCache full:https://registry.npmjs.org/regexp.prototype.flags set size:undefined disposed:false
5111 silly fetch manifest string.prototype.trimend@^1.0.9
5112 silly packumentCache full:https://registry.npmjs.org/string.prototype.trimend cache-miss
5113 http fetch GET 200 https://registry.npmjs.org/safe-push-apply 201ms (cache miss)
5114 silly packumentCache full:https://registry.npmjs.org/safe-push-apply set size:undefined disposed:false
5115 silly fetch manifest string.prototype.trimstart@^1.0.8
5116 silly packumentCache full:https://registry.npmjs.org/string.prototype.trimstart cache-miss
5117 http fetch GET 200 https://registry.npmjs.org/safe-regex-test 145ms (cache miss)
5118 silly packumentCache full:https://registry.npmjs.org/safe-regex-test set size:undefined disposed:false
5119 silly fetch manifest typed-array-buffer@^1.0.3
5120 silly packumentCache full:https://registry.npmjs.org/typed-array-buffer cache-miss
5121 http fetch GET 200 https://registry.npmjs.org/set-proto 95ms (cache miss)
5122 silly packumentCache full:https://registry.npmjs.org/set-proto set size:undefined disposed:false
5123 silly fetch manifest typed-array-byte-length@^1.0.3
5124 silly packumentCache full:https://registry.npmjs.org/typed-array-byte-length cache-miss
5125 http fetch GET 200 https://registry.npmjs.org/stop-iteration-iterator 87ms (cache miss)
5126 silly packumentCache full:https://registry.npmjs.org/stop-iteration-iterator set size:undefined disposed:false
5127 silly fetch manifest typed-array-byte-offset@^1.0.4
5128 silly packumentCache full:https://registry.npmjs.org/typed-array-byte-offset cache-miss
5129 http fetch GET 200 https://registry.npmjs.org/string.prototype.trimend 180ms (cache miss)
5130 silly packumentCache full:https://registry.npmjs.org/string.prototype.trimend set size:undefined disposed:false
5131 silly fetch manifest typed-array-length@^1.0.7
5132 silly packumentCache full:https://registry.npmjs.org/typed-array-length cache-miss
5133 http fetch GET 200 https://registry.npmjs.org/string.prototype.trim 223ms (cache miss)
5134 silly packumentCache full:https://registry.npmjs.org/string.prototype.trim set size:undefined disposed:false
5135 silly fetch manifest unbox-primitive@^1.1.0
5136 silly packumentCache full:https://registry.npmjs.org/unbox-primitive cache-miss
5137 http fetch GET 200 https://registry.npmjs.org/string.prototype.trimstart 217ms (cache miss)
5138 silly packumentCache full:https://registry.npmjs.org/string.prototype.trimstart set size:undefined disposed:false
5139 silly fetch manifest which-typed-array@^1.1.19
5140 silly packumentCache full:https://registry.npmjs.org/which-typed-array cache-miss
5141 http fetch GET 200 https://registry.npmjs.org/typed-array-byte-length 197ms (cache miss)
5142 silly packumentCache full:https://registry.npmjs.org/typed-array-byte-length set size:undefined disposed:false
5143 silly fetch manifest es-get-iterator@^1.0.2
5144 silly packumentCache full:https://registry.npmjs.org/es-get-iterator cache-miss
5145 http fetch GET 200 https://registry.npmjs.org/typed-array-buffer 215ms (cache miss)
5146 silly packumentCache full:https://registry.npmjs.org/typed-array-buffer set size:undefined disposed:false
5147 silly fetch manifest iterate-iterator@^1.0.1
5148 silly packumentCache full:https://registry.npmjs.org/iterate-iterator cache-miss
5149 http fetch GET 200 https://registry.npmjs.org/typed-array-byte-offset 239ms (cache miss)
5150 silly packumentCache full:https://registry.npmjs.org/typed-array-byte-offset set size:undefined disposed:false
5151 http fetch GET 200 https://registry.npmjs.org/typed-array-length 168ms (cache miss)
5152 silly packumentCache full:https://registry.npmjs.org/typed-array-length set size:undefined disposed:false
5153 http fetch GET 200 https://registry.npmjs.org/unbox-primitive 144ms (cache miss)
5154 silly packumentCache full:https://registry.npmjs.org/unbox-primitive set size:undefined disposed:false
5155 http fetch GET 200 https://registry.npmjs.org/es-get-iterator 129ms (cache miss)
5156 silly packumentCache full:https://registry.npmjs.org/es-get-iterator set size:undefined disposed:false
5157 http fetch GET 200 https://registry.npmjs.org/iterate-iterator 129ms (cache miss)
5158 silly packumentCache full:https://registry.npmjs.org/iterate-iterator set size:undefined disposed:false
5159 http fetch GET 200 https://registry.npmjs.org/which-typed-array 149ms (cache miss)
5160 silly packumentCache full:https://registry.npmjs.org/which-typed-array set size:undefined disposed:false
5161 silly placeDep ROOT call-bound@1.0.4 OK for: array.prototype.map@1.0.8 want: ^1.0.3
5162 silly placeDep ROOT es-array-method-boxes-properly@1.0.0 OK for: array.prototype.map@1.0.8 want: ^1.0.0
5163 silly placeDep ROOT is-string@1.1.1 OK for: array.prototype.map@1.0.8 want: ^1.1.1
5164 silly placeDep ROOT set-function-length@1.2.2 OK for: call-bind@1.0.9 want: ^1.2.2
5165 silly fetch manifest define-data-property@^1.1.4
5166 silly packumentCache full:https://registry.npmjs.org/define-data-property cache-miss
5167 http cache https://registry.npmjs.org/define-data-property 17ms (cache hit)
5168 silly packumentCache full:https://registry.npmjs.org/define-data-property set size:28048 disposed:false
5169 silly placeDep ROOT define-data-property@1.1.4 OK for: define-properties@1.2.1 want: ^1.0.1
5170 silly placeDep ROOT has-property-descriptors@1.0.2 OK for: define-properties@1.2.1 want: ^1.0.0
5171 silly placeDep ROOT object-keys@1.1.1 OK for: define-properties@1.2.1 want: ^1.1.1
5172 silly placeDep ROOT array-buffer-byte-length@1.0.2 OK for: es-abstract@1.24.2 want: ^1.0.2
5173 silly placeDep ROOT arraybuffer.prototype.slice@1.0.4 OK for: es-abstract@1.24.2 want: ^1.0.4
5174 silly placeDep ROOT available-typed-arrays@1.0.7 OK for: es-abstract@1.24.2 want: ^1.0.7
5175 silly placeDep ROOT data-view-buffer@1.0.2 OK for: es-abstract@1.24.2 want: ^1.0.2
5176 silly placeDep ROOT data-view-byte-length@1.0.2 OK for: es-abstract@1.24.2 want: ^1.0.2
5177 silly placeDep ROOT data-view-byte-offset@1.0.1 OK for: es-abstract@1.24.2 want: ^1.0.1
5178 silly placeDep ROOT es-to-primitive@1.3.4 OK for: es-abstract@1.24.2 want: ^1.3.0
5179 silly placeDep ROOT function.prototype.name@1.2.0 OK for: es-abstract@1.24.2 want: ^1.1.8
5180 silly placeDep ROOT get-symbol-description@1.1.0 OK for: es-abstract@1.24.2 want: ^1.1.0
5181 silly placeDep ROOT globalthis@1.0.4 OK for: es-abstract@1.24.2 want: ^1.0.4
5182 silly placeDep ROOT has-proto@1.2.0 OK for: es-abstract@1.24.2 want: ^1.2.0
5183 silly placeDep ROOT internal-slot@1.1.0 OK for: es-abstract@1.24.2 want: ^1.1.0
5184 silly placeDep ROOT is-array-buffer@3.0.5 OK for: es-abstract@1.24.2 want: ^3.0.5
5185 silly placeDep ROOT is-callable@1.2.7 OK for: es-abstract@1.24.2 want: ^1.2.7
5186 silly placeDep ROOT is-data-view@1.0.2 OK for: es-abstract@1.24.2 want: ^1.0.2
5187 silly placeDep ROOT is-negative-zero@2.0.3 OK for: es-abstract@1.24.2 want: ^2.0.3
5188 silly placeDep ROOT is-regex@1.2.1 OK for: es-abstract@1.24.2 want: ^1.2.1
5189 silly placeDep ROOT is-set@2.0.3 OK for: es-abstract@1.24.2 want: ^2.0.3
5190 silly placeDep ROOT is-shared-array-buffer@1.0.4 OK for: es-abstract@1.24.2 want: ^1.0.4
5191 silly placeDep ROOT is-typed-array@1.1.15 OK for: es-abstract@1.24.2 want: ^1.1.15
5192 silly placeDep ROOT is-weakref@1.1.1 OK for: es-abstract@1.24.2 want: ^1.1.1
5193 silly placeDep ROOT object-inspect@1.13.4 OK for: es-abstract@1.24.2 want: ^1.13.4
5194 silly placeDep ROOT object.assign@4.1.7 OK for: es-abstract@1.24.2 want: ^4.1.7
5195 silly placeDep ROOT own-keys@1.0.2 OK for: es-abstract@1.24.2 want: ^1.0.1
5196 silly placeDep ROOT regexp.prototype.flags@1.5.4 OK for: es-abstract@1.24.2 want: ^1.5.4
5197 silly placeDep ROOT safe-array-concat@1.1.4 OK for: es-abstract@1.24.2 want: ^1.1.3
5198 silly placeDep ROOT safe-push-apply@1.0.0 OK for: es-abstract@1.24.2 want: ^1.0.0
5199 silly placeDep ROOT safe-regex-test@1.1.0 OK for: es-abstract@1.24.2 want: ^1.1.0
5200 silly placeDep ROOT set-proto@1.0.0 OK for: es-abstract@1.24.2 want: ^1.0.0
5201 silly placeDep ROOT stop-iteration-iterator@1.1.0 OK for: es-abstract@1.24.2 want: ^1.1.0
5202 silly placeDep ROOT string.prototype.trim@1.2.11 OK for: es-abstract@1.24.2 want: ^1.2.10
5203 silly placeDep ROOT string.prototype.trimend@1.0.10 OK for: es-abstract@1.24.2 want: ^1.0.9
5204 silly placeDep ROOT string.prototype.trimstart@1.0.8 OK for: es-abstract@1.24.2 want: ^1.0.8
5205 silly placeDep ROOT typed-array-buffer@1.0.3 OK for: es-abstract@1.24.2 want: ^1.0.3
5206 silly placeDep ROOT typed-array-byte-length@1.0.3 OK for: es-abstract@1.24.2 want: ^1.0.3
5207 silly placeDep ROOT typed-array-byte-offset@1.0.5 OK for: es-abstract@1.24.2 want: ^1.0.4
5208 silly placeDep ROOT typed-array-length@1.0.8 OK for: es-abstract@1.24.2 want: ^1.0.7
5209 silly placeDep ROOT unbox-primitive@1.1.0 OK for: es-abstract@1.24.2 want: ^1.1.0
5210 silly placeDep ROOT which-typed-array@1.1.24 OK for: es-abstract@1.24.2 want: ^1.1.19
5211 silly fetch manifest is-array-buffer@^3.0.4
5212 silly packumentCache full:https://registry.npmjs.org/is-array-buffer cache-miss
5213 silly fetch manifest possible-typed-array-names@^1.0.0
5214 silly packumentCache full:https://registry.npmjs.org/possible-typed-array-names cache-miss
5215 silly fetch manifest is-data-view@^1.0.1
5216 silly packumentCache full:https://registry.npmjs.org/is-data-view cache-miss
5217 silly fetch manifest is-symbol@^1.1.1
5218 silly packumentCache full:https://registry.npmjs.org/is-symbol cache-miss
5219 silly fetch manifest is-date-object@^1.1.0
5220 silly packumentCache full:https://registry.npmjs.org/is-date-object cache-miss
5221 silly fetch manifest es-abstract-get@^1.0.0
5222 silly packumentCache full:https://registry.npmjs.org/es-abstract-get cache-miss
5223 http cache https://registry.npmjs.org/is-array-buffer 71ms (cache hit)
5224 silly packumentCache full:https://registry.npmjs.org/is-array-buffer set size:33562 disposed:false
5225 silly fetch manifest is-document.all@^1.0.0
5226 silly packumentCache full:https://registry.npmjs.org/is-document.all cache-miss
5227 http cache https://registry.npmjs.org/is-data-view 73ms (cache hit)
5228 silly packumentCache full:https://registry.npmjs.org/is-data-view set size:13756 disposed:false
5229 silly fetch manifest functions-have-names@^1.2.3
5230 silly packumentCache full:https://registry.npmjs.org/functions-have-names cache-miss
5231 http fetch GET 200 https://registry.npmjs.org/es-abstract-get 138ms (cache miss)
5232 silly packumentCache full:https://registry.npmjs.org/es-abstract-get set size:undefined disposed:false
5233 silly fetch manifest side-channel@^1.1.0
5234 silly packumentCache full:https://registry.npmjs.org/side-channel cache-miss
5235 http fetch GET 200 https://registry.npmjs.org/is-date-object 148ms (cache miss)
5236 silly packumentCache full:https://registry.npmjs.org/is-date-object set size:undefined disposed:false
5237 silly fetch manifest is-typed-array@^1.1.13
5238 silly packumentCache full:https://registry.npmjs.org/is-typed-array cache-miss
5239 http fetch GET 200 https://registry.npmjs.org/possible-typed-array-names 167ms (cache miss)
5240 silly packumentCache full:https://registry.npmjs.org/possible-typed-array-names set size:undefined disposed:false
5241 silly fetch manifest which-typed-array@^1.1.16
5242 silly packumentCache full:https://registry.npmjs.org/which-typed-array cache-miss
5243 http fetch GET 200 https://registry.npmjs.org/is-symbol 166ms (cache miss)
5244 silly packumentCache full:https://registry.npmjs.org/is-symbol set size:undefined disposed:false
5245 silly fetch manifest set-function-name@^2.0.2
5246 silly packumentCache full:https://registry.npmjs.org/set-function-name cache-miss
5247 http fetch GET 200 https://registry.npmjs.org/is-document.all 112ms (cache miss)
5248 silly packumentCache full:https://registry.npmjs.org/is-document.all set size:undefined disposed:false
5249 silly fetch manifest isarray@^2.0.5
5250 silly packumentCache full:https://registry.npmjs.org/isarray cache-miss
5251 http fetch GET 200 https://registry.npmjs.org/functions-have-names 120ms (cache miss)
5252 silly packumentCache full:https://registry.npmjs.org/functions-have-names set size:undefined disposed:false
5253 silly fetch manifest isarray@^2.0.5
5254 silly packumentCache full:https://registry.npmjs.org/isarray cache-miss
5255 http cache https://registry.npmjs.org/is-typed-array 57ms (cache hit)
5256 silly packumentCache full:https://registry.npmjs.org/is-typed-array set size:79965 disposed:false
5257 silly fetch manifest for-each@^0.3.3
5258 silly packumentCache full:https://registry.npmjs.org/for-each cache-miss
5259 http cache https://registry.npmjs.org/which-typed-array 67ms (cache hit)
5260 silly packumentCache full:https://registry.npmjs.org/which-typed-array set size:109574 disposed:false
5261 silly fetch manifest for-each@^0.3.5
5262 silly packumentCache full:https://registry.npmjs.org/for-each cache-miss
5263 http fetch GET 200 https://registry.npmjs.org/set-function-name 107ms (cache miss)
5264 silly packumentCache full:https://registry.npmjs.org/set-function-name set size:undefined disposed:false
5265 silly fetch manifest reflect.getprototypeof@^1.0.10
5266 silly packumentCache full:https://registry.npmjs.org/reflect.getprototypeof cache-miss
5267 http fetch GET 200 https://registry.npmjs.org/isarray 102ms (cache miss)
5268 silly packumentCache full:https://registry.npmjs.org/isarray set size:undefined disposed:false
5269 silly fetch manifest for-each@^0.3.5
5270 silly packumentCache full:https://registry.npmjs.org/for-each cache-miss
5271 http fetch GET 200 https://registry.npmjs.org/side-channel 159ms (cache revalidated)
5272 silly packumentCache full:https://registry.npmjs.org/side-channel set size:27650 disposed:false
5273 silly fetch manifest possible-typed-array-names@^1.1.0
5274 silly packumentCache full:https://registry.npmjs.org/possible-typed-array-names cache-miss
5275 http fetch GET 200 https://registry.npmjs.org/isarray 154ms (cache miss)
5276 silly packumentCache full:https://registry.npmjs.org/isarray set size:undefined disposed:false
5277 silly fetch manifest reflect.getprototypeof@^1.0.10
5278 silly packumentCache full:https://registry.npmjs.org/reflect.getprototypeof cache-miss
5279 http fetch GET 200 https://registry.npmjs.org/for-each 147ms (cache miss)
5280 silly packumentCache full:https://registry.npmjs.org/for-each set size:undefined disposed:false
5281 silly fetch manifest has-bigints@^1.0.2
5282 silly packumentCache full:https://registry.npmjs.org/has-bigints cache-miss
5283 http cache https://registry.npmjs.org/possible-typed-array-names 75ms (cache hit)
5284 silly packumentCache full:https://registry.npmjs.org/possible-typed-array-names set size:9167 disposed:false
5285 silly fetch manifest which-boxed-primitive@^1.1.1
5286 silly packumentCache full:https://registry.npmjs.org/which-boxed-primitive cache-miss
5287 http fetch GET 200 https://registry.npmjs.org/for-each 165ms (cache miss)
5288 silly packumentCache full:https://registry.npmjs.org/for-each set size:undefined disposed:false
5289 http fetch GET 200 https://registry.npmjs.org/for-each 119ms (cache miss)
5290 silly packumentCache full:https://registry.npmjs.org/for-each set size:undefined disposed:false
5291 http fetch GET 200 https://registry.npmjs.org/reflect.getprototypeof 134ms (cache miss)
5292 silly packumentCache full:https://registry.npmjs.org/reflect.getprototypeof set size:undefined disposed:false
5293 http fetch GET 200 https://registry.npmjs.org/reflect.getprototypeof 79ms (cache miss)
5294 silly packumentCache full:https://registry.npmjs.org/reflect.getprototypeof set size:undefined disposed:false
5295 http fetch GET 200 https://registry.npmjs.org/has-bigints 82ms (cache miss)
5296 silly packumentCache full:https://registry.npmjs.org/has-bigints set size:undefined disposed:false
5297 http fetch GET 200 https://registry.npmjs.org/which-boxed-primitive 113ms (cache miss)
5298 silly packumentCache full:https://registry.npmjs.org/which-boxed-primitive set size:undefined disposed:false
5299 silly placeDep ROOT possible-typed-array-names@1.1.0 OK for: available-typed-arrays@1.0.7 want: ^1.0.0
5300 silly placeDep ROOT es-abstract-get@1.0.0 OK for: es-to-primitive@1.3.4 want: ^1.0.0
5301 silly placeDep ROOT is-date-object@1.1.0 OK for: es-to-primitive@1.3.4 want: ^1.1.0
5302 silly placeDep ROOT is-symbol@1.1.1 OK for: es-to-primitive@1.3.4 want: ^1.1.1
5303 silly placeDep ROOT functions-have-names@1.2.3 OK for: function.prototype.name@1.2.0 want: ^1.2.3
5304 silly placeDep ROOT is-document.all@1.0.0 OK for: function.prototype.name@1.2.0 want: ^1.0.0
5305 silly placeDep ROOT side-channel@1.1.1 OK for: internal-slot@1.1.0 want: ^1.1.0
5306 silly fetch manifest side-channel-list@^1.0.1
5307 silly packumentCache full:https://registry.npmjs.org/side-channel-list cache-miss
5308 silly fetch manifest side-channel-map@^1.0.1
5309 silly packumentCache full:https://registry.npmjs.org/side-channel-map cache-miss
5310 silly fetch manifest side-channel-weakmap@^1.0.2
5311 silly packumentCache full:https://registry.npmjs.org/side-channel-weakmap cache-miss
5312 http fetch GET 200 https://registry.npmjs.org/side-channel-map 99ms (cache revalidated)
5313 silly packumentCache full:https://registry.npmjs.org/side-channel-map set size:9126 disposed:false
5314 http fetch GET 200 https://registry.npmjs.org/side-channel-list 106ms (cache revalidated)
5315 silly packumentCache full:https://registry.npmjs.org/side-channel-list set size:9021 disposed:false
5316 http fetch GET 200 https://registry.npmjs.org/side-channel-weakmap 123ms (cache revalidated)
5317 silly packumentCache full:https://registry.npmjs.org/side-channel-weakmap set size:12620 disposed:false
5318 silly placeDep ROOT es-get-iterator@1.1.3 OK for: iterate-value@1.0.2 want: ^1.0.2
5319 silly placeDep ROOT iterate-iterator@1.0.2 OK for: iterate-value@1.0.2 want: ^1.0.1
5320 silly fetch manifest is-arguments@^1.1.1
5321 silly packumentCache full:https://registry.npmjs.org/is-arguments cache-miss
5322 silly fetch manifest is-map@^2.0.2
5323 silly packumentCache full:https://registry.npmjs.org/is-map cache-miss
5324 http fetch GET 200 https://registry.npmjs.org/is-map 88ms (cache miss)
5325 silly packumentCache full:https://registry.npmjs.org/is-map set size:undefined disposed:false
5326 http fetch GET 200 https://registry.npmjs.org/is-arguments 118ms (cache miss)
5327 silly packumentCache full:https://registry.npmjs.org/is-arguments set size:undefined disposed:false
5328 silly placeDep ROOT is-arguments@1.2.0 OK for: es-get-iterator@1.1.3 want: ^1.1.1
5329 silly placeDep ROOT is-map@2.0.3 OK for: es-get-iterator@1.1.3 want: ^2.0.2
5330 silly placeDep ROOT isarray@2.0.5 OK for: es-get-iterator@1.1.3 want: ^2.0.5
5331 silly placeDep node_modules/proxy-agent agent-base@7.1.4 OK for: proxy-agent@6.2.1 want: ^7.0.2
5332 silly placeDep node_modules/proxy-agent http-proxy-agent@7.0.2 OK for: proxy-agent@6.2.1 want: ^7.0.0
5333 silly placeDep node_modules/proxy-agent https-proxy-agent@7.0.6 OK for: proxy-agent@6.2.1 want: ^7.0.0
5334 silly placeDep node_modules/proxy-agent lru-cache@7.18.3 OK for: proxy-agent@6.2.1 want: ^7.14.1
5335 silly placeDep ROOT pac-proxy-agent@6.0.4 OK for: proxy-agent@6.2.1 want: ^6.0.3
5336 silly placeDep node_modules/proxy-agent proxy-from-env@1.1.0 OK for: proxy-agent@6.2.1 want: ^1.1.0
5337 silly placeDep ROOT socks-proxy-agent@8.0.5 OK for: proxy-agent@6.2.1 want: ^8.0.1
5338 silly fetch manifest get-uri@^6.0.1
5339 silly packumentCache full:https://registry.npmjs.org/get-uri cache-miss
5340 silly fetch manifest pac-resolver@^6.0.1
5341 silly packumentCache full:https://registry.npmjs.org/pac-resolver cache-miss
5342 silly fetch manifest socks@^2.8.3
5343 silly packumentCache full:https://registry.npmjs.org/socks cache-miss
5344 silly fetch manifest agent-base@^7.1.2
5345 silly packumentCache full:https://registry.npmjs.org/agent-base cache-hit
5346 http fetch GET 200 https://registry.npmjs.org/pac-resolver 94ms (cache miss)
5347 silly packumentCache full:https://registry.npmjs.org/pac-resolver set size:undefined disposed:false
5348 http fetch GET 200 https://registry.npmjs.org/get-uri 139ms (cache miss)
5349 silly packumentCache full:https://registry.npmjs.org/get-uri set size:undefined disposed:false
5350 http fetch GET 200 https://registry.npmjs.org/socks 143ms (cache miss)
5351 silly packumentCache full:https://registry.npmjs.org/socks set size:undefined disposed:false
5352 silly placeDep node_modules/pac-proxy-agent agent-base@7.1.4 OK for: pac-proxy-agent@6.0.4 want: ^7.0.2
5353 silly placeDep ROOT get-uri@6.0.5 OK for: pac-proxy-agent@6.0.4 want: ^6.0.1
5354 silly placeDep node_modules/pac-proxy-agent http-proxy-agent@7.0.2 OK for: pac-proxy-agent@6.0.4 want: ^7.0.0
5355 silly placeDep node_modules/pac-proxy-agent https-proxy-agent@7.0.6 OK for: pac-proxy-agent@6.0.4 want: ^7.0.0
5356 silly placeDep ROOT pac-resolver@6.0.2 OK for: pac-proxy-agent@6.0.4 want: ^6.0.1
5357 silly fetch manifest basic-ftp@^5.0.2
5358 silly packumentCache full:https://registry.npmjs.org/basic-ftp cache-miss
5359 silly fetch manifest data-uri-to-buffer@^6.0.2
5360 silly packumentCache full:https://registry.npmjs.org/data-uri-to-buffer cache-miss
5361 silly fetch manifest ip@^1.1.8
5362 silly packumentCache full:https://registry.npmjs.org/ip cache-miss
5363 silly fetch manifest netmask@^2.0.2
5364 silly packumentCache full:https://registry.npmjs.org/netmask cache-miss
5365 silly fetch manifest degenerator@^4.0.4
5366 silly packumentCache full:https://registry.npmjs.org/degenerator cache-miss
5367 http cache https://registry.npmjs.org/data-uri-to-buffer 30ms (cache hit)
5368 silly packumentCache full:https://registry.npmjs.org/data-uri-to-buffer set size:48018 disposed:false
5369 http fetch GET 200 https://registry.npmjs.org/netmask 86ms (cache miss)
5370 silly packumentCache full:https://registry.npmjs.org/netmask set size:undefined disposed:false
5371 http fetch GET 200 https://registry.npmjs.org/ip 99ms (cache miss)
5372 silly packumentCache full:https://registry.npmjs.org/ip set size:undefined disposed:false
5373 http fetch GET 200 https://registry.npmjs.org/degenerator 119ms (cache miss)
5374 silly packumentCache full:https://registry.npmjs.org/degenerator set size:undefined disposed:false
5375 http fetch GET 200 https://registry.npmjs.org/basic-ftp 143ms (cache miss)
5376 silly packumentCache full:https://registry.npmjs.org/basic-ftp set size:undefined disposed:false
5377 silly placeDep ROOT basic-ftp@5.3.1 OK for: get-uri@6.0.5 want: ^5.0.2
5378 silly placeDep node_modules/get-uri data-uri-to-buffer@6.0.2 OK for: get-uri@6.0.5 want: ^6.0.2
5379 silly placeDep ROOT degenerator@4.0.4 OK for: pac-resolver@6.0.2 want: ^4.0.4
5380 silly placeDep ROOT ip@1.1.9 OK for: pac-resolver@6.0.2 want: ^1.1.8
5381 silly placeDep ROOT netmask@2.1.1 OK for: pac-resolver@6.0.2 want: ^2.0.2
5382 silly fetch manifest vm2@^3.9.19
5383 silly packumentCache full:https://registry.npmjs.org/vm2 cache-miss
5384 silly fetch manifest ast-types@^0.13.4
5385 silly packumentCache full:https://registry.npmjs.org/ast-types cache-miss
5386 silly fetch manifest escodegen@^1.14.3
5387 silly packumentCache full:https://registry.npmjs.org/escodegen cache-miss
5388 http cache https://registry.npmjs.org/escodegen 17ms (cache hit)
5389 silly packumentCache full:https://registry.npmjs.org/escodegen set size:119723 disposed:false
5390 http fetch GET 200 https://registry.npmjs.org/ast-types 186ms (cache miss)
5391 silly packumentCache full:https://registry.npmjs.org/ast-types set size:undefined disposed:false
5392 http fetch GET 200 https://registry.npmjs.org/vm2 311ms (cache miss)
5393 silly packumentCache full:https://registry.npmjs.org/vm2 set size:undefined disposed:false
5394 silly placeDep ROOT ast-types@0.13.4 OK for: degenerator@4.0.4 want: ^0.13.4
5395 silly placeDep node_modules/degenerator escodegen@1.14.3 OK for: degenerator@4.0.4 want: ^1.14.3
5396 silly placeDep ROOT vm2@3.12.2 OK for: degenerator@4.0.4 want: ^3.9.19
5397 silly fetch manifest estraverse@^4.2.0
5398 silly packumentCache full:https://registry.npmjs.org/estraverse cache-hit
5399 silly fetch manifest optionator@^0.8.1
5400 silly packumentCache full:https://registry.npmjs.org/optionator cache-miss
5401 silly fetch manifest acorn-walk@^8.3.4
5402 silly packumentCache full:https://registry.npmjs.org/acorn-walk cache-hit
5403 http cache https://registry.npmjs.org/optionator 15ms (cache hit)
5404 silly packumentCache full:https://registry.npmjs.org/optionator set size:49651 disposed:false
5405 silly placeDep ROOT set-function-name@2.0.2 OK for: regexp.prototype.flags@1.5.4 want: ^2.0.2
5406 silly placeDep ROOT path-parse@1.0.7 OK for: resolve@1.22.12 want: ^1.0.7
5407 silly placeDep ROOT supports-preserve-symlinks-flag@1.0.0 OK for: resolve@1.22.12 want: ^1.0.0
5408 silly placeDep node_modules/resolve-cwd resolve-from@5.0.0 OK for: resolve-cwd@3.0.0 want: ^5.0.0
5409 silly placeDep ROOT queue-microtask@1.2.3 OK for: run-parallel@1.2.0 want: ^1.2.2
5410 silly placeDep ROOT xmlchars@2.2.0 OK for: saxes@5.0.1 want: ^2.2.0
5411 silly placeDep ROOT @img/colour@1.1.0 OK for: sharp@0.34.5 want: ^1.0.0
5412 silly placeDep ROOT @img/sharp-darwin-arm64@0.34.5 OK for: sharp@0.34.5 want: 0.34.5
5413 silly placeDep ROOT @img/sharp-darwin-x64@0.34.5 OK for: sharp@0.34.5 want: 0.34.5
5414 silly placeDep ROOT @img/sharp-libvips-darwin-arm64@1.2.4 OK for: sharp@0.34.5 want: 1.2.4
5415 silly placeDep ROOT @img/sharp-libvips-darwin-x64@1.2.4 OK for: sharp@0.34.5 want: 1.2.4
5416 silly placeDep ROOT @img/sharp-libvips-linux-arm@1.2.4 OK for: sharp@0.34.5 want: 1.2.4
5417 silly placeDep ROOT @img/sharp-libvips-linux-arm64@1.2.4 OK for: sharp@0.34.5 want: 1.2.4
5418 silly placeDep ROOT @img/sharp-libvips-linux-ppc64@1.2.4 OK for: sharp@0.34.5 want: 1.2.4
5419 silly placeDep ROOT @img/sharp-libvips-linux-riscv64@1.2.4 OK for: sharp@0.34.5 want: 1.2.4
5420 silly placeDep ROOT @img/sharp-libvips-linux-s390x@1.2.4 OK for: sharp@0.34.5 want: 1.2.4
5421 silly placeDep ROOT @img/sharp-libvips-linux-x64@1.2.4 OK for: sharp@0.34.5 want: 1.2.4
5422 silly placeDep ROOT @img/sharp-libvips-linuxmusl-arm64@1.2.4 OK for: sharp@0.34.5 want: 1.2.4
5423 silly placeDep ROOT @img/sharp-libvips-linuxmusl-x64@1.2.4 OK for: sharp@0.34.5 want: 1.2.4
5424 silly placeDep ROOT @img/sharp-linux-arm@0.34.5 OK for: sharp@0.34.5 want: 0.34.5
5425 silly placeDep ROOT @img/sharp-linux-arm64@0.34.5 OK for: sharp@0.34.5 want: 0.34.5
5426 silly placeDep ROOT @img/sharp-linux-ppc64@0.34.5 OK for: sharp@0.34.5 want: 0.34.5
5427 silly placeDep ROOT @img/sharp-linux-riscv64@0.34.5 OK for: sharp@0.34.5 want: 0.34.5
5428 silly placeDep ROOT @img/sharp-linux-s390x@0.34.5 OK for: sharp@0.34.5 want: 0.34.5
5429 silly placeDep ROOT @img/sharp-linux-x64@0.34.5 OK for: sharp@0.34.5 want: 0.34.5
5430 silly placeDep ROOT @img/sharp-linuxmusl-arm64@0.34.5 OK for: sharp@0.34.5 want: 0.34.5
5431 silly placeDep ROOT @img/sharp-linuxmusl-x64@0.34.5 OK for: sharp@0.34.5 want: 0.34.5
5432 silly placeDep ROOT @img/sharp-wasm32@0.34.5 OK for: sharp@0.34.5 want: 0.34.5
5433 silly placeDep ROOT @img/sharp-win32-arm64@0.34.5 OK for: sharp@0.34.5 want: 0.34.5
5434 silly placeDep ROOT @img/sharp-win32-ia32@0.34.5 OK for: sharp@0.34.5 want: 0.34.5
5435 silly placeDep ROOT @img/sharp-win32-x64@0.34.5 OK for: sharp@0.34.5 want: 0.34.5
5436 silly placeDep ROOT detect-libc@2.1.2 OK for: sharp@0.34.5 want: ^2.1.2
5437 silly placeDep node_modules/sharp semver@7.8.5 OK for: sharp@0.34.5 want: ^7.7.3
5438 silly fetch manifest @emnapi/runtime@^1.7.0
5439 silly packumentCache full:https://registry.npmjs.org/@emnapi%2fruntime cache-miss
5440 http fetch GET 200 https://registry.npmjs.org/@emnapi%2fruntime 92ms (cache miss)
5441 silly packumentCache full:https://registry.npmjs.org/@emnapi%2fruntime set size:undefined disposed:false
5442 silly placeDep ROOT @emnapi/runtime@1.11.3 OK for: @img/sharp-wasm32@0.34.5 want: ^1.7.0
5443 silly placeDep ROOT shebang-regex@3.0.0 OK for: shebang-command@2.0.0 want: ^3.0.0
5444 silly placeDep ROOT interpret@1.4.0 OK for: shelljs@0.8.5 want: ^1.0.0
5445 silly placeDep ROOT rechoir@0.6.2 OK for: shelljs@0.8.5 want: ^0.6.2
5446 silly placeDep ROOT side-channel-list@1.0.1 OK for: side-channel@1.1.1 want: ^1.0.1
5447 silly placeDep ROOT side-channel-map@1.0.1 OK for: side-channel@1.1.1 want: ^1.0.1
5448 silly placeDep ROOT side-channel-weakmap@1.0.2 OK for: side-channel@1.1.1 want: ^1.0.2
5449 silly placeDep node_modules/socks-proxy-agent agent-base@7.1.4 OK for: socks-proxy-agent@8.0.5 want: ^7.1.2
5450 silly placeDep ROOT socks@2.8.10 OK for: socks-proxy-agent@8.0.5 want: ^2.8.3
5451 silly fetch manifest ip-address@^10.1.1
5452 silly packumentCache full:https://registry.npmjs.org/ip-address cache-miss
5453 silly fetch manifest smart-buffer@^4.2.0
5454 silly packumentCache full:https://registry.npmjs.org/smart-buffer cache-miss
5455 http fetch GET 200 https://registry.npmjs.org/smart-buffer 105ms (cache miss)
5456 silly packumentCache full:https://registry.npmjs.org/smart-buffer set size:undefined disposed:false
5457 http fetch GET 200 https://registry.npmjs.org/ip-address 116ms (cache miss)
5458 silly packumentCache full:https://registry.npmjs.org/ip-address set size:undefined disposed:false
5459 silly placeDep ROOT ip-address@10.7.2 OK for: socks@2.8.10 want: ^10.1.1
5460 silly placeDep ROOT smart-buffer@4.2.0 OK for: socks@2.8.10 want: ^4.2.0
5461 silly placeDep ROOT buffer-from@1.1.2 OK for: source-map-support@0.5.21 want: ^1.0.0
5462 silly placeDep node_modules/split2 readable-stream@3.6.2 OK for: split2@3.2.2 want: ^3.0.0
5463 silly fetch manifest util-deprecate@^1.0.1
5464 silly packumentCache full:https://registry.npmjs.org/util-deprecate cache-miss
5465 http fetch GET 200 https://registry.npmjs.org/util-deprecate 72ms (cache miss)
5466 silly packumentCache full:https://registry.npmjs.org/util-deprecate set size:undefined disposed:false
5467 silly placeDep node_modules/stack-utils escape-string-regexp@2.0.0 OK for: stack-utils@2.0.6 want: ^2.0.0
5468 silly placeDep ROOT bl@5.1.0 OK for: stdin-discarder@0.1.0 want: ^5.0.0
5469 silly fetch manifest readable-stream@^3.4.0
5470 silly packumentCache full:https://registry.npmjs.org/readable-stream cache-hit
5471 silly placeDep node_modules/bl buffer@6.0.3 OK for: bl@5.1.0 want: ^6.0.3
5472 silly placeDep node_modules/bl readable-stream@3.6.2 OK for: bl@5.1.0 want: ^3.4.0
5473 silly placeDep ROOT char-regex@1.0.2 OK for: string-length@4.0.2 want: ^1.0.2
5474 silly placeDep ROOT emoji-regex@8.0.0 OK for: string-width@4.2.3 want: ^8.0.0
5475 silly placeDep ROOT is-fullwidth-code-point@3.0.0 OK for: string-width@4.2.3 want: ^3.0.0
5476 silly placeDep ROOT min-indent@1.0.1 OK for: strip-indent@3.0.0 want: ^1.0.0
5477 silly placeDep ROOT peek-readable@4.1.0 OK for: strtok3@6.3.0 want: ^4.1.0
5478 silly placeDep ROOT has-flag@4.0.0 OK for: supports-color@7.2.0 want: ^4.0.0
5479 silly placeDep ROOT temp-dir@2.0.0 OK for: tempfile@3.0.0 want: ^2.0.0
5480 silly placeDep node_modules/tempfile uuid@3.4.0 OK for: tempfile@3.0.0 want: ^3.3.2
5481 silly placeDep ROOT supports-hyperlinks@2.3.0 OK for: terminal-link@2.1.1 want: ^2.0.0
5482 silly placeDep node_modules/through2 readable-stream@3.6.2 OK for: through2@4.0.2 want: 3
5483 silly placeDep ROOT os-tmpdir@1.0.2 OK for: tmp@0.0.33 want: ~1.0.2
5484 silly placeDep ROOT is-number@7.0.0 OK for: to-regex-range@5.0.1 want: ^7.0.0
5485 silly placeDep ROOT psl@1.15.0 OK for: tough-cookie@4.1.4 want: ^1.1.33
5486 silly placeDep ROOT punycode@2.3.1 OK for: tough-cookie@4.1.4 want: ^2.1.1
5487 silly placeDep ROOT universalify@0.2.0 OK for: tough-cookie@4.1.4 want: ^0.2.0
5488 silly placeDep ROOT url-parse@1.5.10 OK for: tough-cookie@4.1.4 want: ^1.5.3
5489 silly fetch manifest punycode@^2.3.1
5490 silly packumentCache full:https://registry.npmjs.org/punycode cache-hit
5491 silly fetch manifest querystringify@^2.1.1
5492 silly packumentCache full:https://registry.npmjs.org/querystringify cache-miss
5493 silly fetch manifest requires-port@^1.0.0
5494 silly packumentCache full:https://registry.npmjs.org/requires-port cache-miss
5495 http fetch GET 200 https://registry.npmjs.org/requires-port 89ms (cache miss)
5496 silly packumentCache full:https://registry.npmjs.org/requires-port set size:undefined disposed:false
5497 http fetch GET 200 https://registry.npmjs.org/querystringify 94ms (cache miss)
5498 silly packumentCache full:https://registry.npmjs.org/querystringify set size:undefined disposed:false
5499 silly placeDep ROOT bs-logger@0.2.6 OK for: ts-jest@27.1.5 want: 0.x
5500 silly placeDep ROOT lodash.memoize@4.1.2 OK for: ts-jest@27.1.5 want: 4.x
5501 silly placeDep ROOT make-error@1.3.6 OK for: ts-jest@27.1.5 want: 1.x
5502 silly placeDep node_modules/ts-jest semver@7.8.5 OK for: ts-jest@27.1.5 want: 7.x
5503 warn ERESOLVE overriding peer dependency {
5503 warn ERESOLVE   code: 'ERESOLVE',
5503 warn ERESOLVE   edge: {
5503 warn ERESOLVE     type: 'peer',
5503 warn ERESOLVE     name: 'typescript',
5503 warn ERESOLVE     spec: '>=3.8 <5.0',
5503 warn ERESOLVE     error: 'INVALID',
5503 warn ERESOLVE     from: {
5503 warn ERESOLVE       name: 'ts-jest',
5503 warn ERESOLVE       version: '27.1.5',
5503 warn ERESOLVE       location: 'node_modules/ts-jest',
5503 warn ERESOLVE       isWorkspace: false,
5503 warn ERESOLVE       dependents: [Array]
5503 warn ERESOLVE     }
5503 warn ERESOLVE   },
5503 warn ERESOLVE   dep: {
5503 warn ERESOLVE     name: 'typescript',
5503 warn ERESOLVE     version: '4.9.5',
5503 warn ERESOLVE     whileInstalling: {
5503 warn ERESOLVE       name: 'ts-jest',
5503 warn ERESOLVE       version: '27.1.5',
5503 warn ERESOLVE       path: '/data/data/com.termux/files/home/.npm/_cacache/tmp/git-cloneuAR3LB/node_modules/ts-jest'
5503 warn ERESOLVE     },
5503 warn ERESOLVE     location: 'node_modules/typescript',
5503 warn ERESOLVE     isWorkspace: false,
5503 warn ERESOLVE     dependents: [ [Object] ]
5503 warn ERESOLVE   },
5503 warn ERESOLVE   force: true,
5503 warn ERESOLVE   isMine: true,
5503 warn ERESOLVE   strictPeerDeps: false,
5503 warn ERESOLVE   current: {
5503 warn ERESOLVE     name: 'typescript',
5503 warn ERESOLVE     version: '5.9.3',
5503 warn ERESOLVE     location: 'node_modules/typescript',
5503 warn ERESOLVE     isWorkspace: false,
5503 warn ERESOLVE     dependents: [ [Object] ]
5503 warn ERESOLVE   },
5503 warn ERESOLVE   peerConflict: {
5503 warn ERESOLVE     current: {
5503 warn ERESOLVE       name: 'typescript',
5503 warn ERESOLVE       version: '5.9.3',
5503 warn ERESOLVE       location: 'node_modules/typescript',
5503 warn ERESOLVE       isWorkspace: false,
5503 warn ERESOLVE       dependents: [Array]
5503 warn ERESOLVE     },
5503 warn ERESOLVE     peer: {
5503 warn ERESOLVE       name: 'typescript',
5503 warn ERESOLVE       version: '4.9.5',
5503 warn ERESOLVE       whileInstalling: [Object],
5503 warn ERESOLVE       location: 'node_modules/typescript',
5503 warn ERESOLVE       isWorkspace: false,
5503 warn ERESOLVE       dependents: [Array]
5503 warn ERESOLVE     }
5503 warn ERESOLVE   }
5503 warn ERESOLVE }
5504 silly placeDep ROOT @cspotcode/source-map-support@0.8.1 OK for: ts-node@10.9.2 want: ^0.8.0
5505 silly placeDep ROOT @tsconfig/node10@1.0.13 OK for: ts-node@10.9.2 want: ^1.0.7
5506 silly placeDep ROOT @tsconfig/node12@1.0.11 OK for: ts-node@10.9.2 want: ^1.0.7
5507 silly placeDep ROOT @tsconfig/node14@1.0.3 OK for: ts-node@10.9.2 want: ^1.0.0
5508 silly placeDep ROOT @tsconfig/node16@1.0.4 OK for: ts-node@10.9.2 want: ^1.0.2
5509 silly placeDep node_modules/ts-node acorn-walk@8.3.5 OK for: ts-node@10.9.2 want: ^8.1.1
5510 silly placeDep ROOT arg@4.1.3 OK for: ts-node@10.9.2 want: ^4.1.0
5511 silly placeDep ROOT create-require@1.1.1 OK for: ts-node@10.9.2 want: ^1.1.0
5512 silly placeDep ROOT diff@4.0.4 OK for: ts-node@10.9.2 want: ^4.0.1
5513 silly placeDep ROOT v8-compile-cache-lib@3.0.1 OK for: ts-node@10.9.2 want: ^3.0.1
5514 silly placeDep ROOT yn@3.1.1 OK for: ts-node@10.9.2 want: 3.1.1
5515 silly fetch manifest @jridgewell/trace-mapping@0.3.9
5516 silly packumentCache full:https://registry.npmjs.org/@jridgewell%2ftrace-mapping cache-hit
5517 silly placeDep node_modules/@cspotcode/source-map-support @jridgewell/trace-mapping@0.3.9 OK for: @cspotcode/source-map-support@0.8.1 want: 0.3.9
5518 silly placeDep ROOT for-each@0.3.5 OK for: typed-array-byte-length@1.0.3 want: ^0.3.3
5519 silly placeDep ROOT reflect.getprototypeof@1.0.10 OK for: typed-array-byte-offset@1.0.5 want: ^1.0.10
5520 silly fetch manifest which-builtin-type@^1.2.1
5521 silly packumentCache full:https://registry.npmjs.org/which-builtin-type cache-miss
5522 http fetch GET 200 https://registry.npmjs.org/which-builtin-type 92ms (cache miss)
5523 silly packumentCache full:https://registry.npmjs.org/which-builtin-type set size:undefined disposed:false
5524 silly placeDep ROOT which-builtin-type@1.2.1 OK for: reflect.getprototypeof@1.0.10 want: ^1.2.1
5525 silly fetch manifest is-async-function@^2.0.0
5526 silly packumentCache full:https://registry.npmjs.org/is-async-function cache-miss
5527 silly fetch manifest is-finalizationregistry@^1.1.0
5528 silly packumentCache full:https://registry.npmjs.org/is-finalizationregistry cache-miss
5529 silly fetch manifest is-generator-function@^1.0.10
5530 silly packumentCache full:https://registry.npmjs.org/is-generator-function cache-miss
5531 silly fetch manifest which-boxed-primitive@^1.1.0
5532 silly packumentCache full:https://registry.npmjs.org/which-boxed-primitive cache-miss
5533 silly fetch manifest which-collection@^1.0.2
5534 silly packumentCache full:https://registry.npmjs.org/which-collection cache-miss
5535 http cache https://registry.npmjs.org/which-boxed-primitive 23ms (cache hit)
5536 silly packumentCache full:https://registry.npmjs.org/which-boxed-primitive set size:19407 disposed:false
5537 http fetch GET 200 https://registry.npmjs.org/which-collection 81ms (cache miss)
5538 silly packumentCache full:https://registry.npmjs.org/which-collection set size:undefined disposed:false
5539 http fetch GET 200 https://registry.npmjs.org/is-finalizationregistry 97ms (cache miss)
5540 silly packumentCache full:https://registry.npmjs.org/is-finalizationregistry set size:undefined disposed:false
5541 http fetch GET 200 https://registry.npmjs.org/is-async-function 102ms (cache miss)
5542 silly packumentCache full:https://registry.npmjs.org/is-async-function set size:undefined disposed:false
5543 http fetch GET 200 https://registry.npmjs.org/is-generator-function 111ms (cache miss)
5544 silly packumentCache full:https://registry.npmjs.org/is-generator-function set size:undefined disposed:false
5545 silly placeDep ROOT @gerrit0/mini-shiki@1.27.2 OK for: typedoc@0.27.9 want: ^1.24.0
5546 silly placeDep ROOT lunr@2.3.9 OK for: typedoc@0.27.9 want: ^2.3.9
5547 silly placeDep ROOT markdown-it@14.3.2 OK for: typedoc@0.27.9 want: ^14.1.0
5548 silly placeDep node_modules/typedoc minimatch@9.0.9 OK for: typedoc@0.27.9 want: ^9.0.5
5549 silly placeDep ROOT yaml@2.9.1 OK for: typedoc@0.27.9 want: ^2.6.1
5550 silly fetch manifest @shikijs/types@^1.27.2
5551 silly packumentCache full:https://registry.npmjs.org/@shikijs%2ftypes cache-miss
5552 silly fetch manifest @shikijs/vscode-textmate@^10.0.1
5553 silly packumentCache full:https://registry.npmjs.org/@shikijs%2fvscode-textmate cache-miss
5554 silly fetch manifest @shikijs/engine-oniguruma@^1.27.2
5555 silly packumentCache full:https://registry.npmjs.org/@shikijs%2fengine-oniguruma cache-miss
5556 silly fetch manifest mdurl@^2.0.0
5557 silly packumentCache full:https://registry.npmjs.org/mdurl cache-miss
5558 silly fetch manifest uc.micro@^2.1.0
5559 silly packumentCache full:https://registry.npmjs.org/uc.micro cache-miss
5560 silly fetch manifest linkify-it@^5.0.2
5561 silly packumentCache full:https://registry.npmjs.org/linkify-it cache-miss
5562 http fetch GET 200 https://registry.npmjs.org/mdurl 92ms (cache miss)
5563 silly packumentCache full:https://registry.npmjs.org/mdurl set size:undefined disposed:false
5564 silly fetch manifest punycode.js@^2.3.1
5565 silly packumentCache full:https://registry.npmjs.org/punycode.js cache-miss
5566 http fetch GET 200 https://registry.npmjs.org/uc.micro 100ms (cache miss)
5567 silly packumentCache full:https://registry.npmjs.org/uc.micro set size:undefined disposed:false
5568 silly fetch manifest brace-expansion@^2.0.2
5569 silly packumentCache full:https://registry.npmjs.org/brace-expansion cache-miss
5570 http fetch GET 200 https://registry.npmjs.org/@shikijs%2fvscode-textmate 117ms (cache miss)
5571 silly packumentCache full:https://registry.npmjs.org/@shikijs%2fvscode-textmate set size:undefined disposed:false
5572 http fetch GET 200 https://registry.npmjs.org/@shikijs%2ftypes 130ms (cache miss)
5573 silly packumentCache full:https://registry.npmjs.org/@shikijs%2ftypes set size:undefined disposed:false
5574 http cache https://registry.npmjs.org/brace-expansion 35ms (cache hit)
5575 silly packumentCache full:https://registry.npmjs.org/brace-expansion set size:128514 disposed:false
5576 http fetch GET 200 https://registry.npmjs.org/@shikijs%2fengine-oniguruma 157ms (cache miss)
5577 silly packumentCache full:https://registry.npmjs.org/@shikijs%2fengine-oniguruma set size:undefined disposed:false
5578 http fetch GET 200 https://registry.npmjs.org/punycode.js 93ms (cache miss)
5579 silly packumentCache full:https://registry.npmjs.org/punycode.js set size:undefined disposed:false
5580 http fetch GET 200 https://registry.npmjs.org/linkify-it 318ms (cache miss)
5581 silly packumentCache full:https://registry.npmjs.org/linkify-it set size:undefined disposed:false
5582 silly placeDep ROOT @shikijs/engine-oniguruma@1.29.2 OK for: @gerrit0/mini-shiki@1.27.2 want: ^1.27.2
5583 silly placeDep ROOT @shikijs/types@1.29.2 OK for: @gerrit0/mini-shiki@1.27.2 want: ^1.27.2
5584 silly placeDep ROOT @shikijs/vscode-textmate@10.0.2 OK for: @gerrit0/mini-shiki@1.27.2 want: ^10.0.1
5585 silly fetch manifest @shikijs/types@1.29.2
5586 silly packumentCache full:https://registry.npmjs.org/@shikijs%2ftypes cache-miss
5587 silly fetch manifest @types/hast@^3.0.4
5588 silly packumentCache full:https://registry.npmjs.org/@types%2fhast cache-miss
5589 http cache https://registry.npmjs.org/@shikijs%2ftypes 16ms (cache hit)
5590 silly packumentCache full:https://registry.npmjs.org/@shikijs%2ftypes set size:193623 disposed:false
5591 http fetch GET 200 https://registry.npmjs.org/@types%2fhast 308ms (cache miss)
5592 silly packumentCache full:https://registry.npmjs.org/@types%2fhast set size:undefined disposed:false
5593 silly placeDep ROOT @types/hast@3.0.5 OK for: @shikijs/types@1.29.2 want: ^3.0.4
5594 silly fetch manifest @types/unist@*
5595 silly packumentCache full:https://registry.npmjs.org/@types%2funist cache-miss
5596 http fetch GET 200 https://registry.npmjs.org/@types%2funist 104ms (cache miss)
5597 silly packumentCache full:https://registry.npmjs.org/@types%2funist set size:undefined disposed:false
5598 silly placeDep ROOT @types/unist@3.0.3 OK for: @types/hast@3.0.5 want: *
5599 silly placeDep ROOT linkify-it@5.0.2 OK for: markdown-it@14.3.2 want: ^5.0.2
5600 silly placeDep ROOT mdurl@2.1.0 OK for: markdown-it@14.3.2 want: ^2.0.0
5601 silly placeDep ROOT punycode.js@2.3.1 OK for: markdown-it@14.3.2 want: ^2.3.1
5602 silly placeDep ROOT uc.micro@2.1.0 OK for: markdown-it@14.3.2 want: ^2.1.0
5603 silly fetch manifest uc.micro@^2.0.0
5604 silly packumentCache full:https://registry.npmjs.org/uc.micro cache-miss
5605 http cache https://registry.npmjs.org/uc.micro 8ms (cache hit)
5606 silly packumentCache full:https://registry.npmjs.org/uc.micro set size:18730 disposed:false
5607 silly placeDep ROOT has-bigints@1.1.0 OK for: unbox-primitive@1.1.0 want: ^1.0.2
5608 silly placeDep ROOT which-boxed-primitive@1.1.1 OK for: unbox-primitive@1.1.0 want: ^1.1.1
5609 silly fetch manifest is-bigint@^1.1.0
5610 silly packumentCache full:https://registry.npmjs.org/is-bigint cache-miss
5611 silly fetch manifest is-boolean-object@^1.2.1
5612 silly packumentCache full:https://registry.npmjs.org/is-boolean-object cache-miss
5613 silly fetch manifest is-number-object@^1.1.1
5614 silly packumentCache full:https://registry.npmjs.org/is-number-object cache-miss
5615 http fetch GET 200 https://registry.npmjs.org/is-boolean-object 82ms (cache miss)
5616 silly packumentCache full:https://registry.npmjs.org/is-boolean-object set size:undefined disposed:false
5617 http fetch GET 200 https://registry.npmjs.org/is-number-object 86ms (cache miss)
5618 silly packumentCache full:https://registry.npmjs.org/is-number-object set size:undefined disposed:false
5619 http fetch GET 200 https://registry.npmjs.org/is-bigint 93ms (cache miss)
5620 silly packumentCache full:https://registry.npmjs.org/is-bigint set size:undefined disposed:false
5621 silly placeDep ROOT escalade@3.2.0 OK for: update-browserslist-db@1.3.3 want: ^3.2.0
5622 silly placeDep ROOT boxen@7.1.1 OK for: update-notifier@6.0.2 want: ^7.0.0
5623 silly placeDep node_modules/update-notifier chalk@5.6.2 OK for: update-notifier@6.0.2 want: ^5.0.1
5624 silly placeDep ROOT configstore@6.0.0 OK for: update-notifier@6.0.2 want: ^6.0.0
5625 silly placeDep ROOT has-yarn@3.0.0 OK for: update-notifier@6.0.2 want: ^3.0.0
5626 silly placeDep ROOT import-lazy@4.0.0 OK for: update-notifier@6.0.2 want: ^4.0.0
5627 silly placeDep ROOT is-installed-globally@0.4.0 OK for: update-notifier@6.0.2 want: ^0.4.0
5628 silly placeDep ROOT is-npm@6.1.0 OK for: update-notifier@6.0.2 want: ^6.0.0
5629 silly placeDep ROOT is-yarn-global@0.4.1 OK for: update-notifier@6.0.2 want: ^0.4.0
5630 silly placeDep ROOT latest-version@7.0.0 OK for: update-notifier@6.0.2 want: ^7.0.0
5631 silly placeDep ROOT pupa@3.3.0 OK for: update-notifier@6.0.2 want: ^3.1.0
5632 silly placeDep node_modules/update-notifier semver@7.8.5 OK for: update-notifier@6.0.2 want: ^7.3.7
5633 silly placeDep ROOT semver-diff@4.0.0 OK for: update-notifier@6.0.2 want: ^4.0.0
5634 silly placeDep ROOT xdg-basedir@5.1.0 OK for: update-notifier@6.0.2 want: ^5.1.0
5635 silly fetch manifest camelcase@^7.0.1
5636 silly packumentCache full:https://registry.npmjs.org/camelcase cache-hit
5637 silly fetch manifest cli-boxes@^3.0.0
5638 silly packumentCache full:https://registry.npmjs.org/cli-boxes cache-miss
5639 silly fetch manifest type-fest@^2.13.0
5640 silly packumentCache full:https://registry.npmjs.org/type-fest cache-hit
5641 silly fetch manifest wrap-ansi@^8.1.0
5642 silly packumentCache full:https://registry.npmjs.org/wrap-ansi cache-miss
5643 silly fetch manifest ansi-align@^3.0.1
5644 silly packumentCache full:https://registry.npmjs.org/ansi-align cache-miss
5645 silly fetch manifest widest-line@^4.0.1
5646 silly packumentCache full:https://registry.npmjs.org/widest-line cache-miss
5647 silly fetch manifest string-width@^5.1.2
5648 silly packumentCache full:https://registry.npmjs.org/string-width cache-hit
5649 silly fetch manifest dot-prop@^6.0.1
5650 silly packumentCache full:https://registry.npmjs.org/dot-prop cache-miss
5651 silly fetch manifest xdg-basedir@^5.0.1
5652 silly packumentCache full:https://registry.npmjs.org/xdg-basedir cache-miss
5653 http cache https://registry.npmjs.org/xdg-basedir 21ms (cache hit)
5654 silly packumentCache full:https://registry.npmjs.org/xdg-basedir set size:19771 disposed:false
5655 silly fetch manifest unique-string@^3.0.0
5656 silly packumentCache full:https://registry.npmjs.org/unique-string cache-miss
5657 http cache https://registry.npmjs.org/dot-prop 30ms (cache hit)
5658 silly packumentCache full:https://registry.npmjs.org/dot-prop set size:77505 disposed:false
5659 silly fetch manifest global-dirs@^3.0.0
5660 silly packumentCache full:https://registry.npmjs.org/global-dirs cache-miss
5661 http cache https://registry.npmjs.org/wrap-ansi 55ms (cache hit)
5662 silly packumentCache full:https://registry.npmjs.org/wrap-ansi set size:59620 disposed:false
5663 silly fetch manifest package-json@^8.1.0
5664 silly packumentCache full:https://registry.npmjs.org/package-json cache-miss
5665 http fetch GET 200 https://registry.npmjs.org/cli-boxes 114ms (cache miss)
5666 silly packumentCache full:https://registry.npmjs.org/cli-boxes set size:undefined disposed:false
5667 silly fetch manifest escape-goat@^4.0.0
5668 silly packumentCache full:https://registry.npmjs.org/escape-goat cache-miss
5669 http fetch GET 200 https://registry.npmjs.org/ansi-align 127ms (cache miss)
5670 silly packumentCache full:https://registry.npmjs.org/ansi-align set size:undefined disposed:false
5671 silly fetch manifest semver@^7.3.5
5672 silly packumentCache full:https://registry.npmjs.org/semver cache-hit
5673 http fetch GET 200 https://registry.npmjs.org/widest-line 136ms (cache miss)
5674 silly packumentCache full:https://registry.npmjs.org/widest-line set size:undefined disposed:false
5675 http fetch GET 200 https://registry.npmjs.org/unique-string 110ms (cache miss)
5676 silly packumentCache full:https://registry.npmjs.org/unique-string set size:undefined disposed:false
5677 http fetch GET 200 https://registry.npmjs.org/global-dirs 107ms (cache miss)
5678 silly packumentCache full:https://registry.npmjs.org/global-dirs set size:undefined disposed:false
5679 http fetch GET 200 https://registry.npmjs.org/package-json 103ms (cache miss)
5680 silly packumentCache full:https://registry.npmjs.org/package-json set size:undefined disposed:false
5681 http fetch GET 200 https://registry.npmjs.org/escape-goat 104ms (cache miss)
5682 silly packumentCache full:https://registry.npmjs.org/escape-goat set size:undefined disposed:false
5683 silly placeDep ROOT ansi-align@3.0.1 OK for: boxen@7.1.1 want: ^3.0.1
5684 silly placeDep node_modules/boxen camelcase@7.0.1 OK for: boxen@7.1.1 want: ^7.0.1
5685 silly placeDep node_modules/boxen chalk@5.6.2 OK for: boxen@7.1.1 want: ^5.2.0
5686 silly placeDep ROOT cli-boxes@3.0.0 OK for: boxen@7.1.1 want: ^3.0.0
5687 silly placeDep node_modules/boxen string-width@5.1.2 OK for: boxen@7.1.1 want: ^5.1.2
5688 silly placeDep node_modules/boxen type-fest@2.19.0 OK for: boxen@7.1.1 want: ^2.13.0
5689 silly placeDep ROOT widest-line@4.0.1 OK for: boxen@7.1.1 want: ^4.0.1
5690 silly placeDep node_modules/boxen wrap-ansi@8.1.0 OK for: boxen@7.1.1 want: ^8.1.0
5691 silly fetch manifest emoji-regex@^9.2.2
5692 silly packumentCache full:https://registry.npmjs.org/emoji-regex cache-miss
5693 silly fetch manifest eastasianwidth@^0.2.0
5694 silly packumentCache full:https://registry.npmjs.org/eastasianwidth cache-miss
5695 silly fetch manifest string-width@^5.0.1
5696 silly packumentCache full:https://registry.npmjs.org/string-width cache-hit
5697 silly fetch manifest ansi-styles@^6.1.0
5698 silly packumentCache full:https://registry.npmjs.org/ansi-styles cache-hit
5699 http cache https://registry.npmjs.org/emoji-regex 19ms (cache hit)
5700 silly packumentCache full:https://registry.npmjs.org/emoji-regex set size:91540 disposed:false
5701 http fetch GET 200 https://registry.npmjs.org/eastasianwidth 75ms (cache miss)
5702 silly packumentCache full:https://registry.npmjs.org/eastasianwidth set size:undefined disposed:false
5703 silly placeDep node_modules/configstore dot-prop@6.0.1 OK for: configstore@6.0.0 want: ^6.0.1
5704 silly placeDep ROOT unique-string@3.0.0 OK for: configstore@6.0.0 want: ^3.0.0
5705 silly fetch manifest crypto-random-string@^4.0.0
5706 silly packumentCache full:https://registry.npmjs.org/crypto-random-string cache-miss
5707 http fetch GET 200 https://registry.npmjs.org/crypto-random-string 93ms (cache miss)
5708 silly packumentCache full:https://registry.npmjs.org/crypto-random-string set size:undefined disposed:false
5709 silly placeDep ROOT global-dirs@3.0.1 OK for: is-installed-globally@0.4.0 want: ^3.0.0
5710 silly fetch manifest ini@2.0.0
5711 silly packumentCache full:https://registry.npmjs.org/ini cache-miss
5712 http cache https://registry.npmjs.org/ini 19ms (cache hit)
5713 silly packumentCache full:https://registry.npmjs.org/ini set size:59183 disposed:false
5714 silly placeDep node_modules/global-dirs ini@2.0.0 OK for: global-dirs@3.0.1 want: 2.0.0
5715 silly placeDep ROOT package-json@8.1.1 OK for: latest-version@7.0.0 want: ^8.1.0
5716 silly fetch manifest registry-url@^6.0.0
5717 silly packumentCache full:https://registry.npmjs.org/registry-url cache-miss
5718 silly fetch manifest registry-auth-token@^5.0.1
5719 silly packumentCache full:https://registry.npmjs.org/registry-auth-token cache-miss
5720 http fetch GET 200 https://registry.npmjs.org/registry-url 115ms (cache miss)
5721 silly packumentCache full:https://registry.npmjs.org/registry-url set size:undefined disposed:false
5722 http fetch GET 200 https://registry.npmjs.org/registry-auth-token 126ms (cache miss)
5723 silly packumentCache full:https://registry.npmjs.org/registry-auth-token set size:undefined disposed:false
5724 silly placeDep ROOT registry-auth-token@5.1.1 OK for: package-json@8.1.1 want: ^5.0.1
5725 silly placeDep ROOT registry-url@6.0.1 OK for: package-json@8.1.1 want: ^6.0.0
5726 silly placeDep node_modules/package-json semver@7.8.5 OK for: package-json@8.1.1 want: ^7.3.7
5727 silly fetch manifest @pnpm/npm-conf@^3.0.2
5728 silly packumentCache full:https://registry.npmjs.org/@pnpm%2fnpm-conf cache-miss
5729 silly fetch manifest rc@1.2.8
5730 silly packumentCache full:https://registry.npmjs.org/rc cache-miss
5731 http fetch GET 200 https://registry.npmjs.org/@pnpm%2fnpm-conf 149ms (cache miss)
5732 silly packumentCache full:https://registry.npmjs.org/@pnpm%2fnpm-conf set size:undefined disposed:false
5733 http fetch GET 200 https://registry.npmjs.org/rc 159ms (cache miss)
5734 silly packumentCache full:https://registry.npmjs.org/rc set size:undefined disposed:false
5735 silly placeDep ROOT escape-goat@4.0.0 OK for: pupa@3.3.0 want: ^4.0.0
5736 silly placeDep ROOT @pnpm/npm-conf@3.0.3 OK for: registry-auth-token@5.1.1 want: ^3.0.2
5737 silly fetch manifest @pnpm/config.env-replace@^1.1.0
5738 silly packumentCache full:https://registry.npmjs.org/@pnpm%2fconfig.env-replace cache-miss
5739 silly fetch manifest @pnpm/network.ca-file@^1.0.1
5740 silly packumentCache full:https://registry.npmjs.org/@pnpm%2fnetwork.ca-file cache-miss
5741 silly fetch manifest config-chain@^1.1.11
5742 silly packumentCache full:https://registry.npmjs.org/config-chain cache-miss
5743 http fetch GET 200 https://registry.npmjs.org/@pnpm%2fnetwork.ca-file 124ms (cache miss)
5744 silly packumentCache full:https://registry.npmjs.org/@pnpm%2fnetwork.ca-file set size:undefined disposed:false
5745 http fetch GET 200 https://registry.npmjs.org/config-chain 134ms (cache miss)
5746 silly packumentCache full:https://registry.npmjs.org/config-chain set size:undefined disposed:false
5747 http fetch GET 200 https://registry.npmjs.org/@pnpm%2fconfig.env-replace 151ms (cache miss)
5748 silly packumentCache full:https://registry.npmjs.org/@pnpm%2fconfig.env-replace set size:undefined disposed:false
5749 silly placeDep ROOT @pnpm/config.env-replace@1.1.0 OK for: @pnpm/npm-conf@3.0.3 want: ^1.1.0
5750 silly placeDep ROOT @pnpm/network.ca-file@1.0.2 OK for: @pnpm/npm-conf@3.0.3 want: ^1.0.1
5751 silly placeDep ROOT config-chain@1.1.13 OK for: @pnpm/npm-conf@3.0.3 want: ^1.1.11
5752 silly fetch manifest graceful-fs@4.2.10
5753 silly packumentCache full:https://registry.npmjs.org/graceful-fs cache-miss
5754 silly fetch manifest proto-list@~1.2.1
5755 silly packumentCache full:https://registry.npmjs.org/proto-list cache-miss
5756 http cache https://registry.npmjs.org/graceful-fs 24ms (cache hit)
5757 silly packumentCache full:https://registry.npmjs.org/graceful-fs set size:124285 disposed:false
5758 http fetch GET 200 https://registry.npmjs.org/proto-list 85ms (cache miss)
5759 silly packumentCache full:https://registry.npmjs.org/proto-list set size:undefined disposed:false
5760 silly placeDep node_modules/@pnpm/network.ca-file graceful-fs@4.2.10 OK for: @pnpm/network.ca-file@1.0.2 want: 4.2.10
5761 silly placeDep ROOT proto-list@1.2.4 OK for: config-chain@1.1.13 want: ~1.2.1
5762 silly placeDep ROOT rc@1.2.8 OK for: registry-url@6.0.1 want: 1.2.8
5763 silly fetch manifest deep-extend@^0.6.0
5764 silly packumentCache full:https://registry.npmjs.org/deep-extend cache-miss
5765 silly fetch manifest strip-json-comments@~2.0.1
5766 silly packumentCache full:https://registry.npmjs.org/strip-json-comments cache-miss
5767 http cache https://registry.npmjs.org/strip-json-comments 20ms (cache hit)
5768 silly packumentCache full:https://registry.npmjs.org/strip-json-comments set size:43569 disposed:false
5769 http fetch GET 200 https://registry.npmjs.org/deep-extend 72ms (cache miss)
5770 silly packumentCache full:https://registry.npmjs.org/deep-extend set size:undefined disposed:false
5771 silly placeDep ROOT deep-extend@0.6.0 OK for: rc@1.2.8 want: ^0.6.0
5772 silly placeDep node_modules/rc strip-json-comments@2.0.1 OK for: rc@1.2.8 want: ~2.0.1
5773 silly placeDep node_modules/semver-diff semver@7.8.5 OK for: semver-diff@4.0.0 want: ^7.3.5
5774 silly placeDep ROOT crypto-random-string@4.0.0 OK for: unique-string@3.0.0 want: ^4.0.0
5775 silly fetch manifest type-fest@^1.0.1
5776 silly packumentCache full:https://registry.npmjs.org/type-fest cache-hit
5777 silly placeDep node_modules/crypto-random-string type-fest@1.4.0 OK for: crypto-random-string@4.0.0 want: ^1.0.1
5778 silly placeDep node_modules/url punycode@1.3.2 OK for: url@0.11.0 want: 1.3.2
5779 silly placeDep ROOT querystring@0.2.0 OK for: url@0.11.0 want: 0.2.0
5780 silly placeDep ROOT querystringify@2.2.0 OK for: url-parse@1.5.10 want: ^2.1.1
5781 silly placeDep ROOT requires-port@1.0.0 OK for: url-parse@1.5.10 want: ^1.0.0
5782 silly placeDep ROOT pako@1.0.11 OK for: utif@2.0.1 want: ^1.0.5
5783 silly placeDep node_modules/v8-to-istanbul source-map@0.7.6 OK for: v8-to-istanbul@8.1.1 want: ^0.7.3
5784 silly placeDep ROOT spdx-correct@3.2.0 OK for: validate-npm-package-license@3.0.4 want: ^3.0.0
5785 silly placeDep ROOT spdx-expression-parse@3.0.1 OK for: validate-npm-package-license@3.0.4 want: ^3.0.0
5786 silly fetch manifest spdx-license-ids@^3.0.0
5787 silly packumentCache full:https://registry.npmjs.org/spdx-license-ids cache-miss
5788 silly fetch manifest spdx-exceptions@^2.1.0
5789 silly packumentCache full:https://registry.npmjs.org/spdx-exceptions cache-miss
5790 silly fetch manifest spdx-license-ids@^3.0.0
5791 silly packumentCache full:https://registry.npmjs.org/spdx-license-ids cache-miss
5792 http fetch GET 200 https://registry.npmjs.org/spdx-exceptions 84ms (cache miss)
5793 silly packumentCache full:https://registry.npmjs.org/spdx-exceptions set size:undefined disposed:false
5794 http fetch GET 200 https://registry.npmjs.org/spdx-license-ids 117ms (cache miss)
5795 silly packumentCache full:https://registry.npmjs.org/spdx-license-ids set size:undefined disposed:false
5796 http fetch GET 200 https://registry.npmjs.org/spdx-license-ids 135ms (cache miss)
5797 silly packumentCache full:https://registry.npmjs.org/spdx-license-ids set size:undefined disposed:false
5798 silly placeDep ROOT spdx-license-ids@3.0.24 OK for: spdx-correct@3.2.0 want: ^3.0.0
5799 silly placeDep ROOT spdx-exceptions@2.5.0 OK for: spdx-expression-parse@3.0.1 want: ^2.1.0
5800 silly placeDep node_modules/vm2 acorn-walk@8.3.5 OK for: vm2@3.12.2 want: ^8.3.4
5801 silly placeDep ROOT browser-process-hrtime@1.0.0 OK for: w3c-hr-time@1.0.2 want: ^1.0.0
5802 silly placeDep ROOT makeerror@1.0.12 OK for: walker@1.0.8 want: 1.0.12
5803 silly fetch manifest tmpl@1.0.5
5804 silly packumentCache full:https://registry.npmjs.org/tmpl cache-miss
5805 http fetch GET 200 https://registry.npmjs.org/tmpl 69ms (cache miss)
5806 silly packumentCache full:https://registry.npmjs.org/tmpl set size:undefined disposed:false
5807 silly placeDep ROOT tmpl@1.0.5 OK for: makeerror@1.0.12 want: 1.0.5
5808 silly placeDep ROOT defaults@1.0.4 OK for: wcwidth@1.0.1 want: ^1.0.3
5809 silly fetch manifest clone@^1.0.2
5810 silly packumentCache full:https://registry.npmjs.org/clone cache-miss
5811 http fetch GET 200 https://registry.npmjs.org/clone 91ms (cache miss)
5812 silly packumentCache full:https://registry.npmjs.org/clone set size:undefined disposed:false
5813 silly placeDep ROOT clone@1.0.4 OK for: defaults@1.0.4 want: ^1.0.2
5814 silly placeDep ROOT tr46@2.1.0 OK for: whatwg-url@8.7.0 want: ^2.1.0
5815 silly placeDep ROOT isexe@2.0.0 OK for: which@2.0.2 want: ^2.0.0
5816 silly placeDep ROOT is-bigint@1.1.0 OK for: which-boxed-primitive@1.1.1 want: ^1.1.0
5817 silly placeDep ROOT is-boolean-object@1.2.2 OK for: which-boxed-primitive@1.1.1 want: ^1.2.1
5818 silly placeDep ROOT is-number-object@1.1.1 OK for: which-boxed-primitive@1.1.1 want: ^1.1.1
5819 silly placeDep ROOT is-async-function@2.1.1 OK for: which-builtin-type@1.2.1 want: ^2.0.0
5820 silly placeDep ROOT is-finalizationregistry@1.1.1 OK for: which-builtin-type@1.2.1 want: ^1.1.0
5821 silly placeDep ROOT is-generator-function@1.1.2 OK for: which-builtin-type@1.2.1 want: ^1.0.10
5822 silly placeDep ROOT which-collection@1.0.2 OK for: which-builtin-type@1.2.1 want: ^1.0.2
5823 silly fetch manifest async-function@^1.0.0
5824 silly packumentCache full:https://registry.npmjs.org/async-function cache-miss
5825 silly fetch manifest generator-function@^2.0.0
5826 silly packumentCache full:https://registry.npmjs.org/generator-function cache-miss
5827 silly fetch manifest is-weakmap@^2.0.2
5828 silly packumentCache full:https://registry.npmjs.org/is-weakmap cache-miss
5829 silly fetch manifest is-weakset@^2.0.3
5830 silly packumentCache full:https://registry.npmjs.org/is-weakset cache-miss
5831 http fetch GET 200 https://registry.npmjs.org/generator-function 94ms (cache miss)
5832 silly packumentCache full:https://registry.npmjs.org/generator-function set size:undefined disposed:false
5833 http fetch GET 200 https://registry.npmjs.org/async-function 107ms (cache miss)
5834 silly packumentCache full:https://registry.npmjs.org/async-function set size:undefined disposed:false
5835 http fetch GET 200 https://registry.npmjs.org/is-weakmap 108ms (cache miss)
5836 silly packumentCache full:https://registry.npmjs.org/is-weakmap set size:undefined disposed:false
5837 http fetch GET 200 https://registry.npmjs.org/is-weakset 110ms (cache miss)
5838 silly packumentCache full:https://registry.npmjs.org/is-weakset set size:undefined disposed:false
5839 silly placeDep ROOT async-function@1.0.0 OK for: is-async-function@2.1.1 want: ^1.0.0
5840 silly placeDep ROOT generator-function@2.0.1 OK for: is-generator-function@1.1.2 want: ^2.0.0
5841 silly placeDep ROOT is-weakmap@2.0.2 OK for: which-collection@1.0.2 want: ^2.0.2
5842 silly placeDep ROOT is-weakset@2.0.4 OK for: which-collection@1.0.2 want: ^2.0.3
5843 silly placeDep node_modules/widest-line string-width@5.1.2 OK for: widest-line@4.0.1 want: ^5.0.1
5844 silly placeDep ROOT is-typedarray@1.0.0 OK for: write-file-atomic@3.0.3 want: ^1.0.0
5845 silly placeDep ROOT typedarray-to-buffer@3.1.5 OK for: write-file-atomic@3.0.3 want: ^3.1.5
5846 silly placeDep ROOT global@4.4.0 OK for: xhr@2.6.0 want: ~4.4.0
5847 silly placeDep ROOT is-function@1.0.2 OK for: xhr@2.6.0 want: ^1.0.1
5848 silly placeDep ROOT parse-headers@2.0.6 OK for: xhr@2.6.0 want: ^2.0.0
5849 silly fetch manifest min-document@^2.19.0
5850 silly packumentCache full:https://registry.npmjs.org/min-document cache-miss
5851 http fetch GET 200 https://registry.npmjs.org/min-document 92ms (cache miss)
5852 silly packumentCache full:https://registry.npmjs.org/min-document set size:undefined disposed:false
5853 silly placeDep ROOT min-document@2.19.2 OK for: global@4.4.0 want: ^2.19.0
5854 silly fetch manifest dom-walk@^0.1.0
5855 silly packumentCache full:https://registry.npmjs.org/dom-walk cache-miss
5856 http fetch GET 200 https://registry.npmjs.org/dom-walk 82ms (cache miss)
5857 silly packumentCache full:https://registry.npmjs.org/dom-walk set size:undefined disposed:false
5858 silly placeDep ROOT dom-walk@0.1.2 OK for: min-document@2.19.2 want: ^0.1.0
5859 silly placeDep ROOT sax@1.6.1 OK for: xml2js@0.5.0 want: >=0.6.0
5860 silly placeDep ROOT xmlbuilder@11.0.1 OK for: xml2js@0.5.0 want: ~11.0.0
5861 silly placeDep ROOT cliui@7.0.4 OK for: yargs@16.2.2 want: ^7.0.2
5862 silly placeDep ROOT get-caller-file@2.0.5 OK for: yargs@16.2.2 want: ^2.0.5
5863 silly placeDep ROOT require-directory@2.1.1 OK for: yargs@16.2.2 want: ^2.1.1
5864 silly placeDep ROOT y18n@5.0.8 OK for: yargs@16.2.2 want: ^5.0.5
5865 silly fetch manifest wrap-ansi@^7.0.0
5866 silly packumentCache full:https://registry.npmjs.org/wrap-ansi cache-hit
5867 silly placeDep node_modules/cliui wrap-ansi@7.0.0 OK for: cliui@7.0.4 want: ^7.0.0
5868 silly placeDep ROOT @typescript-eslint/types@8.70.1 OK for: @stylistic/eslint-plugin@5.10.0 want: ^8.56.0
5869 silly placeDep node_modules/@adiwajshing/eslint-config eslint-visitor-keys@4.2.1 OK for: @stylistic/eslint-plugin@5.10.0 want: ^4.2.1
5870 silly placeDep node_modules/@adiwajshing/eslint-config espree@10.4.0 OK for: @stylistic/eslint-plugin@5.10.0 want: ^10.4.0
5871 silly placeDep node_modules/@adiwajshing/eslint-config picomatch@4.0.7 OK for: @stylistic/eslint-plugin@5.10.0 want: ^4.0.3
5872 silly placeDep ROOT @eslint/config-array@0.23.5 OK for: eslint@10.11.0 want: ^0.23.5
5873 silly placeDep ROOT @eslint/config-helpers@0.7.0 OK for: eslint@10.11.0 want: ^0.7.0
5874 silly placeDep ROOT @eslint/core@1.2.1 OK for: eslint@10.11.0 want: ^1.2.1
5875 silly placeDep ROOT @eslint/plugin-kit@0.7.3 OK for: eslint@10.11.0 want: ^0.7.3
5876 silly placeDep ROOT @humanfs/node@0.16.8 OK for: eslint@10.11.0 want: ^0.16.6
5877 silly placeDep ROOT @humanwhocodes/retry@0.4.3 OK for: eslint@10.11.0 want: ^0.4.2
5878 silly placeDep ROOT @types/estree@1.0.9 OK for: eslint@10.11.0 want: ^1.0.6
5879 silly placeDep node_modules/@adiwajshing/eslint-config eslint-scope@9.1.2 OK for: eslint@10.11.0 want: ^9.1.2
5880 silly placeDep node_modules/@adiwajshing/eslint-config/node_modules/eslint eslint-visitor-keys@5.0.1 OK for: eslint@10.11.0 want: ^5.0.1
5881 silly placeDep node_modules/@adiwajshing/eslint-config/node_modules/eslint espree@11.2.0 OK for: eslint@10.11.0 want: ^11.2.0
5882 silly placeDep node_modules/@adiwajshing/eslint-config file-entry-cache@11.1.5 OK for: eslint@10.11.0 want: 11.1.5 || >11.1.6 <12
5883 silly placeDep node_modules/@adiwajshing/eslint-config minimatch@10.2.6 OK for: eslint@10.11.0 want: ^10.2.5
5884 silly fetch manifest @eslint/object-schema@^3.0.5
5885 silly packumentCache full:https://registry.npmjs.org/@eslint%2fobject-schema cache-miss
5886 silly fetch manifest minimatch@^10.2.4
5887 silly packumentCache full:https://registry.npmjs.org/minimatch cache-hit
5888 silly fetch manifest @types/json-schema@^7.0.15
5889 silly packumentCache full:https://registry.npmjs.org/@types%2fjson-schema cache-miss
5890 silly fetch manifest @humanfs/core@^0.19.2
5891 silly packumentCache full:https://registry.npmjs.org/@humanfs%2fcore cache-miss
5892 silly fetch manifest @humanfs/types@^0.15.0
5893 silly packumentCache full:https://registry.npmjs.org/@humanfs%2ftypes cache-miss
5894 silly fetch manifest @humanwhocodes/retry@^0.4.0
5895 silly packumentCache full:https://registry.npmjs.org/@humanwhocodes%2fretry cache-miss
5896 silly fetch manifest @types/esrecurse@^4.3.1
5897 silly packumentCache full:https://registry.npmjs.org/@types%2fesrecurse cache-miss
5898 http cache https://registry.npmjs.org/@humanwhocodes%2fretry 26ms (cache hit)
5899 silly packumentCache full:https://registry.npmjs.org/@humanwhocodes%2fretry set size:42348 disposed:false
5900 silly fetch manifest flat-cache@^6.1.23
5901 silly packumentCache full:https://registry.npmjs.org/flat-cache cache-miss
5902 http cache https://registry.npmjs.org/flat-cache 17ms (cache hit)
5903 silly packumentCache full:https://registry.npmjs.org/flat-cache set size:160097 disposed:false
5904 silly fetch manifest brace-expansion@^5.0.8
5905 silly packumentCache full:https://registry.npmjs.org/brace-expansion cache-hit
5906 http fetch GET 200 https://registry.npmjs.org/@types%2fesrecurse 151ms (cache miss)
5907 silly packumentCache full:https://registry.npmjs.org/@types%2fesrecurse set size:undefined disposed:false
5908 http fetch GET 200 https://registry.npmjs.org/@types%2fjson-schema 165ms (cache miss)
5909 silly packumentCache full:https://registry.npmjs.org/@types%2fjson-schema set size:undefined disposed:false
5910 http fetch GET 200 https://registry.npmjs.org/@humanfs%2fcore 167ms (cache miss)
5911 silly packumentCache full:https://registry.npmjs.org/@humanfs%2fcore set size:undefined disposed:false
5912 http fetch GET 200 https://registry.npmjs.org/@humanfs%2ftypes 178ms (cache miss)
5913 silly packumentCache full:https://registry.npmjs.org/@humanfs%2ftypes set size:undefined disposed:false
5914 http fetch GET 200 https://registry.npmjs.org/@eslint%2fobject-schema 381ms (cache miss)
5915 silly packumentCache full:https://registry.npmjs.org/@eslint%2fobject-schema set size:undefined disposed:false
5916 silly placeDep ROOT @eslint/object-schema@3.0.5 OK for: @eslint/config-array@0.23.5 want: ^3.0.5
5917 silly placeDep node_modules/@eslint/config-array minimatch@10.2.6 OK for: @eslint/config-array@0.23.5 want: ^10.2.4
5918 silly placeDep ROOT @types/json-schema@7.0.15 OK for: @eslint/core@1.2.1 want: ^7.0.15
5919 silly placeDep ROOT @humanfs/core@0.19.2 OK for: @humanfs/node@0.16.8 want: ^0.19.2
5920 silly placeDep ROOT @humanfs/types@0.15.0 OK for: @humanfs/node@0.16.8 want: ^0.15.0
5921 silly placeDep ROOT @types/esrecurse@4.3.1 OK for: eslint-scope@9.1.2 want: ^4.3.1
5922 silly placeDep node_modules/@adiwajshing/eslint-config flat-cache@6.1.23 OK for: file-entry-cache@11.1.5 want: ^6.1.23
5923 silly placeDep node_modules/@adiwajshing/eslint-config brace-expansion@5.0.12 OK for: minimatch@10.2.6 want: ^5.0.8
5924 silly fetch manifest balanced-match@^4.0.2
5925 silly packumentCache full:https://registry.npmjs.org/balanced-match cache-miss
5926 http cache https://registry.npmjs.org/balanced-match 19ms (cache hit)
5927 silly packumentCache full:https://registry.npmjs.org/balanced-match set size:39082 disposed:false
5928 silly placeDep node_modules/@adiwajshing/eslint-config balanced-match@4.0.4 OK for: brace-expansion@5.0.12 want: ^4.0.2
5929 silly placeDep ROOT yallist@3.1.1 OK for: lru-cache@5.1.1 want: ^3.0.2
5930 silly placeDep node_modules/@eslint/config-array brace-expansion@5.0.12 OK for: minimatch@10.2.6 want: ^5.0.8
5931 silly placeDep node_modules/@eslint/config-array balanced-match@4.0.4 OK for: brace-expansion@5.0.12 want: ^4.0.2
5932 silly placeDep node_modules/@istanbuljs/load-nyc-config locate-path@5.0.0 OK for: find-up@4.1.0 want: ^5.0.0
5933 silly fetch manifest p-locate@^4.1.0
5934 silly packumentCache full:https://registry.npmjs.org/p-locate cache-miss
5935 http cache https://registry.npmjs.org/p-locate 13ms (cache hit)
5936 silly packumentCache full:https://registry.npmjs.org/p-locate set size:22488 disposed:false
5937 silly placeDep node_modules/@istanbuljs/load-nyc-config argparse@1.0.10 OK for: js-yaml@3.15.2 want: ^1.0.7
5938 silly fetch manifest sprintf-js@~1.0.2
5939 silly packumentCache full:https://registry.npmjs.org/sprintf-js cache-miss
5940 http fetch GET 200 https://registry.npmjs.org/sprintf-js 80ms (cache miss)
5941 silly packumentCache full:https://registry.npmjs.org/sprintf-js set size:undefined disposed:false
5942 silly placeDep ROOT sprintf-js@1.0.3 OK for: argparse@1.0.10 want: ~1.0.2
5943 silly placeDep node_modules/@istanbuljs/load-nyc-config p-locate@4.1.0 OK for: locate-path@5.0.0 want: ^4.1.0
5944 silly fetch manifest p-limit@^2.2.0
5945 silly packumentCache full:https://registry.npmjs.org/p-limit cache-miss
5946 http cache https://registry.npmjs.org/p-limit 14ms (cache hit)
5947 silly packumentCache full:https://registry.npmjs.org/p-limit set size:68604 disposed:false
5948 silly placeDep node_modules/@istanbuljs/load-nyc-config p-limit@2.3.0 OK for: p-locate@4.1.0 want: ^2.2.0
5949 silly fetch manifest p-try@^2.0.0
5950 silly packumentCache full:https://registry.npmjs.org/p-try cache-miss
5951 http fetch GET 200 https://registry.npmjs.org/p-try 153ms (cache miss)
5952 silly packumentCache full:https://registry.npmjs.org/p-try set size:undefined disposed:false
5953 silly placeDep ROOT p-try@2.2.0 OK for: p-limit@2.3.0 want: ^2.0.0
5954 silly placeDep node_modules/@octokit/request whatwg-url@5.0.0 OK for: node-fetch@2.7.0 want: ^5.0.0
5955 silly fetch manifest tr46@~0.0.3
5956 silly packumentCache full:https://registry.npmjs.org/tr46 cache-miss
5957 silly fetch manifest webidl-conversions@^3.0.0
5958 silly packumentCache full:https://registry.npmjs.org/webidl-conversions cache-hit
5959 http cache https://registry.npmjs.org/tr46 18ms (cache hit)
5960 silly packumentCache full:https://registry.npmjs.org/tr46 set size:47377 disposed:false
5961 silly placeDep node_modules/@octokit/request tr46@0.0.3 OK for: whatwg-url@5.0.0 want: ~0.0.3
5962 silly placeDep node_modules/@octokit/request webidl-conversions@3.0.1 OK for: whatwg-url@5.0.0 want: ^3.0.0
5963 silly placeDep ROOT util-deprecate@1.0.2 OK for: readable-stream@3.6.2 want: ^1.0.1
5964 silly placeDep ROOT eastasianwidth@0.2.0 OK for: string-width@5.1.2 want: ^0.2.0
5965 silly placeDep node_modules/boxen emoji-regex@9.2.2 OK for: string-width@5.1.2 want: ^9.2.2
5966 silly placeDep node_modules/boxen strip-ansi@7.2.0 OK for: string-width@5.1.2 want: ^7.0.1
5967 silly placeDep node_modules/boxen ansi-regex@6.4.0 OK for: strip-ansi@7.2.0 want: ^6.2.2
5968 silly placeDep node_modules/boxen ansi-styles@6.2.3 OK for: wrap-ansi@8.1.0 want: ^6.1.0
5969 silly placeDep ROOT json-buffer@3.0.1 OK for: keyv@4.5.4 want: 3.0.1
5970 silly placeDep node_modules/degenerator estraverse@4.3.0 OK for: escodegen@1.14.3 want: ^4.2.0
5971 silly placeDep node_modules/degenerator optionator@0.8.3 OK for: escodegen@1.14.3 want: ^0.8.1
5972 silly fetch manifest prelude-ls@~1.1.2
5973 silly packumentCache full:https://registry.npmjs.org/prelude-ls cache-miss
5974 silly fetch manifest type-check@~0.3.2
5975 silly packumentCache full:https://registry.npmjs.org/type-check cache-miss
5976 silly fetch manifest levn@~0.3.0
5977 silly packumentCache full:https://registry.npmjs.org/levn cache-miss
5978 http cache https://registry.npmjs.org/levn 15ms (cache hit)
5979 silly packumentCache full:https://registry.npmjs.org/levn set size:28223 disposed:false
5980 http cache https://registry.npmjs.org/type-check 22ms (cache hit)
5981 silly packumentCache full:https://registry.npmjs.org/type-check set size:21221 disposed:false
5982 http cache https://registry.npmjs.org/prelude-ls 28ms (cache hit)
5983 silly packumentCache full:https://registry.npmjs.org/prelude-ls set size:25777 disposed:false
5984 silly placeDep node_modules/degenerator levn@0.3.0 OK for: optionator@0.8.3 want: ~0.3.0
5985 silly placeDep node_modules/degenerator prelude-ls@1.1.2 OK for: optionator@0.8.3 want: ~1.1.2
5986 silly placeDep node_modules/degenerator type-check@0.3.2 OK for: optionator@0.8.3 want: ~0.3.2
5987 silly placeDep node_modules/get-pkg-repo readable-stream@2.3.8 OK for: through2@2.0.5 want: ~2.3.6
5988 silly fetch manifest isarray@~1.0.0
5989 silly packumentCache full:https://registry.npmjs.org/isarray cache-miss
5990 silly fetch manifest safe-buffer@~5.1.1
5991 silly packumentCache full:https://registry.npmjs.org/safe-buffer cache-miss
5992 silly fetch manifest core-util-is@~1.0.0
5993 silly packumentCache full:https://registry.npmjs.org/core-util-is cache-miss
5994 silly fetch manifest string_decoder@~1.1.1
5995 silly packumentCache full:https://registry.npmjs.org/string_decoder cache-miss
5996 silly fetch manifest process-nextick-args@~2.0.0
5997 silly packumentCache full:https://registry.npmjs.org/process-nextick-args cache-miss
5998 http cache https://registry.npmjs.org/string_decoder 28ms (cache hit)
5999 silly packumentCache full:https://registry.npmjs.org/string_decoder set size:28441 disposed:false
6000 http cache https://registry.npmjs.org/safe-buffer 38ms (cache hit)
6001 silly packumentCache full:https://registry.npmjs.org/safe-buffer set size:41183 disposed:false
6002 http cache https://registry.npmjs.org/isarray 44ms (cache hit)
6003 silly packumentCache full:https://registry.npmjs.org/isarray set size:17392 disposed:false
6004 http fetch GET 200 https://registry.npmjs.org/process-nextick-args 77ms (cache miss)
6005 silly packumentCache full:https://registry.npmjs.org/process-nextick-args set size:undefined disposed:false
6006 http fetch GET 200 https://registry.npmjs.org/core-util-is 86ms (cache miss)
6007 silly packumentCache full:https://registry.npmjs.org/core-util-is set size:undefined disposed:false
6008 silly placeDep ROOT core-util-is@1.0.3 OK for: readable-stream@2.3.8 want: ~1.0.0
6009 silly placeDep node_modules/get-pkg-repo isarray@1.0.0 OK for: readable-stream@2.3.8 want: ~1.0.0
6010 silly placeDep ROOT process-nextick-args@2.0.1 OK for: readable-stream@2.3.8 want: ~2.0.0
6011 silly placeDep node_modules/get-pkg-repo safe-buffer@5.1.2 OK for: readable-stream@2.3.8 want: ~5.1.1
6012 silly placeDep node_modules/get-pkg-repo string_decoder@1.1.1 OK for: readable-stream@2.3.8 want: ~1.1.1
6013 silly placeDep node_modules/hosted-git-info yallist@4.0.0 OK for: lru-cache@6.0.0 want: ^4.0.0
6014 silly placeDep node_modules/html-encoding-sniffer iconv-lite@0.4.24 OK for: whatwg-encoding@1.0.5 want: 0.4.24
6015 silly placeDep node_modules/inquirer bl@4.1.0 OK for: ora@5.4.1 want: ^4.1.0
6016 silly placeDep node_modules/inquirer/node_modules/ora chalk@4.1.2 OK for: ora@5.4.1 want: ^4.1.0
6017 silly placeDep node_modules/inquirer is-interactive@1.0.0 OK for: ora@5.4.1 want: ^1.0.0
6018 silly placeDep node_modules/inquirer is-unicode-supported@0.1.0 OK for: ora@5.4.1 want: ^0.1.0
6019 silly placeDep node_modules/inquirer log-symbols@4.1.0 OK for: ora@5.4.1 want: ^4.1.0
6020 silly placeDep node_modules/inquirer readable-stream@3.6.2 OK for: bl@4.1.0 want: ^3.4.0
6021 silly placeDep node_modules/inquirer/node_modules/log-symbols chalk@4.1.2 OK for: log-symbols@4.1.0 want: ^4.1.0
6022 silly placeDep node_modules/jsdom iconv-lite@0.4.24 OK for: whatwg-encoding@1.0.5 want: 0.4.24
6023 silly placeDep node_modules/libsignal @types/node@10.17.60 OK for: protobufjs@6.8.8 want: ^10.1.0
6024 silly placeDep node_modules/link-preview-js htmlparser2@8.0.2 OK for: cheerio@1.0.0-rc.11 want: ^8.0.1
6025 silly placeDep ROOT centra@2.7.0 OK for: phin@3.7.1 want: ^2.7.0
6026 silly placeDep ROOT json-parse-better-errors@1.0.2 OK for: parse-json@4.0.0 want: ^1.0.1
6027 silly placeDep node_modules/meow find-up@4.1.0 OK for: read-pkg-up@7.0.1 want: ^4.1.0
6028 silly placeDep node_modules/meow read-pkg@5.2.0 OK for: read-pkg-up@7.0.1 want: ^5.2.0
6029 silly placeDep node_modules/meow/node_modules/read-pkg-up type-fest@0.8.1 OK for: read-pkg-up@7.0.1 want: ^0.8.1
6030 silly fetch manifest type-fest@^0.6.0
6031 silly packumentCache full:https://registry.npmjs.org/type-fest cache-hit
6032 silly fetch manifest normalize-package-data@^2.5.0
6033 silly packumentCache full:https://registry.npmjs.org/normalize-package-data cache-hit
6034 silly fetch manifest @types/normalize-package-data@^2.4.0
6035 silly packumentCache full:https://registry.npmjs.org/@types%2fnormalize-package-data cache-miss
6036 http fetch GET 200 https://registry.npmjs.org/@types%2fnormalize-package-data 113ms (cache miss)
6037 silly packumentCache full:https://registry.npmjs.org/@types%2fnormalize-package-data set size:undefined disposed:false
6038 silly placeDep node_modules/meow locate-path@5.0.0 OK for: find-up@4.1.0 want: ^5.0.0
6039 silly placeDep node_modules/meow p-locate@4.1.0 OK for: locate-path@5.0.0 want: ^4.1.0
6040 silly placeDep node_modules/meow p-limit@2.3.0 OK for: p-locate@4.1.0 want: ^2.2.0
6041 silly placeDep ROOT @types/normalize-package-data@2.4.4 OK for: read-pkg@5.2.0 want: ^2.4.0
6042 silly placeDep node_modules/meow/node_modules/read-pkg normalize-package-data@2.5.0 OK for: read-pkg@5.2.0 want: ^2.5.0
6043 silly placeDep node_modules/meow/node_modules/read-pkg type-fest@0.6.0 OK for: read-pkg@5.2.0 want: ^0.6.0
6044 silly placeDep node_modules/ora restore-cursor@4.0.0 OK for: cli-cursor@4.0.0 want: ^4.0.0
6045 silly placeDep node_modules/ora ansi-regex@6.4.0 OK for: strip-ansi@7.2.0 want: ^6.2.2
6046 silly placeDep node_modules/pkg-dir locate-path@5.0.0 OK for: find-up@4.1.0 want: ^5.0.0
6047 silly placeDep node_modules/pkg-dir p-locate@4.1.0 OK for: locate-path@5.0.0 want: ^4.1.0
6048 silly placeDep node_modules/pkg-dir p-limit@2.3.0 OK for: p-locate@4.1.0 want: ^2.2.0
6049 silly placeDep node_modules/read-pkg-up locate-path@2.0.0 OK for: find-up@2.1.0 want: ^2.0.0
6050 silly fetch manifest p-locate@^2.0.0
6051 silly packumentCache full:https://registry.npmjs.org/p-locate cache-hit
6052 silly fetch manifest path-exists@^3.0.0
6053 silly packumentCache full:https://registry.npmjs.org/path-exists cache-miss
6054 http cache https://registry.npmjs.org/path-exists 15ms (cache hit)
6055 silly packumentCache full:https://registry.npmjs.org/path-exists set size:13704 disposed:false
6056 silly placeDep node_modules/read-pkg-up p-locate@2.0.0 OK for: locate-path@2.0.0 want: ^2.0.0
6057 silly placeDep node_modules/read-pkg-up path-exists@3.0.0 OK for: locate-path@2.0.0 want: ^3.0.0
6058 silly fetch manifest p-limit@^1.1.0
6059 silly packumentCache full:https://registry.npmjs.org/p-limit cache-hit
6060 silly placeDep node_modules/read-pkg-up p-limit@1.3.0 OK for: p-locate@2.0.0 want: ^1.1.0
6061 silly fetch manifest p-try@^1.0.0
6062 silly packumentCache full:https://registry.npmjs.org/p-try cache-miss
6063 http cache https://registry.npmjs.org/p-try 7ms (cache hit)
6064 silly packumentCache full:https://registry.npmjs.org/p-try set size:13014 disposed:false
6065 silly placeDep node_modules/read-pkg-up p-try@1.0.0 OK for: p-limit@1.3.0 want: ^1.0.0
6066 silly placeDep node_modules/read-pkg hosted-git-info@2.8.9 OK for: normalize-package-data@2.5.0 want: ^2.1.4
6067 silly placeDep node_modules/read-pkg semver@5.7.2 OK for: normalize-package-data@2.5.0 want: 2 || 3 || 4 || 5
6068 silly placeDep node_modules/release-it human-signals@4.3.1 OK for: execa@7.1.1 want: ^4.3.0
6069 silly placeDep node_modules/release-it is-stream@3.0.0 OK for: execa@7.1.1 want: ^3.0.0
6070 silly placeDep node_modules/release-it npm-run-path@5.3.0 OK for: execa@7.1.1 want: ^5.1.0
6071 silly placeDep node_modules/release-it onetime@6.0.0 OK for: execa@7.1.1 want: ^6.0.0
6072 silly placeDep node_modules/release-it strip-final-newline@3.0.0 OK for: execa@7.1.1 want: ^3.0.0
6073 silly fetch manifest path-key@^4.0.0
6074 silly packumentCache full:https://registry.npmjs.org/path-key cache-miss
6075 silly fetch manifest mimic-fn@^4.0.0
6076 silly packumentCache full:https://registry.npmjs.org/mimic-fn cache-miss
6077 http cache https://registry.npmjs.org/path-key 13ms (cache hit)
6078 silly packumentCache full:https://registry.npmjs.org/path-key set size:16975 disposed:false
6079 http cache https://registry.npmjs.org/mimic-fn 15ms (cache hit)
6080 silly packumentCache full:https://registry.npmjs.org/mimic-fn set size:22257 disposed:false
6081 silly placeDep node_modules/release-it path-key@4.0.0 OK for: npm-run-path@5.3.0 want: ^4.0.0
6082 silly placeDep node_modules/release-it mimic-fn@4.0.0 OK for: onetime@6.0.0 want: ^4.0.0
6083 silly placeDep ROOT default-browser@4.0.0 OK for: open@9.1.0 want: ^4.0.0
6084 silly placeDep node_modules/release-it define-lazy-prop@3.0.0 OK for: open@9.1.0 want: ^3.0.0
6085 silly placeDep ROOT is-inside-container@1.0.0 OK for: open@9.1.0 want: ^1.0.0
6086 silly fetch manifest execa@^7.1.1
6087 silly packumentCache full:https://registry.npmjs.org/execa cache-hit
6088 silly fetch manifest titleize@^3.0.0
6089 silly packumentCache full:https://registry.npmjs.org/titleize cache-miss
6090 silly fetch manifest bundle-name@^3.0.0
6091 silly packumentCache full:https://registry.npmjs.org/bundle-name cache-miss
6092 silly fetch manifest default-browser-id@^3.0.0
6093 silly packumentCache full:https://registry.npmjs.org/default-browser-id cache-miss
6094 silly fetch manifest is-docker@^3.0.0
6095 silly packumentCache full:https://registry.npmjs.org/is-docker cache-miss
6096 http cache https://registry.npmjs.org/is-docker 33ms (cache hit)
6097 silly packumentCache full:https://registry.npmjs.org/is-docker set size:23690 disposed:false
6098 http fetch GET 200 https://registry.npmjs.org/default-browser-id 93ms (cache miss)
6099 silly packumentCache full:https://registry.npmjs.org/default-browser-id set size:undefined disposed:false
6100 http fetch GET 200 https://registry.npmjs.org/titleize 103ms (cache miss)
6101 silly packumentCache full:https://registry.npmjs.org/titleize set size:undefined disposed:false
6102 http fetch GET 200 https://registry.npmjs.org/bundle-name 104ms (cache miss)
6103 silly packumentCache full:https://registry.npmjs.org/bundle-name set size:undefined disposed:false
6104 silly placeDep ROOT bundle-name@3.0.0 OK for: default-browser@4.0.0 want: ^3.0.0
6105 silly placeDep ROOT default-browser-id@3.0.0 OK for: default-browser@4.0.0 want: ^3.0.0
6106 silly placeDep node_modules/default-browser execa@7.2.0 OK for: default-browser@4.0.0 want: ^7.1.1
6107 silly placeDep ROOT titleize@3.0.0 OK for: default-browser@4.0.0 want: ^3.0.0
6108 silly fetch manifest run-applescript@^5.0.0
6109 silly packumentCache full:https://registry.npmjs.org/run-applescript cache-miss
6110 silly fetch manifest untildify@^4.0.0
6111 silly packumentCache full:https://registry.npmjs.org/untildify cache-miss
6112 silly fetch manifest bplist-parser@^0.2.0
6113 silly packumentCache full:https://registry.npmjs.org/bplist-parser cache-miss
6114 http fetch GET 200 https://registry.npmjs.org/untildify 87ms (cache miss)
6115 silly packumentCache full:https://registry.npmjs.org/untildify set size:undefined disposed:false
6116 http fetch GET 200 https://registry.npmjs.org/bplist-parser 93ms (cache miss)
6117 silly packumentCache full:https://registry.npmjs.org/bplist-parser set size:undefined disposed:false
6118 http fetch GET 200 https://registry.npmjs.org/run-applescript 100ms (cache miss)
6119 silly packumentCache full:https://registry.npmjs.org/run-applescript set size:undefined disposed:false
6120 silly placeDep ROOT run-applescript@5.0.0 OK for: bundle-name@3.0.0 want: ^5.0.0
6121 silly placeDep ROOT bplist-parser@0.2.0 OK for: default-browser-id@3.0.0 want: ^0.2.0
6122 silly placeDep ROOT untildify@4.0.0 OK for: default-browser-id@3.0.0 want: ^4.0.0
6123 silly fetch manifest big-integer@^1.6.44
6124 silly packumentCache full:https://registry.npmjs.org/big-integer cache-miss
6125 http fetch GET 200 https://registry.npmjs.org/big-integer 95ms (cache miss)
6126 silly packumentCache full:https://registry.npmjs.org/big-integer set size:undefined disposed:false
6127 silly placeDep ROOT big-integer@1.6.52 OK for: bplist-parser@0.2.0 want: ^1.6.44
6128 silly placeDep node_modules/is-inside-container is-docker@3.0.0 OK for: is-inside-container@1.0.0 want: ^3.0.0
6129 silly placeDep node_modules/default-browser human-signals@4.3.1 OK for: execa@7.2.0 want: ^4.3.0
6130 silly placeDep node_modules/default-browser is-stream@3.0.0 OK for: execa@7.2.0 want: ^3.0.0
6131 silly placeDep node_modules/default-browser npm-run-path@5.3.0 OK for: execa@7.2.0 want: ^5.1.0
6132 silly placeDep node_modules/default-browser onetime@6.0.0 OK for: execa@7.2.0 want: ^6.0.0
6133 silly placeDep node_modules/default-browser strip-final-newline@3.0.0 OK for: execa@7.2.0 want: ^3.0.0
6134 silly placeDep node_modules/default-browser path-key@4.0.0 OK for: npm-run-path@5.3.0 want: ^4.0.0
6135 silly placeDep node_modules/default-browser mimic-fn@4.0.0 OK for: onetime@6.0.0 want: ^4.0.0
6136 silly placeDep node_modules/release-it lru-cache@6.0.0 OK for: semver@7.5.1 want: ^6.0.0
6137 silly placeDep node_modules/release-it yallist@4.0.0 OK for: lru-cache@6.0.0 want: ^4.0.0
6138 silly placeDep node_modules/typedoc brace-expansion@2.1.7 OK for: minimatch@9.0.9 want: ^2.0.2
6139 silly placeDep node_modules/widest-line emoji-regex@9.2.2 OK for: string-width@5.1.2 want: ^9.2.2
6140 silly placeDep node_modules/widest-line strip-ansi@7.2.0 OK for: string-width@5.1.2 want: ^7.0.1
6141 silly placeDep node_modules/widest-line ansi-regex@6.4.0 OK for: strip-ansi@7.2.0 want: ^6.2.2
6142 silly placeDep node_modules/meow hosted-git-info@2.8.9 OK for: normalize-package-data@2.5.0 want: ^2.1.4
6143 silly placeDep node_modules/meow semver@5.7.2 OK for: normalize-package-data@2.5.0 want: 2 || 3 || 4 || 5
6144 silly reify moves {}
6145 http cache big-integer@https://registry.npmjs.org/big-integer/-/big-integer-1.6.52.tgz 0ms (cache hit)
6146 http cache run-applescript@https://registry.npmjs.org/run-applescript/-/run-applescript-5.0.0.tgz 0ms (cache hit)
6147 http cache untildify@https://registry.npmjs.org/untildify/-/untildify-4.0.0.tgz 1ms (cache hit)
6148 http cache bplist-parser@https://registry.npmjs.org/bplist-parser/-/bplist-parser-0.2.0.tgz 0ms (cache hit)
6149 http cache titleize@https://registry.npmjs.org/titleize/-/titleize-3.0.0.tgz 0ms (cache hit)
6150 http cache default-browser-id@https://registry.npmjs.org/default-browser-id/-/default-browser-id-3.0.0.tgz 1ms (cache hit)
6151 http cache bundle-name@https://registry.npmjs.org/bundle-name/-/bundle-name-3.0.0.tgz 0ms (cache hit)
6152 http cache default-browser@https://registry.npmjs.org/default-browser/-/default-browser-4.0.0.tgz 0ms (cache hit)
6153 http cache is-docker@https://registry.npmjs.org/is-docker/-/is-docker-3.0.0.tgz 0ms (cache hit)
6154 http cache is-inside-container@https://registry.npmjs.org/is-inside-container/-/is-inside-container-1.0.0.tgz 0ms (cache hit)
6155 http cache mimic-fn@https://registry.npmjs.org/mimic-fn/-/mimic-fn-4.0.0.tgz 0ms (cache hit)
6156 http cache path-key@https://registry.npmjs.org/path-key/-/path-key-4.0.0.tgz 0ms (cache hit)
6157 http cache strip-final-newline@https://registry.npmjs.org/strip-final-newline/-/strip-final-newline-3.0.0.tgz 0ms (cache hit)
6158 http cache npm-run-path@https://registry.npmjs.org/npm-run-path/-/npm-run-path-5.3.0.tgz 0ms (cache hit)
6159 http cache onetime@https://registry.npmjs.org/onetime/-/onetime-6.0.0.tgz 0ms (cache hit)
6160 http cache is-stream@https://registry.npmjs.org/is-stream/-/is-stream-3.0.0.tgz 0ms (cache hit)
6161 http cache human-signals@https://registry.npmjs.org/human-signals/-/human-signals-4.3.1.tgz 0ms (cache hit)
6162 http cache @types/normalize-package-data@https://registry.npmjs.org/@types/normalize-package-data/-/normalize-package-data-2.4.4.tgz 0ms (cache hit)
6163 http cache execa@https://registry.npmjs.org/execa/-/execa-7.2.0.tgz 0ms (cache hit)
6164 http cache json-parse-better-errors@https://registry.npmjs.org/json-parse-better-errors/-/json-parse-better-errors-1.0.2.tgz 0ms (cache hit)
6165 http cache centra@https://registry.npmjs.org/centra/-/centra-2.7.0.tgz 0ms (cache hit)
6166 http cache process-nextick-args@https://registry.npmjs.org/process-nextick-args/-/process-nextick-args-2.0.1.tgz 0ms (cache hit)
6167 http cache core-util-is@https://registry.npmjs.org/core-util-is/-/core-util-is-1.0.3.tgz 0ms (cache hit)
6168 http cache json-buffer@https://registry.npmjs.org/json-buffer/-/json-buffer-3.0.1.tgz 0ms (cache hit)
6169 http cache eastasianwidth@https://registry.npmjs.org/eastasianwidth/-/eastasianwidth-0.2.0.tgz 0ms (cache hit)
6170 http cache util-deprecate@https://registry.npmjs.org/util-deprecate/-/util-deprecate-1.0.2.tgz 0ms (cache hit)
6171 http cache p-try@https://registry.npmjs.org/p-try/-/p-try-2.2.0.tgz 0ms (cache hit)
6172 http cache sprintf-js@https://registry.npmjs.org/sprintf-js/-/sprintf-js-1.0.3.tgz 0ms (cache hit)
6173 http cache @types/esrecurse@https://registry.npmjs.org/@types/esrecurse/-/esrecurse-4.3.1.tgz 0ms (cache hit)
6174 http cache yallist@https://registry.npmjs.org/yallist/-/yallist-3.1.1.tgz 0ms (cache hit)
6175 http cache @humanfs/types@https://registry.npmjs.org/@humanfs/types/-/types-0.15.0.tgz 0ms (cache hit)
6176 http cache @humanfs/core@https://registry.npmjs.org/@humanfs/core/-/core-0.19.2.tgz 0ms (cache hit)
6177 http cache @types/json-schema@https://registry.npmjs.org/@types/json-schema/-/json-schema-7.0.15.tgz 0ms (cache hit)
6178 http cache @eslint/object-schema@https://registry.npmjs.org/@eslint/object-schema/-/object-schema-3.0.5.tgz 0ms (cache hit)
6179 http cache @types/estree@https://registry.npmjs.org/@types/estree/-/estree-1.0.9.tgz 0ms (cache hit)
6180 http cache @humanfs/node@https://registry.npmjs.org/@humanfs/node/-/node-0.16.8.tgz 0ms (cache hit)
6181 http cache @humanwhocodes/retry@https://registry.npmjs.org/@humanwhocodes/retry/-/retry-0.4.3.tgz 0ms (cache hit)
6182 http cache @eslint/plugin-kit@https://registry.npmjs.org/@eslint/plugin-kit/-/plugin-kit-0.7.3.tgz 0ms (cache hit)
6183 http cache @eslint/core@https://registry.npmjs.org/@eslint/core/-/core-1.2.1.tgz 0ms (cache hit)
6184 http cache @eslint/config-helpers@https://registry.npmjs.org/@eslint/config-helpers/-/config-helpers-0.7.0.tgz 0ms (cache hit)
6185 http cache @eslint/config-array@https://registry.npmjs.org/@eslint/config-array/-/config-array-0.23.5.tgz 0ms (cache hit)
6186 http cache balanced-match@https://registry.npmjs.org/balanced-match/-/balanced-match-4.0.4.tgz 0ms (cache hit)
6187 http cache brace-expansion@https://registry.npmjs.org/brace-expansion/-/brace-expansion-5.0.12.tgz 0ms (cache hit)
6188 http cache minimatch@https://registry.npmjs.org/minimatch/-/minimatch-10.2.6.tgz 0ms (cache hit)
6189 http cache @typescript-eslint/types@https://registry.npmjs.org/@typescript-eslint/types/-/types-8.70.1.tgz 0ms (cache hit)
6190 http cache y18n@https://registry.npmjs.org/y18n/-/y18n-5.0.8.tgz 0ms (cache hit)
6191 http cache require-directory@https://registry.npmjs.org/require-directory/-/require-directory-2.1.1.tgz 0ms (cache hit)
6192 http cache get-caller-file@https://registry.npmjs.org/get-caller-file/-/get-caller-file-2.0.5.tgz 0ms (cache hit)
6193 http cache cliui@https://registry.npmjs.org/cliui/-/cliui-7.0.4.tgz 0ms (cache hit)
6194 http cache xmlbuilder@https://registry.npmjs.org/xmlbuilder/-/xmlbuilder-11.0.1.tgz 0ms (cache hit)
6195 http cache wrap-ansi@https://registry.npmjs.org/wrap-ansi/-/wrap-ansi-7.0.0.tgz 0ms (cache hit)
6196 http cache sax@https://registry.npmjs.org/sax/-/sax-1.6.1.tgz 0ms (cache hit)
6197 http cache dom-walk@https://registry.npmjs.org/dom-walk/-/dom-walk-0.1.2.tgz 0ms (cache hit)
6198 http cache min-document@https://registry.npmjs.org/min-document/-/min-document-2.19.2.tgz 0ms (cache hit)
6199 http cache parse-headers@https://registry.npmjs.org/parse-headers/-/parse-headers-2.0.6.tgz 0ms (cache hit)
6200 http cache is-function@https://registry.npmjs.org/is-function/-/is-function-1.0.2.tgz 0ms (cache hit)
6201 http cache global@https://registry.npmjs.org/global/-/global-4.4.0.tgz 0ms (cache hit)
6202 http cache typedarray-to-buffer@https://registry.npmjs.org/typedarray-to-buffer/-/typedarray-to-buffer-3.1.5.tgz 0ms (cache hit)
6203 http cache is-typedarray@https://registry.npmjs.org/is-typedarray/-/is-typedarray-1.0.0.tgz 0ms (cache hit)
6204 http cache is-weakset@https://registry.npmjs.org/is-weakset/-/is-weakset-2.0.4.tgz 0ms (cache hit)
6205 http cache is-weakmap@https://registry.npmjs.org/is-weakmap/-/is-weakmap-2.0.2.tgz 0ms (cache hit)
6206 http cache generator-function@https://registry.npmjs.org/generator-function/-/generator-function-2.0.1.tgz 0ms (cache hit)
6207 http cache async-function@https://registry.npmjs.org/async-function/-/async-function-1.0.0.tgz 0ms (cache hit)
6208 http cache which-collection@https://registry.npmjs.org/which-collection/-/which-collection-1.0.2.tgz 0ms (cache hit)
6209 http cache is-generator-function@https://registry.npmjs.org/is-generator-function/-/is-generator-function-1.1.2.tgz 1ms (cache hit)
6210 http cache is-finalizationregistry@https://registry.npmjs.org/is-finalizationregistry/-/is-finalizationregistry-1.1.1.tgz 0ms (cache hit)
6211 http cache is-async-function@https://registry.npmjs.org/is-async-function/-/is-async-function-2.1.1.tgz 0ms (cache hit)
6212 http cache is-number-object@https://registry.npmjs.org/is-number-object/-/is-number-object-1.1.1.tgz 0ms (cache hit)
6213 http cache is-boolean-object@https://registry.npmjs.org/is-boolean-object/-/is-boolean-object-1.2.2.tgz 0ms (cache hit)
6214 http cache is-bigint@https://registry.npmjs.org/is-bigint/-/is-bigint-1.1.0.tgz 0ms (cache hit)
6215 http cache isexe@https://registry.npmjs.org/isexe/-/isexe-2.0.0.tgz 0ms (cache hit)
6216 http cache clone@https://registry.npmjs.org/clone/-/clone-1.0.4.tgz 0ms (cache hit)
6217 http cache defaults@https://registry.npmjs.org/defaults/-/defaults-1.0.4.tgz 0ms (cache hit)
6218 http cache tr46@https://registry.npmjs.org/tr46/-/tr46-2.1.0.tgz 0ms (cache hit)
6219 http cache tmpl@https://registry.npmjs.org/tmpl/-/tmpl-1.0.5.tgz 0ms (cache hit)
6220 http cache makeerror@https://registry.npmjs.org/makeerror/-/makeerror-1.0.12.tgz 0ms (cache hit)
6221 http cache browser-process-hrtime@https://registry.npmjs.org/browser-process-hrtime/-/browser-process-hrtime-1.0.0.tgz 0ms (cache hit)
6222 http cache spdx-exceptions@https://registry.npmjs.org/spdx-exceptions/-/spdx-exceptions-2.5.0.tgz 0ms (cache hit)
6223 http cache spdx-license-ids@https://registry.npmjs.org/spdx-license-ids/-/spdx-license-ids-3.0.24.tgz 0ms (cache hit)
6224 http cache spdx-expression-parse@https://registry.npmjs.org/spdx-expression-parse/-/spdx-expression-parse-3.0.1.tgz 0ms (cache hit)
6225 http cache spdx-correct@https://registry.npmjs.org/spdx-correct/-/spdx-correct-3.2.0.tgz 0ms (cache hit)
6226 http cache pako@https://registry.npmjs.org/pako/-/pako-1.0.11.tgz 0ms (cache hit)
6227 http cache requires-port@https://registry.npmjs.org/requires-port/-/requires-port-1.0.0.tgz 0ms (cache hit)
6228 http cache querystringify@https://registry.npmjs.org/querystringify/-/querystringify-2.2.0.tgz 0ms (cache hit)
6229 http cache querystring@https://registry.npmjs.org/querystring/-/querystring-0.2.0.tgz 0ms (cache hit)
6230 http cache crypto-random-string@https://registry.npmjs.org/crypto-random-string/-/crypto-random-string-4.0.0.tgz 0ms (cache hit)
6231 http cache deep-extend@https://registry.npmjs.org/deep-extend/-/deep-extend-0.6.0.tgz 0ms (cache hit)
6232 http cache type-fest@https://registry.npmjs.org/type-fest/-/type-fest-1.4.0.tgz 0ms (cache hit)
6233 http cache rc@https://registry.npmjs.org/rc/-/rc-1.2.8.tgz 0ms (cache hit)
6234 http cache proto-list@https://registry.npmjs.org/proto-list/-/proto-list-1.2.4.tgz 0ms (cache hit)
6235 http cache strip-json-comments@https://registry.npmjs.org/strip-json-comments/-/strip-json-comments-2.0.1.tgz 0ms (cache hit)
6236 http cache config-chain@https://registry.npmjs.org/config-chain/-/config-chain-1.1.13.tgz 0ms (cache hit)
6237 http cache @pnpm/network.ca-file@https://registry.npmjs.org/@pnpm/network.ca-file/-/network.ca-file-1.0.2.tgz 0ms (cache hit)
6238 http cache @pnpm/config.env-replace@https://registry.npmjs.org/@pnpm/config.env-replace/-/config.env-replace-1.1.0.tgz 0ms (cache hit)
6239 http cache graceful-fs@https://registry.npmjs.org/graceful-fs/-/graceful-fs-4.2.10.tgz 0ms (cache hit)
6240 http cache @pnpm/npm-conf@https://registry.npmjs.org/@pnpm/npm-conf/-/npm-conf-3.0.3.tgz 0ms (cache hit)
6241 http cache escape-goat@https://registry.npmjs.org/escape-goat/-/escape-goat-4.0.0.tgz 0ms (cache hit)
6242 http cache registry-url@https://registry.npmjs.org/registry-url/-/registry-url-6.0.1.tgz 0ms (cache hit)
6243 http cache registry-auth-token@https://registry.npmjs.org/registry-auth-token/-/registry-auth-token-5.1.1.tgz 1ms (cache hit)
6244 http cache package-json@https://registry.npmjs.org/package-json/-/package-json-8.1.1.tgz 1ms (cache hit)
6245 http cache semver@https://registry.npmjs.org/semver/-/semver-7.8.5.tgz 0ms (cache hit)
6246 http cache global-dirs@https://registry.npmjs.org/global-dirs/-/global-dirs-3.0.1.tgz 0ms (cache hit)
6247 http cache ini@https://registry.npmjs.org/ini/-/ini-2.0.0.tgz 0ms (cache hit)
6248 http cache unique-string@https://registry.npmjs.org/unique-string/-/unique-string-3.0.0.tgz 0ms (cache hit)
6249 http cache widest-line@https://registry.npmjs.org/widest-line/-/widest-line-4.0.1.tgz 0ms (cache hit)
6250 http cache ansi-regex@https://registry.npmjs.org/ansi-regex/-/ansi-regex-6.4.0.tgz 0ms (cache hit)
6251 http cache strip-ansi@https://registry.npmjs.org/strip-ansi/-/strip-ansi-7.2.0.tgz 0ms (cache hit)
6252 http cache emoji-regex@https://registry.npmjs.org/emoji-regex/-/emoji-regex-9.2.2.tgz 0ms (cache hit)
6253 http cache string-width@https://registry.npmjs.org/string-width/-/string-width-5.1.2.tgz 0ms (cache hit)
6254 http cache cli-boxes@https://registry.npmjs.org/cli-boxes/-/cli-boxes-3.0.0.tgz 0ms (cache hit)
6255 http cache ansi-align@https://registry.npmjs.org/ansi-align/-/ansi-align-3.0.1.tgz 0ms (cache hit)
6256 http cache xdg-basedir@https://registry.npmjs.org/xdg-basedir/-/xdg-basedir-5.1.0.tgz 0ms (cache hit)
6257 http cache semver-diff@https://registry.npmjs.org/semver-diff/-/semver-diff-4.0.0.tgz 0ms (cache hit)
6258 http cache semver@https://registry.npmjs.org/semver/-/semver-7.8.5.tgz 0ms (cache hit)
6259 http cache pupa@https://registry.npmjs.org/pupa/-/pupa-3.3.0.tgz 0ms (cache hit)
6260 http cache latest-version@https://registry.npmjs.org/latest-version/-/latest-version-7.0.0.tgz 0ms (cache hit)
6261 http cache is-yarn-global@https://registry.npmjs.org/is-yarn-global/-/is-yarn-global-0.4.1.tgz 0ms (cache hit)
6262 http cache is-npm@https://registry.npmjs.org/is-npm/-/is-npm-6.1.0.tgz 0ms (cache hit)
6263 http cache is-installed-globally@https://registry.npmjs.org/is-installed-globally/-/is-installed-globally-0.4.0.tgz 0ms (cache hit)
6264 http cache import-lazy@https://registry.npmjs.org/import-lazy/-/import-lazy-4.0.0.tgz 0ms (cache hit)
6265 http cache has-yarn@https://registry.npmjs.org/has-yarn/-/has-yarn-3.0.0.tgz 0ms (cache hit)
6266 http cache configstore@https://registry.npmjs.org/configstore/-/configstore-6.0.0.tgz 0ms (cache hit)
6267 http cache dot-prop@https://registry.npmjs.org/dot-prop/-/dot-prop-6.0.1.tgz 0ms (cache hit)
6268 http cache boxen@https://registry.npmjs.org/boxen/-/boxen-7.1.1.tgz 0ms (cache hit)
6269 http cache ansi-styles@https://registry.npmjs.org/ansi-styles/-/ansi-styles-6.2.3.tgz 0ms (cache hit)
6270 http cache ansi-regex@https://registry.npmjs.org/ansi-regex/-/ansi-regex-6.4.0.tgz 0ms (cache hit)
6271 http cache strip-ansi@https://registry.npmjs.org/strip-ansi/-/strip-ansi-7.2.0.tgz 0ms (cache hit)
6272 http cache emoji-regex@https://registry.npmjs.org/emoji-regex/-/emoji-regex-9.2.2.tgz 0ms (cache hit)
6273 http cache type-fest@https://registry.npmjs.org/type-fest/-/type-fest-2.19.0.tgz 0ms (cache hit)
6274 http cache wrap-ansi@https://registry.npmjs.org/wrap-ansi/-/wrap-ansi-8.1.0.tgz 0ms (cache hit)
6275 http cache string-width@https://registry.npmjs.org/string-width/-/string-width-5.1.2.tgz 0ms (cache hit)
6276 http cache chalk@https://registry.npmjs.org/chalk/-/chalk-5.6.2.tgz 0ms (cache hit)
6277 http cache camelcase@https://registry.npmjs.org/camelcase/-/camelcase-7.0.1.tgz 0ms (cache hit)
6278 http cache escalade@https://registry.npmjs.org/escalade/-/escalade-3.2.0.tgz 0ms (cache hit)
6279 http cache which-boxed-primitive@https://registry.npmjs.org/which-boxed-primitive/-/which-boxed-primitive-1.1.1.tgz 0ms (cache hit)
6280 http cache has-bigints@https://registry.npmjs.org/has-bigints/-/has-bigints-1.1.0.tgz 1ms (cache hit)
6281 http cache uc.micro@https://registry.npmjs.org/uc.micro/-/uc.micro-2.1.0.tgz 0ms (cache hit)
6282 http cache punycode.js@https://registry.npmjs.org/punycode.js/-/punycode.js-2.3.1.tgz 0ms (cache hit)
6283 http cache mdurl@https://registry.npmjs.org/mdurl/-/mdurl-2.1.0.tgz 0ms (cache hit)
6284 http cache linkify-it@https://registry.npmjs.org/linkify-it/-/linkify-it-5.0.2.tgz 0ms (cache hit)
6285 http cache @types/unist@https://registry.npmjs.org/@types/unist/-/unist-3.0.3.tgz 0ms (cache hit)
6286 http cache @types/hast@https://registry.npmjs.org/@types/hast/-/hast-3.0.5.tgz 0ms (cache hit)
6287 http cache @shikijs/vscode-textmate@https://registry.npmjs.org/@shikijs/vscode-textmate/-/vscode-textmate-10.0.2.tgz 0ms (cache hit)
6288 http cache @shikijs/types@https://registry.npmjs.org/@shikijs/types/-/types-1.29.2.tgz 0ms (cache hit)
6289 http cache @shikijs/engine-oniguruma@https://registry.npmjs.org/@shikijs/engine-oniguruma/-/engine-oniguruma-1.29.2.tgz 0ms (cache hit)
6290 http cache yaml@https://registry.npmjs.org/yaml/-/yaml-2.9.1.tgz 0ms (cache hit)
6291 http cache markdown-it@https://registry.npmjs.org/markdown-it/-/markdown-it-14.3.2.tgz 0ms (cache hit)
6292 http cache lunr@https://registry.npmjs.org/lunr/-/lunr-2.3.9.tgz 0ms (cache hit)
6293 http cache @gerrit0/mini-shiki@https://registry.npmjs.org/@gerrit0/mini-shiki/-/mini-shiki-1.27.2.tgz 0ms (cache hit)
6294 http cache which-builtin-type@https://registry.npmjs.org/which-builtin-type/-/which-builtin-type-1.2.1.tgz 0ms (cache hit)
6295 http cache reflect.getprototypeof@https://registry.npmjs.org/reflect.getprototypeof/-/reflect.getprototypeof-1.0.10.tgz 0ms (cache hit)
6296 http cache yn@https://registry.npmjs.org/yn/-/yn-3.1.1.tgz 0ms (cache hit)
6297 http cache for-each@https://registry.npmjs.org/for-each/-/for-each-0.3.5.tgz 0ms (cache hit)
6298 http cache v8-compile-cache-lib@https://registry.npmjs.org/v8-compile-cache-lib/-/v8-compile-cache-lib-3.0.1.tgz 0ms (cache hit)
6299 http cache diff@https://registry.npmjs.org/diff/-/diff-4.0.4.tgz 0ms (cache hit)
6300 http cache create-require@https://registry.npmjs.org/create-require/-/create-require-1.1.1.tgz 0ms (cache hit)
6301 http cache arg@https://registry.npmjs.org/arg/-/arg-4.1.3.tgz 0ms (cache hit)
6302 http cache @tsconfig/node14@https://registry.npmjs.org/@tsconfig/node14/-/node14-1.0.3.tgz 0ms (cache hit)
6303 http cache @tsconfig/node16@https://registry.npmjs.org/@tsconfig/node16/-/node16-1.0.4.tgz 0ms (cache hit)
6304 http cache @tsconfig/node12@https://registry.npmjs.org/@tsconfig/node12/-/node12-1.0.11.tgz 0ms (cache hit)
6305 http cache @tsconfig/node10@https://registry.npmjs.org/@tsconfig/node10/-/node10-1.0.13.tgz 0ms (cache hit)
6306 http cache @cspotcode/source-map-support@https://registry.npmjs.org/@cspotcode/source-map-support/-/source-map-support-0.8.1.tgz 0ms (cache hit)
6307 http cache @jridgewell/trace-mapping@https://registry.npmjs.org/@jridgewell/trace-mapping/-/trace-mapping-0.3.9.tgz 0ms (cache hit)
6308 http cache make-error@https://registry.npmjs.org/make-error/-/make-error-1.3.6.tgz 0ms (cache hit)
6309 http cache lodash.memoize@https://registry.npmjs.org/lodash.memoize/-/lodash.memoize-4.1.2.tgz 0ms (cache hit)
6310 http cache bs-logger@https://registry.npmjs.org/bs-logger/-/bs-logger-0.2.6.tgz 0ms (cache hit)
6311 http cache url-parse@https://registry.npmjs.org/url-parse/-/url-parse-1.5.10.tgz 0ms (cache hit)
6312 http cache universalify@https://registry.npmjs.org/universalify/-/universalify-0.2.0.tgz 0ms (cache hit)
6313 http cache punycode@https://registry.npmjs.org/punycode/-/punycode-2.3.1.tgz 0ms (cache hit)
6314 http cache is-number@https://registry.npmjs.org/is-number/-/is-number-7.0.0.tgz 1ms (cache hit)
6315 http cache psl@https://registry.npmjs.org/psl/-/psl-1.15.0.tgz 0ms (cache hit)
6316 http cache os-tmpdir@https://registry.npmjs.org/os-tmpdir/-/os-tmpdir-1.0.2.tgz 0ms (cache hit)
6317 http cache supports-hyperlinks@https://registry.npmjs.org/supports-hyperlinks/-/supports-hyperlinks-2.3.0.tgz 0ms (cache hit)
6318 http cache temp-dir@https://registry.npmjs.org/temp-dir/-/temp-dir-2.0.0.tgz 1ms (cache hit)
6319 http cache has-flag@https://registry.npmjs.org/has-flag/-/has-flag-4.0.0.tgz 0ms (cache hit)
6320 http cache peek-readable@https://registry.npmjs.org/peek-readable/-/peek-readable-4.1.0.tgz 0ms (cache hit)
6321 http cache min-indent@https://registry.npmjs.org/min-indent/-/min-indent-1.0.1.tgz 0ms (cache hit)
6322 http cache is-fullwidth-code-point@https://registry.npmjs.org/is-fullwidth-code-point/-/is-fullwidth-code-point-3.0.0.tgz 0ms (cache hit)
6323 http cache emoji-regex@https://registry.npmjs.org/emoji-regex/-/emoji-regex-8.0.0.tgz 0ms (cache hit)
6324 http cache char-regex@https://registry.npmjs.org/char-regex/-/char-regex-1.0.2.tgz 0ms (cache hit)
6325 http cache bl@https://registry.npmjs.org/bl/-/bl-5.1.0.tgz 0ms (cache hit)
6326 http cache readable-stream@https://registry.npmjs.org/readable-stream/-/readable-stream-3.6.2.tgz 0ms (cache hit)
6327 http cache buffer@https://registry.npmjs.org/buffer/-/buffer-6.0.3.tgz 1ms (cache hit)
6328 http cache buffer-from@https://registry.npmjs.org/buffer-from/-/buffer-from-1.1.2.tgz 0ms (cache hit)
6329 http cache smart-buffer@https://registry.npmjs.org/smart-buffer/-/smart-buffer-4.2.0.tgz 0ms (cache hit)
6330 http cache ip-address@https://registry.npmjs.org/ip-address/-/ip-address-10.7.2.tgz 0ms (cache hit)
6331 http cache socks@https://registry.npmjs.org/socks/-/socks-2.8.10.tgz 0ms (cache hit)
6332 http cache side-channel-weakmap@https://registry.npmjs.org/side-channel-weakmap/-/side-channel-weakmap-1.0.2.tgz 0ms (cache hit)
6333 http cache side-channel-map@https://registry.npmjs.org/side-channel-map/-/side-channel-map-1.0.1.tgz 0ms (cache hit)
6334 http cache side-channel-list@https://registry.npmjs.org/side-channel-list/-/side-channel-list-1.0.1.tgz 0ms (cache hit)
6335 http cache rechoir@https://registry.npmjs.org/rechoir/-/rechoir-0.6.2.tgz 0ms (cache hit)
6336 http cache interpret@https://registry.npmjs.org/interpret/-/interpret-1.4.0.tgz 0ms (cache hit)
6337 http cache shebang-regex@https://registry.npmjs.org/shebang-regex/-/shebang-regex-3.0.0.tgz 0ms (cache hit)
6338 http cache detect-libc@https://registry.npmjs.org/detect-libc/-/detect-libc-2.1.2.tgz 0ms (cache hit)
6339 http cache xmlchars@https://registry.npmjs.org/xmlchars/-/xmlchars-2.2.0.tgz 0ms (cache hit)
6340 http cache @img/colour@https://registry.npmjs.org/@img/colour/-/colour-1.1.0.tgz 0ms (cache hit)
6341 http cache queue-microtask@https://registry.npmjs.org/queue-microtask/-/queue-microtask-1.2.3.tgz 0ms (cache hit)
6342 http cache supports-preserve-symlinks-flag@https://registry.npmjs.org/supports-preserve-symlinks-flag/-/supports-preserve-symlinks-flag-1.0.0.tgz 0ms (cache hit)
6343 http cache path-parse@https://registry.npmjs.org/path-parse/-/path-parse-1.0.7.tgz 0ms (cache hit)
6344 http cache set-function-name@https://registry.npmjs.org/set-function-name/-/set-function-name-2.0.2.tgz 0ms (cache hit)
6345 http cache vm2@https://registry.npmjs.org/vm2/-/vm2-3.12.2.tgz 0ms (cache hit)
6346 http cache ast-types@https://registry.npmjs.org/ast-types/-/ast-types-0.13.4.tgz 0ms (cache hit)
6347 http cache acorn-walk@https://registry.npmjs.org/acorn-walk/-/acorn-walk-8.3.5.tgz 0ms (cache hit)
6348 http cache netmask@https://registry.npmjs.org/netmask/-/netmask-2.1.1.tgz 0ms (cache hit)
6349 http cache ip@https://registry.npmjs.org/ip/-/ip-1.1.9.tgz 0ms (cache hit)
6350 http cache degenerator@https://registry.npmjs.org/degenerator/-/degenerator-4.0.4.tgz 0ms (cache hit)
6351 http cache levn@https://registry.npmjs.org/levn/-/levn-0.3.0.tgz 1ms (cache hit)
6352 http cache prelude-ls@https://registry.npmjs.org/prelude-ls/-/prelude-ls-1.1.2.tgz 0ms (cache hit)
6353 http cache type-check@https://registry.npmjs.org/type-check/-/type-check-0.3.2.tgz 0ms (cache hit)
6354 http cache estraverse@https://registry.npmjs.org/estraverse/-/estraverse-4.3.0.tgz 0ms (cache hit)
6355 http cache optionator@https://registry.npmjs.org/optionator/-/optionator-0.8.3.tgz 0ms (cache hit)
6356 http cache escodegen@https://registry.npmjs.org/escodegen/-/escodegen-1.14.3.tgz 0ms (cache hit)
6357 http cache pac-resolver@https://registry.npmjs.org/pac-resolver/-/pac-resolver-6.0.2.tgz 0ms (cache hit)
6358 http cache get-uri@https://registry.npmjs.org/get-uri/-/get-uri-6.0.5.tgz 0ms (cache hit)
6359 http cache data-uri-to-buffer@https://registry.npmjs.org/data-uri-to-buffer/-/data-uri-to-buffer-6.0.2.tgz 0ms (cache hit)
6360 http cache socks-proxy-agent@https://registry.npmjs.org/socks-proxy-agent/-/socks-proxy-agent-8.0.5.tgz 0ms (cache hit)
6361 http cache basic-ftp@https://registry.npmjs.org/basic-ftp/-/basic-ftp-5.3.1.tgz 0ms (cache hit)
6362 http cache agent-base@https://registry.npmjs.org/agent-base/-/agent-base-7.1.4.tgz 0ms (cache hit)
6363 http cache agent-base@https://registry.npmjs.org/agent-base/-/agent-base-7.1.4.tgz 0ms (cache hit)
6364 http cache isarray@https://registry.npmjs.org/isarray/-/isarray-2.0.5.tgz 0ms (cache hit)
6365 http cache http-proxy-agent@https://registry.npmjs.org/http-proxy-agent/-/http-proxy-agent-7.0.2.tgz 0ms (cache hit)
6366 http cache pac-proxy-agent@https://registry.npmjs.org/pac-proxy-agent/-/pac-proxy-agent-6.0.4.tgz 0ms (cache hit)
6367 http cache https-proxy-agent@https://registry.npmjs.org/https-proxy-agent/-/https-proxy-agent-7.0.6.tgz 0ms (cache hit)
6368 http cache is-map@https://registry.npmjs.org/is-map/-/is-map-2.0.3.tgz 0ms (cache hit)
6369 http cache is-arguments@https://registry.npmjs.org/is-arguments/-/is-arguments-1.2.0.tgz 0ms (cache hit)
6370 http cache es-get-iterator@https://registry.npmjs.org/es-get-iterator/-/es-get-iterator-1.1.3.tgz 0ms (cache hit)
6371 http cache iterate-iterator@https://registry.npmjs.org/iterate-iterator/-/iterate-iterator-1.0.2.tgz 0ms (cache hit)
6372 http cache side-channel@https://registry.npmjs.org/side-channel/-/side-channel-1.1.1.tgz 0ms (cache hit)
6373 http cache is-document.all@https://registry.npmjs.org/is-document.all/-/is-document.all-1.0.0.tgz 0ms (cache hit)
6374 http cache functions-have-names@https://registry.npmjs.org/functions-have-names/-/functions-have-names-1.2.3.tgz 0ms (cache hit)
6375 http cache is-symbol@https://registry.npmjs.org/is-symbol/-/is-symbol-1.1.1.tgz 0ms (cache hit)
6376 http cache is-date-object@https://registry.npmjs.org/is-date-object/-/is-date-object-1.1.0.tgz 0ms (cache hit)
6377 http cache es-abstract-get@https://registry.npmjs.org/es-abstract-get/-/es-abstract-get-1.0.0.tgz 0ms (cache hit)
6378 http cache possible-typed-array-names@https://registry.npmjs.org/possible-typed-array-names/-/possible-typed-array-names-1.1.0.tgz 0ms (cache hit)
6379 http cache which-typed-array@https://registry.npmjs.org/which-typed-array/-/which-typed-array-1.1.24.tgz 0ms (cache hit)
6380 http cache unbox-primitive@https://registry.npmjs.org/unbox-primitive/-/unbox-primitive-1.1.0.tgz 0ms (cache hit)
6381 http cache typed-array-length@https://registry.npmjs.org/typed-array-length/-/typed-array-length-1.0.8.tgz 0ms (cache hit)
6382 http cache typed-array-byte-offset@https://registry.npmjs.org/typed-array-byte-offset/-/typed-array-byte-offset-1.0.5.tgz 0ms (cache hit)
6383 http cache typed-array-byte-length@https://registry.npmjs.org/typed-array-byte-length/-/typed-array-byte-length-1.0.3.tgz 0ms (cache hit)
6384 http cache typed-array-buffer@https://registry.npmjs.org/typed-array-buffer/-/typed-array-buffer-1.0.3.tgz 0ms (cache hit)
6385 http cache string.prototype.trimstart@https://registry.npmjs.org/string.prototype.trimstart/-/string.prototype.trimstart-1.0.8.tgz 0ms (cache hit)
6386 http cache string.prototype.trimend@https://registry.npmjs.org/string.prototype.trimend/-/string.prototype.trimend-1.0.10.tgz 0ms (cache hit)
6387 http cache string.prototype.trim@https://registry.npmjs.org/string.prototype.trim/-/string.prototype.trim-1.2.11.tgz 0ms (cache hit)
6388 http cache stop-iteration-iterator@https://registry.npmjs.org/stop-iteration-iterator/-/stop-iteration-iterator-1.1.0.tgz 0ms (cache hit)
6389 http cache set-proto@https://registry.npmjs.org/set-proto/-/set-proto-1.0.0.tgz 0ms (cache hit)
6390 http cache safe-regex-test@https://registry.npmjs.org/safe-regex-test/-/safe-regex-test-1.1.0.tgz 0ms (cache hit)
6391 http cache safe-push-apply@https://registry.npmjs.org/safe-push-apply/-/safe-push-apply-1.0.0.tgz 0ms (cache hit)
6392 http cache safe-array-concat@https://registry.npmjs.org/safe-array-concat/-/safe-array-concat-1.1.4.tgz 0ms (cache hit)
6393 http cache regexp.prototype.flags@https://registry.npmjs.org/regexp.prototype.flags/-/regexp.prototype.flags-1.5.4.tgz 0ms (cache hit)
6394 http cache own-keys@https://registry.npmjs.org/own-keys/-/own-keys-1.0.2.tgz 0ms (cache hit)
6395 http cache object.assign@https://registry.npmjs.org/object.assign/-/object.assign-4.1.7.tgz 0ms (cache hit)
6396 http cache object-inspect@https://registry.npmjs.org/object-inspect/-/object-inspect-1.13.4.tgz 0ms (cache hit)
6397 http cache is-weakref@https://registry.npmjs.org/is-weakref/-/is-weakref-1.1.1.tgz 0ms (cache hit)
6398 http cache is-typed-array@https://registry.npmjs.org/is-typed-array/-/is-typed-array-1.1.15.tgz 0ms (cache hit)
6399 http cache is-shared-array-buffer@https://registry.npmjs.org/is-shared-array-buffer/-/is-shared-array-buffer-1.0.4.tgz 0ms (cache hit)
6400 http cache is-set@https://registry.npmjs.org/is-set/-/is-set-2.0.3.tgz 0ms (cache hit)
6401 http cache is-regex@https://registry.npmjs.org/is-regex/-/is-regex-1.2.1.tgz 0ms (cache hit)
6402 http cache is-negative-zero@https://registry.npmjs.org/is-negative-zero/-/is-negative-zero-2.0.3.tgz 0ms (cache hit)
6403 http cache is-data-view@https://registry.npmjs.org/is-data-view/-/is-data-view-1.0.2.tgz 0ms (cache hit)
6404 http cache is-callable@https://registry.npmjs.org/is-callable/-/is-callable-1.2.7.tgz 0ms (cache hit)
6405 http cache internal-slot@https://registry.npmjs.org/internal-slot/-/internal-slot-1.1.0.tgz 0ms (cache hit)
6406 http cache is-array-buffer@https://registry.npmjs.org/is-array-buffer/-/is-array-buffer-3.0.5.tgz 0ms (cache hit)
6407 http cache has-proto@https://registry.npmjs.org/has-proto/-/has-proto-1.2.0.tgz 0ms (cache hit)
6408 http cache globalthis@https://registry.npmjs.org/globalthis/-/globalthis-1.0.4.tgz 0ms (cache hit)
6409 http cache get-symbol-description@https://registry.npmjs.org/get-symbol-description/-/get-symbol-description-1.1.0.tgz 0ms (cache hit)
6410 http cache function.prototype.name@https://registry.npmjs.org/function.prototype.name/-/function.prototype.name-1.2.0.tgz 0ms (cache hit)
6411 http cache es-to-primitive@https://registry.npmjs.org/es-to-primitive/-/es-to-primitive-1.3.4.tgz 0ms (cache hit)
6412 http cache data-view-byte-offset@https://registry.npmjs.org/data-view-byte-offset/-/data-view-byte-offset-1.0.1.tgz 0ms (cache hit)
6413 http cache data-view-buffer@https://registry.npmjs.org/data-view-buffer/-/data-view-buffer-1.0.2.tgz 0ms (cache hit)
6414 http cache available-typed-arrays@https://registry.npmjs.org/available-typed-arrays/-/available-typed-arrays-1.0.7.tgz 0ms (cache hit)
6415 http cache arraybuffer.prototype.slice@https://registry.npmjs.org/arraybuffer.prototype.slice/-/arraybuffer.prototype.slice-1.0.4.tgz 0ms (cache hit)
6416 http cache array-buffer-byte-length@https://registry.npmjs.org/array-buffer-byte-length/-/array-buffer-byte-length-1.0.2.tgz 0ms (cache hit)
6417 http cache object-keys@https://registry.npmjs.org/object-keys/-/object-keys-1.1.1.tgz 0ms (cache hit)
6418 http cache has-property-descriptors@https://registry.npmjs.org/has-property-descriptors/-/has-property-descriptors-1.0.2.tgz 0ms (cache hit)
6419 http cache define-data-property@https://registry.npmjs.org/define-data-property/-/define-data-property-1.1.4.tgz 0ms (cache hit)
6420 http cache set-function-length@https://registry.npmjs.org/set-function-length/-/set-function-length-1.2.2.tgz 0ms (cache hit)
6421 http cache is-string@https://registry.npmjs.org/is-string/-/is-string-1.1.1.tgz 0ms (cache hit)
6422 http cache es-array-method-boxes-properly@https://registry.npmjs.org/es-array-method-boxes-properly/-/es-array-method-boxes-properly-1.0.0.tgz 0ms (cache hit)
6423 http cache iterate-value@https://registry.npmjs.org/iterate-value/-/iterate-value-1.0.2.tgz 0ms (cache hit)
6424 http cache call-bound@https://registry.npmjs.org/call-bound/-/call-bound-1.0.4.tgz 0ms (cache hit)
6425 http cache es-abstract@https://registry.npmjs.org/es-abstract/-/es-abstract-1.24.2.tgz 0ms (cache hit)
6426 http cache define-properties@https://registry.npmjs.org/define-properties/-/define-properties-1.2.1.tgz 0ms (cache hit)
6427 http cache call-bind@https://registry.npmjs.org/call-bind/-/call-bind-1.0.9.tgz 0ms (cache hit)
6428 http cache array.prototype.map@https://registry.npmjs.org/array.prototype.map/-/array.prototype.map-1.0.8.tgz 1ms (cache hit)
6429 http cache parse-path@https://registry.npmjs.org/parse-path/-/parse-path-7.1.0.tgz 0ms (cache hit)
6430 http cache windows-release@https://registry.npmjs.org/windows-release/-/windows-release-5.1.1.tgz 0ms (cache hit)
6431 http cache macos-release@https://registry.npmjs.org/macos-release/-/macos-release-3.5.1.tgz 0ms (cache hit)
6432 http cache wcwidth@https://registry.npmjs.org/wcwidth/-/wcwidth-1.0.1.tgz 0ms (cache hit)
6433 http cache stdin-discarder@https://registry.npmjs.org/stdin-discarder/-/stdin-discarder-0.1.0.tgz 0ms (cache hit)
6434 http cache data-view-byte-length@https://registry.npmjs.org/data-view-byte-length/-/data-view-byte-length-1.0.2.tgz 0ms (cache hit)
6435 http cache log-symbols@https://registry.npmjs.org/log-symbols/-/log-symbols-5.1.0.tgz 0ms (cache hit)
6436 http cache chalk@https://registry.npmjs.org/chalk/-/chalk-5.6.2.tgz 0ms (cache hit)
6437 http cache is-interactive@https://registry.npmjs.org/is-interactive/-/is-interactive-2.0.0.tgz 0ms (cache hit)
6438 http cache cli-spinners@https://registry.npmjs.org/cli-spinners/-/cli-spinners-2.9.2.tgz 0ms (cache hit)
6439 http cache web-streams-polyfill@https://registry.npmjs.org/web-streams-polyfill/-/web-streams-polyfill-3.3.3.tgz 0ms (cache hit)
6440 http cache formdata-polyfill@https://registry.npmjs.org/formdata-polyfill/-/formdata-polyfill-4.0.10.tgz 0ms (cache hit)
6441 http cache fetch-blob@https://registry.npmjs.org/fetch-blob/-/fetch-blob-3.2.0.tgz 0ms (cache hit)
6442 http cache node-domexception@https://registry.npmjs.org/node-domexception/-/node-domexception-1.0.0.tgz 0ms (cache hit)
6443 http cache data-uri-to-buffer@https://registry.npmjs.org/data-uri-to-buffer/-/data-uri-to-buffer-4.0.1.tgz 1ms (cache hit)
6444 http cache lodash.uniqby@https://registry.npmjs.org/lodash.uniqby/-/lodash.uniqby-4.7.0.tgz 0ms (cache hit)
6445 http cache lodash.isstring@https://registry.npmjs.org/lodash.isstring/-/lodash.isstring-4.0.1.tgz 0ms (cache hit)
6446 http cache lodash.isplainobject@https://registry.npmjs.org/lodash.isplainobject/-/lodash.isplainobject-4.0.6.tgz 0ms (cache hit)
6447 http cache lodash.escaperegexp@https://registry.npmjs.org/lodash.escaperegexp/-/lodash.escaperegexp-4.1.2.tgz 0ms (cache hit)
6448 http cache lodash.capitalize@https://registry.npmjs.org/lodash.capitalize/-/lodash.capitalize-4.2.1.tgz 0ms (cache hit)
6449 http cache is-unicode-supported@https://registry.npmjs.org/is-unicode-supported/-/is-unicode-supported-1.3.0.tgz 0ms (cache hit)
6450 http cache protocols@https://registry.npmjs.org/protocols/-/protocols-2.0.2.tgz 0ms (cache hit)
6451 http cache tmp@https://registry.npmjs.org/tmp/-/tmp-0.0.33.tgz 0ms (cache hit)
6452 http cache chardet@https://registry.npmjs.org/chardet/-/chardet-0.7.0.tgz 0ms (cache hit)
6453 http cache restore-cursor@https://registry.npmjs.org/restore-cursor/-/restore-cursor-3.1.0.tgz 0ms (cache hit)
6454 http cache wrap-ansi@https://registry.npmjs.org/wrap-ansi/-/wrap-ansi-6.2.0.tgz 0ms (cache hit)
6455 http cache string-width@https://registry.npmjs.org/string-width/-/string-width-4.2.3.tgz 0ms (cache hit)
6456 http cache rxjs@https://registry.npmjs.org/rxjs/-/rxjs-7.8.2.tgz 1ms (cache hit)
6457 http cache run-async@https://registry.npmjs.org/run-async/-/run-async-3.0.0.tgz 0ms (cache hit)
6458 http cache mute-stream@https://registry.npmjs.org/mute-stream/-/mute-stream-1.0.0.tgz 0ms (cache hit)
6459 http cache figures@https://registry.npmjs.org/figures/-/figures-5.0.0.tgz 0ms (cache hit)
6460 http cache escape-string-regexp@https://registry.npmjs.org/escape-string-regexp/-/escape-string-regexp-5.0.0.tgz 0ms (cache hit)
6461 http cache external-editor@https://registry.npmjs.org/external-editor/-/external-editor-3.1.0.tgz 0ms (cache hit)
6462 http cache iconv-lite@https://registry.npmjs.org/iconv-lite/-/iconv-lite-0.4.24.tgz 0ms (cache hit)
6463 http cache cli-width@https://registry.npmjs.org/cli-width/-/cli-width-4.1.0.tgz 0ms (cache hit)
6464 http cache cli-cursor@https://registry.npmjs.org/cli-cursor/-/cli-cursor-3.1.0.tgz 0ms (cache hit)
6465 http cache resolve-alpn@https://registry.npmjs.org/resolve-alpn/-/resolve-alpn-1.2.1.tgz 0ms (cache hit)
6466 http cache normalize-url@https://registry.npmjs.org/normalize-url/-/normalize-url-8.1.1.tgz 0ms (cache hit)
6467 http cache mimic-response@https://registry.npmjs.org/mimic-response/-/mimic-response-4.0.0.tgz 0ms (cache hit)
6468 http cache http-cache-semantics@https://registry.npmjs.org/http-cache-semantics/-/http-cache-semantics-4.2.0.tgz 0ms (cache hit)
6469 http cache @types/http-cache-semantics@https://registry.npmjs.org/@types/http-cache-semantics/-/http-cache-semantics-4.2.0.tgz 0ms (cache hit)
6470 http cache defer-to-connect@https://registry.npmjs.org/defer-to-connect/-/defer-to-connect-2.0.1.tgz 0ms (cache hit)
6471 http cache responselike@https://registry.npmjs.org/responselike/-/responselike-3.0.0.tgz 0ms (cache hit)
6472 http cache p-cancelable@https://registry.npmjs.org/p-cancelable/-/p-cancelable-3.0.0.tgz 1ms (cache hit)
6473 http cache http2-wrapper@https://registry.npmjs.org/http2-wrapper/-/http2-wrapper-2.2.1.tgz 0ms (cache hit)
6474 http cache quick-lru@https://registry.npmjs.org/quick-lru/-/quick-lru-5.1.1.tgz 0ms (cache hit)
6475 http cache form-data-encoder@https://registry.npmjs.org/form-data-encoder/-/form-data-encoder-2.1.4.tgz 0ms (cache hit)
6476 http cache decompress-response@https://registry.npmjs.org/decompress-response/-/decompress-response-6.0.0.tgz 0ms (cache hit)
6477 http cache mimic-response@https://registry.npmjs.org/mimic-response/-/mimic-response-3.1.0.tgz 0ms (cache hit)
6478 http cache cacheable-request@https://registry.npmjs.org/cacheable-request/-/cacheable-request-10.2.14.tgz 0ms (cache hit)
6479 http cache lowercase-keys@https://registry.npmjs.org/lowercase-keys/-/lowercase-keys-3.0.0.tgz 0ms (cache hit)
6480 http cache keyv@https://registry.npmjs.org/keyv/-/keyv-4.5.4.tgz 0ms (cache hit)
6481 http cache cacheable-lookup@https://registry.npmjs.org/cacheable-lookup/-/cacheable-lookup-7.0.0.tgz 0ms (cache hit)
6482 http cache @sindresorhus/is@https://registry.npmjs.org/@sindresorhus/is/-/is-5.6.0.tgz 0ms (cache hit)
6483 http cache @szmarczak/http-timer@https://registry.npmjs.org/@szmarczak/http-timer/-/http-timer-5.0.1.tgz 0ms (cache hit)
6484 http cache merge2@https://registry.npmjs.org/merge2/-/merge2-1.4.1.tgz 1ms (cache hit)
6485 http cache fast-glob@https://registry.npmjs.org/fast-glob/-/fast-glob-3.3.3.tgz 0ms (cache hit)
6486 http cache dir-glob@https://registry.npmjs.org/dir-glob/-/dir-glob-3.0.1.tgz 0ms (cache hit)
6487 http cache glob-parent@https://registry.npmjs.org/glob-parent/-/glob-parent-5.1.2.tgz 0ms (cache hit)
6488 http cache path-type@https://registry.npmjs.org/path-type/-/path-type-4.0.0.tgz 0ms (cache hit)
6489 http cache parse-url@https://registry.npmjs.org/parse-url/-/parse-url-8.1.0.tgz 0ms (cache hit)
6490 http cache is-ssh@https://registry.npmjs.org/is-ssh/-/is-ssh-1.4.1.tgz 0ms (cache hit)
6491 http cache git-up@https://registry.npmjs.org/git-up/-/git-up-7.0.0.tgz 0ms (cache hit)
6492 http cache retry@https://registry.npmjs.org/retry/-/retry-0.13.1.tgz 0ms (cache hit)
6493 http cache deprecation@https://registry.npmjs.org/deprecation/-/deprecation-2.3.1.tgz 0ms (cache hit)
6494 http cache is-plain-object@https://registry.npmjs.org/is-plain-object/-/is-plain-object-5.1.0.tgz 0ms (cache hit)
6495 http cache @octokit/endpoint@https://registry.npmjs.org/@octokit/endpoint/-/endpoint-7.0.6.tgz 0ms (cache hit)
6496 http cache @octokit/tsconfig@https://registry.npmjs.org/@octokit/tsconfig/-/tsconfig-1.0.2.tgz 0ms (cache hit)
6497 http cache @octokit/openapi-types@https://registry.npmjs.org/@octokit/openapi-types/-/openapi-types-18.1.1.tgz 0ms (cache hit)
6498 http cache universal-user-agent@https://registry.npmjs.org/universal-user-agent/-/universal-user-agent-6.0.1.tgz 0ms (cache hit)
6499 http cache before-after-hook@https://registry.npmjs.org/before-after-hook/-/before-after-hook-2.2.3.tgz 0ms (cache hit)
6500 http cache @octokit/types@https://registry.npmjs.org/@octokit/types/-/types-9.3.2.tgz 0ms (cache hit)
6501 http cache @octokit/request@https://registry.npmjs.org/@octokit/request/-/request-6.2.8.tgz 0ms (cache hit)
6502 http cache @octokit/request-error@https://registry.npmjs.org/@octokit/request-error/-/request-error-3.0.3.tgz 0ms (cache hit)
6503 http cache webidl-conversions@https://registry.npmjs.org/webidl-conversions/-/webidl-conversions-3.0.1.tgz 0ms (cache hit)
6504 http cache tr46@https://registry.npmjs.org/tr46/-/tr46-0.0.3.tgz 0ms (cache hit)
6505 http cache whatwg-url@https://registry.npmjs.org/whatwg-url/-/whatwg-url-5.0.0.tgz 0ms (cache hit)
6506 http cache node-fetch@https://registry.npmjs.org/node-fetch/-/node-fetch-2.7.0.tgz 0ms (cache hit)
6507 http cache @octokit/graphql@https://registry.npmjs.org/@octokit/graphql/-/graphql-5.0.6.tgz 0ms (cache hit)
6508 http cache @octokit/auth-token@https://registry.npmjs.org/@octokit/auth-token/-/auth-token-3.0.4.tgz 0ms (cache hit)
6509 http cache @octokit/plugin-rest-endpoint-methods@https://registry.npmjs.org/@octokit/plugin-rest-endpoint-methods/-/plugin-rest-endpoint-methods-7.2.3.tgz 0ms (cache hit)
6510 http cache @octokit/plugin-request-log@https://registry.npmjs.org/@octokit/plugin-request-log/-/plugin-request-log-1.0.4.tgz 1ms (cache hit)
6511 http cache @octokit/types@https://registry.npmjs.org/@octokit/types/-/types-10.0.0.tgz 1ms (cache hit)
6512 http cache @octokit/plugin-paginate-rest@https://registry.npmjs.org/@octokit/plugin-paginate-rest/-/plugin-paginate-rest-6.1.2.tgz 0ms (cache hit)
6513 http cache @octokit/core@https://registry.npmjs.org/@octokit/core/-/core-4.2.4.tgz 0ms (cache hit)
6514 http cache url-join@https://registry.npmjs.org/url-join/-/url-join-5.0.0.tgz 0ms (cache hit)
6515 http cache update-notifier@https://registry.npmjs.org/update-notifier/-/update-notifier-6.0.2.tgz 0ms (cache hit)
6516 http cache semver@https://registry.npmjs.org/semver/-/semver-7.8.5.tgz 0ms (cache hit)
6517 http cache chalk@https://registry.npmjs.org/chalk/-/chalk-5.6.2.tgz 0ms (cache hit)
6518 http cache shelljs@https://registry.npmjs.org/shelljs/-/shelljs-0.8.5.tgz 0ms (cache hit)
6519 http cache wildcard-match@https://registry.npmjs.org/wildcard-match/-/wildcard-match-5.1.2.tgz 0ms (cache hit)
6520 http cache proxy-agent@https://registry.npmjs.org/proxy-agent/-/proxy-agent-6.2.1.tgz 0ms (cache hit)
6521 http cache proxy-from-env@https://registry.npmjs.org/proxy-from-env/-/proxy-from-env-1.1.0.tgz 0ms (cache hit)
6522 http cache lru-cache@https://registry.npmjs.org/lru-cache/-/lru-cache-7.18.3.tgz 0ms (cache hit)
6523 http cache https-proxy-agent@https://registry.npmjs.org/https-proxy-agent/-/https-proxy-agent-7.0.6.tgz 0ms (cache hit)
6524 http cache http-proxy-agent@https://registry.npmjs.org/http-proxy-agent/-/http-proxy-agent-7.0.2.tgz 0ms (cache hit)
6525 http cache agent-base@https://registry.npmjs.org/agent-base/-/agent-base-7.1.4.tgz 0ms (cache hit)
6526 http cache promise.allsettled@https://registry.npmjs.org/promise.allsettled/-/promise.allsettled-1.0.6.tgz 0ms (cache hit)
6527 http cache os-name@https://registry.npmjs.org/os-name/-/os-name-5.1.0.tgz 0ms (cache hit)
6528 http cache ora@https://registry.npmjs.org/ora/-/ora-6.3.1.tgz 0ms (cache hit)
6529 http cache ansi-regex@https://registry.npmjs.org/ansi-regex/-/ansi-regex-6.4.0.tgz 0ms (cache hit)
6530 http cache restore-cursor@https://registry.npmjs.org/restore-cursor/-/restore-cursor-4.0.0.tgz 0ms (cache hit)
6531 http cache strip-ansi@https://registry.npmjs.org/strip-ansi/-/strip-ansi-7.2.0.tgz 0ms (cache hit)
6532 http cache cli-cursor@https://registry.npmjs.org/cli-cursor/-/cli-cursor-4.0.0.tgz 0ms (cache hit)
6533 http cache node-fetch@https://registry.npmjs.org/node-fetch/-/node-fetch-3.3.1.tgz 0ms (cache hit)
6534 http cache chalk@https://registry.npmjs.org/chalk/-/chalk-5.6.2.tgz 0ms (cache hit)
6535 http cache new-github-release-url@https://registry.npmjs.org/new-github-release-url/-/new-github-release-url-2.0.0.tgz 0ms (cache hit)
6536 http cache type-fest@https://registry.npmjs.org/type-fest/-/type-fest-2.19.0.tgz 0ms (cache hit)
6537 http cache issue-parser@https://registry.npmjs.org/issue-parser/-/issue-parser-6.0.0.tgz 0ms (cache hit)
6538 http cache is-ci@https://registry.npmjs.org/is-ci/-/is-ci-3.0.1.tgz 0ms (cache hit)
6539 http cache inquirer@https://registry.npmjs.org/inquirer/-/inquirer-9.2.6.tgz 0ms (cache hit)
6540 http cache readable-stream@https://registry.npmjs.org/readable-stream/-/readable-stream-3.6.2.tgz 0ms (cache hit)
6541 http cache log-symbols@https://registry.npmjs.org/log-symbols/-/log-symbols-4.1.0.tgz 0ms (cache hit)
6542 http cache is-unicode-supported@https://registry.npmjs.org/is-unicode-supported/-/is-unicode-supported-0.1.0.tgz 0ms (cache hit)
6543 http cache chalk@https://registry.npmjs.org/chalk/-/chalk-4.1.2.tgz 0ms (cache hit)
6544 http cache is-interactive@https://registry.npmjs.org/is-interactive/-/is-interactive-1.0.0.tgz 0ms (cache hit)
6545 http cache bl@https://registry.npmjs.org/bl/-/bl-4.1.0.tgz 0ms (cache hit)
6546 http cache ora@https://registry.npmjs.org/ora/-/ora-5.4.1.tgz 0ms (cache hit)
6547 http cache chalk@https://registry.npmjs.org/chalk/-/chalk-4.1.2.tgz 0ms (cache hit)
6548 http cache chalk@https://registry.npmjs.org/chalk/-/chalk-5.6.2.tgz 0ms (cache hit)
6549 http cache got@https://registry.npmjs.org/got/-/got-12.6.1.tgz 0ms (cache hit)
6550 http cache globby@https://registry.npmjs.org/globby/-/globby-13.1.4.tgz 0ms (cache hit)
6551 http cache slash@https://registry.npmjs.org/slash/-/slash-4.0.0.tgz 0ms (cache hit)
6552 http cache git-url-parse@https://registry.npmjs.org/git-url-parse/-/git-url-parse-13.1.0.tgz 0ms (cache hit)
6553 http cache cosmiconfig@https://registry.npmjs.org/cosmiconfig/-/cosmiconfig-8.1.3.tgz 0ms (cache hit)
6554 http cache path-type@https://registry.npmjs.org/path-type/-/path-type-4.0.0.tgz 0ms (cache hit)
6555 http cache async-retry@https://registry.npmjs.org/async-retry/-/async-retry-1.3.3.tgz 0ms (cache hit)
6556 http cache @octokit/rest@https://registry.npmjs.org/@octokit/rest/-/rest-19.0.11.tgz 0ms (cache hit)
6557 http cache @iarna/toml@https://registry.npmjs.org/@iarna/toml/-/toml-2.2.5.tgz 0ms (cache hit)
6558 http cache strip-indent@https://registry.npmjs.org/strip-indent/-/strip-indent-3.0.0.tgz 0ms (cache hit)
6559 http cache indent-string@https://registry.npmjs.org/indent-string/-/indent-string-4.0.0.tgz 0ms (cache hit)
6560 http cache event-target-shim@https://registry.npmjs.org/event-target-shim/-/event-target-shim-5.0.1.tgz 0ms (cache hit)
6561 http cache string_decoder@https://registry.npmjs.org/string_decoder/-/string_decoder-1.3.0.tgz 0ms (cache hit)
6562 http cache process@https://registry.npmjs.org/process/-/process-0.11.10.tgz 0ms (cache hit)
6563 http cache events@https://registry.npmjs.org/events/-/events-3.3.0.tgz 0ms (cache hit)
6564 http cache abort-controller@https://registry.npmjs.org/abort-controller/-/abort-controller-3.0.0.tgz 1ms (cache hit)
6565 http cache readable-stream@https://registry.npmjs.org/readable-stream/-/readable-stream-4.7.0.tgz 0ms (cache hit)
6566 http cache buffer@https://registry.npmjs.org/buffer/-/buffer-6.0.3.tgz 0ms (cache hit)
6567 http cache path-type@https://registry.npmjs.org/path-type/-/path-type-3.0.0.tgz 0ms (cache hit)
6568 http cache load-json-file@https://registry.npmjs.org/load-json-file/-/load-json-file-4.0.0.tgz 0ms (cache hit)
6569 http cache pify@https://registry.npmjs.org/pify/-/pify-3.0.0.tgz 0ms (cache hit)
6570 http cache strip-bom@https://registry.npmjs.org/strip-bom/-/strip-bom-3.0.0.tgz 0ms (cache hit)
6571 http cache pify@https://registry.npmjs.org/pify/-/pify-3.0.0.tgz 0ms (cache hit)
6572 http cache parse-json@https://registry.npmjs.org/parse-json/-/parse-json-4.0.0.tgz 0ms (cache hit)
6573 http cache long@https://registry.npmjs.org/long/-/long-4.0.0.tgz 0ms (cache hit)
6574 http cache @types/long@https://registry.npmjs.org/@types/long/-/long-4.0.2.tgz 0ms (cache hit)
6575 http cache @protobufjs/utf8@https://registry.npmjs.org/@protobufjs/utf8/-/utf8-1.1.2.tgz 0ms (cache hit)
6576 http cache @protobufjs/pool@https://registry.npmjs.org/@protobufjs/pool/-/pool-1.1.0.tgz 0ms (cache hit)
6577 http cache @protobufjs/path@https://registry.npmjs.org/@protobufjs/path/-/path-1.1.2.tgz 0ms (cache hit)
6578 http cache @protobufjs/inquire@https://registry.npmjs.org/@protobufjs/inquire/-/inquire-1.1.2.tgz 0ms (cache hit)
6579 http cache @protobufjs/float@https://registry.npmjs.org/@protobufjs/float/-/float-1.0.2.tgz 0ms (cache hit)
6580 http cache @protobufjs/fetch@https://registry.npmjs.org/@protobufjs/fetch/-/fetch-1.1.1.tgz 0ms (cache hit)
6581 http cache @protobufjs/eventemitter@https://registry.npmjs.org/@protobufjs/eventemitter/-/eventemitter-1.1.1.tgz 0ms (cache hit)
6582 http cache @protobufjs/codegen@https://registry.npmjs.org/@protobufjs/codegen/-/codegen-2.0.5.tgz 0ms (cache hit)
6583 http cache @protobufjs/base64@https://registry.npmjs.org/@protobufjs/base64/-/base64-1.1.2.tgz 0ms (cache hit)
6584 http cache @protobufjs/aspromise@https://registry.npmjs.org/@protobufjs/aspromise/-/aspromise-1.1.2.tgz 0ms (cache hit)
6585 http cache sisteransi@https://registry.npmjs.org/sisteransi/-/sisteransi-1.0.5.tgz 0ms (cache hit)
6586 http cache kleur@https://registry.npmjs.org/kleur/-/kleur-3.0.3.tgz 0ms (cache hit)
6587 http cache react-is@https://registry.npmjs.org/react-is/-/react-is-17.0.2.tgz 0ms (cache hit)
6588 http cache ansi-regex@https://registry.npmjs.org/ansi-regex/-/ansi-regex-5.0.1.tgz 0ms (cache hit)
6589 http cache thread-stream@https://registry.npmjs.org/thread-stream/-/thread-stream-3.2.0.tgz 0ms (cache hit)
6590 http cache sonic-boom@https://registry.npmjs.org/sonic-boom/-/sonic-boom-4.2.1.tgz 0ms (cache hit)
6591 http cache safe-stable-stringify@https://registry.npmjs.org/safe-stable-stringify/-/safe-stable-stringify-2.5.0.tgz 0ms (cache hit)
6592 http cache quick-format-unescaped@https://registry.npmjs.org/quick-format-unescaped/-/quick-format-unescaped-4.0.4.tgz 0ms (cache hit)
6593 http cache real-require@https://registry.npmjs.org/real-require/-/real-require-0.2.0.tgz 0ms (cache hit)
6594 http cache process-warning@https://registry.npmjs.org/process-warning/-/process-warning-5.1.0.tgz 0ms (cache hit)
6595 http cache pino-std-serializers@https://registry.npmjs.org/pino-std-serializers/-/pino-std-serializers-7.1.0.tgz 0ms (cache hit)
6596 http cache pino-abstract-transport@https://registry.npmjs.org/pino-abstract-transport/-/pino-abstract-transport-2.0.0.tgz 0ms (cache hit)
6597 http cache split2@https://registry.npmjs.org/split2/-/split2-4.2.0.tgz 0ms (cache hit)
6598 http cache on-exit-leak-free@https://registry.npmjs.org/on-exit-leak-free/-/on-exit-leak-free-2.1.2.tgz 0ms (cache hit)
6599 http cache atomic-sleep@https://registry.npmjs.org/atomic-sleep/-/atomic-sleep-1.0.0.tgz 0ms (cache hit)
6600 http cache @pinojs/redact@https://registry.npmjs.org/@pinojs/redact/-/redact-0.4.0.tgz 0ms (cache hit)
6601 http cache is-arrayish@https://registry.npmjs.org/is-arrayish/-/is-arrayish-0.2.1.tgz 0ms (cache hit)
6602 http cache lines-and-columns@https://registry.npmjs.org/lines-and-columns/-/lines-and-columns-1.2.4.tgz 0ms (cache hit)
6603 http cache json-parse-even-better-errors@https://registry.npmjs.org/json-parse-even-better-errors/-/json-parse-even-better-errors-2.3.1.tgz 0ms (cache hit)
6604 http cache error-ex@https://registry.npmjs.org/error-ex/-/error-ex-1.3.4.tgz 0ms (cache hit)
6605 http cache xml2js@https://registry.npmjs.org/xml2js/-/xml2js-0.5.0.tgz 0ms (cache hit)
6606 http cache xml-parse-from-string@https://registry.npmjs.org/xml-parse-from-string/-/xml-parse-from-string-1.0.1.tgz 0ms (cache hit)
6607 http cache yocto-queue@https://registry.npmjs.org/yocto-queue/-/yocto-queue-0.1.0.tgz 0ms (cache hit)
6608 http cache p-limit@https://registry.npmjs.org/p-limit/-/p-limit-3.1.0.tgz 0ms (cache hit)
6609 http cache @oxlint/binding-android-arm64@https://registry.npmjs.org/@oxlint/binding-android-arm64/-/binding-android-arm64-1.86.0.tgz 0ms (cache hit)
6610 http cache word-wrap@https://registry.npmjs.org/word-wrap/-/word-wrap-1.2.5.tgz 0ms (cache hit)
6611 http cache fast-levenshtein@https://registry.npmjs.org/fast-levenshtein/-/fast-levenshtein-2.0.6.tgz 0ms (cache hit)
6612 http cache deep-is@https://registry.npmjs.org/deep-is/-/deep-is-0.1.4.tgz 0ms (cache hit)
6613 http cache is-wsl@https://registry.npmjs.org/is-wsl/-/is-wsl-2.2.0.tgz 0ms (cache hit)
6614 http cache is-docker@https://registry.npmjs.org/is-docker/-/is-docker-2.2.1.tgz 0ms (cache hit)
6615 http cache define-lazy-prop@https://registry.npmjs.org/define-lazy-prop/-/define-lazy-prop-2.0.0.tgz 0ms (cache hit)
6616 http cache mimic-fn@https://registry.npmjs.org/mimic-fn/-/mimic-fn-2.1.0.tgz 0ms (cache hit)
6617 http cache validate-npm-package-license@https://registry.npmjs.org/validate-npm-package-license/-/validate-npm-package-license-3.0.4.tgz 0ms (cache hit)
6618 http cache is-core-module@https://registry.npmjs.org/is-core-module/-/is-core-module-2.17.0.tgz 0ms (cache hit)
6619 http cache content-type@https://registry.npmjs.org/content-type/-/content-type-1.0.5.tgz 0ms (cache hit)
6620 http cache media-typer@https://registry.npmjs.org/media-typer/-/media-typer-1.1.1.tgz 0ms (cache hit)
6621 http cache kind-of@https://registry.npmjs.org/kind-of/-/kind-of-6.0.3.tgz 0ms (cache hit)
6622 http cache @tokenizer/token@https://registry.npmjs.org/@tokenizer/token/-/token-0.3.0.tgz 0ms (cache hit)
6623 http cache is-plain-obj@https://registry.npmjs.org/is-plain-obj/-/is-plain-obj-1.1.0.tgz 0ms (cache hit)
6624 http cache arrify@https://registry.npmjs.org/arrify/-/arrify-1.0.1.tgz 1ms (cache hit)
6625 http cache concat-map@https://registry.npmjs.org/concat-map/-/concat-map-0.0.1.tgz 0ms (cache hit)
6626 http cache balanced-match@https://registry.npmjs.org/balanced-match/-/balanced-match-1.0.2.tgz 0ms (cache hit)
6627 http cache brace-expansion@https://registry.npmjs.org/brace-expansion/-/brace-expansion-1.1.21.tgz 1ms (cache hit)
6628 http cache to-regex-range@https://registry.npmjs.org/to-regex-range/-/to-regex-range-5.0.1.tgz 0ms (cache hit)
6629 http cache fill-range@https://registry.npmjs.org/fill-range/-/fill-range-7.1.1.tgz 0ms (cache hit)
6630 http cache mime-db@https://registry.npmjs.org/mime-db/-/mime-db-1.52.0.tgz 0ms (cache hit)
6631 http cache braces@https://registry.npmjs.org/braces/-/braces-3.0.3.tgz 0ms (cache hit)
6632 http cache decamelize@https://registry.npmjs.org/decamelize/-/decamelize-1.2.0.tgz 0ms (cache hit)
6633 http cache quick-lru@https://registry.npmjs.org/quick-lru/-/quick-lru-4.0.1.tgz 0ms (cache hit)
6634 http cache map-obj@https://registry.npmjs.org/map-obj/-/map-obj-4.3.0.tgz 1ms (cache hit)
6635 http cache yargs-parser@https://registry.npmjs.org/yargs-parser/-/yargs-parser-20.2.9.tgz 1ms (cache hit)
6636 http cache trim-newlines@https://registry.npmjs.org/trim-newlines/-/trim-newlines-3.0.1.tgz 1ms (cache hit)
6637 http cache redent@https://registry.npmjs.org/redent/-/redent-3.0.0.tgz 0ms (cache hit)
6638 http cache minimist-options@https://registry.npmjs.org/minimist-options/-/minimist-options-4.1.0.tgz 0ms (cache hit)
6639 http cache hard-rejection@https://registry.npmjs.org/hard-rejection/-/hard-rejection-2.1.0.tgz 0ms (cache hit)
6640 http cache decamelize-keys@https://registry.npmjs.org/decamelize-keys/-/decamelize-keys-1.1.1.tgz 0ms (cache hit)
6641 http cache map-obj@https://registry.npmjs.org/map-obj/-/map-obj-1.0.1.tgz 0ms (cache hit)
6642 http cache camelcase-keys@https://registry.npmjs.org/camelcase-keys/-/camelcase-keys-6.2.2.tgz 0ms (cache hit)
6643 http cache @types/minimist@https://registry.npmjs.org/@types/minimist/-/minimist-1.2.5.tgz 1ms (cache hit)
6644 http cache p-locate@https://registry.npmjs.org/p-locate/-/p-locate-5.0.0.tgz 0ms (cache hit)
6645 http cache xtend@https://registry.npmjs.org/xtend/-/xtend-4.0.2.tgz 0ms (cache hit)
6646 http cache parse-bmfont-binary@https://registry.npmjs.org/parse-bmfont-binary/-/parse-bmfont-binary-1.0.6.tgz 0ms (cache hit)
6647 http cache parse-bmfont-ascii@https://registry.npmjs.org/parse-bmfont-ascii/-/parse-bmfont-ascii-1.0.6.tgz 0ms (cache hit)
6648 http cache mime@https://registry.npmjs.org/mime/-/mime-1.6.0.tgz 0ms (cache hit)
6649 http cache buffer-equal@https://registry.npmjs.org/buffer-equal/-/buffer-equal-0.0.1.tgz 0ms (cache hit)
6650 http cache url@https://registry.npmjs.org/url/-/url-0.11.0.tgz 0ms (cache hit)
6651 http cache xhr@https://registry.npmjs.org/xhr/-/xhr-2.6.0.tgz 0ms (cache hit)
6652 http cache curve25519-js@https://registry.npmjs.org/curve25519-js/-/curve25519-js-0.0.4.tgz 0ms (cache hit)
6653 http cache punycode@https://registry.npmjs.org/punycode/-/punycode-1.3.2.tgz 0ms (cache hit)
6654 http cache type-check@https://registry.npmjs.org/type-check/-/type-check-0.4.0.tgz 0ms (cache hit)
6655 http cache prelude-ls@https://registry.npmjs.org/prelude-ls/-/prelude-ls-1.2.1.tgz 0ms (cache hit)
6656 http cache @keyv/serialize@https://registry.npmjs.org/@keyv/serialize/-/serialize-1.1.1.tgz 0ms (cache hit)
6657 http cache through@https://registry.npmjs.org/through/-/through-2.3.8.tgz 0ms (cache hit)
6658 http cache parse-bmfont-xml@https://registry.npmjs.org/parse-bmfont-xml/-/parse-bmfont-xml-1.1.6.tgz 0ms (cache hit)
6659 http cache jsonparse@https://registry.npmjs.org/jsonparse/-/jsonparse-1.3.1.tgz 0ms (cache hit)
6660 http cache @tootallnate/once@https://registry.npmjs.org/@tootallnate/once/-/once-1.1.2.tgz 0ms (cache hit)
6661 http cache esprima@https://registry.npmjs.org/esprima/-/esprima-4.0.1.tgz 0ms (cache hit)
6662 http cache whatwg-url@https://registry.npmjs.org/whatwg-url/-/whatwg-url-8.7.0.tgz 0ms (cache hit)
6663 http cache xml-name-validator@https://registry.npmjs.org/xml-name-validator/-/xml-name-validator-3.0.0.tgz 0ms (cache hit)
6664 http cache webidl-conversions@https://registry.npmjs.org/webidl-conversions/-/webidl-conversions-6.1.0.tgz 0ms (cache hit)
6665 http cache acorn-walk@https://registry.npmjs.org/acorn-walk/-/acorn-walk-7.2.0.tgz 0ms (cache hit)
6666 http cache w3c-xmlserializer@https://registry.npmjs.org/w3c-xmlserializer/-/w3c-xmlserializer-2.0.0.tgz 0ms (cache hit)
6667 http cache w3c-hr-time@https://registry.npmjs.org/w3c-hr-time/-/w3c-hr-time-1.0.2.tgz 0ms (cache hit)
6668 http cache tough-cookie@https://registry.npmjs.org/tough-cookie/-/tough-cookie-4.1.4.tgz 0ms (cache hit)
6669 http cache symbol-tree@https://registry.npmjs.org/symbol-tree/-/symbol-tree-3.2.4.tgz 0ms (cache hit)
6670 http cache saxes@https://registry.npmjs.org/saxes/-/saxes-5.0.1.tgz 0ms (cache hit)
6671 http cache nwsapi@https://registry.npmjs.org/nwsapi/-/nwsapi-2.2.28.tgz 0ms (cache hit)
6672 http cache is-potential-custom-element-name@https://registry.npmjs.org/is-potential-custom-element-name/-/is-potential-custom-element-name-1.0.1.tgz 0ms (cache hit)
6673 http cache http-proxy-agent@https://registry.npmjs.org/http-proxy-agent/-/http-proxy-agent-4.0.1.tgz 0ms (cache hit)
6674 http cache html-encoding-sniffer@https://registry.npmjs.org/html-encoding-sniffer/-/html-encoding-sniffer-2.0.1.tgz 0ms (cache hit)
6675 http cache iconv-lite@https://registry.npmjs.org/iconv-lite/-/iconv-lite-0.4.24.tgz 0ms (cache hit)
6676 http cache whatwg-encoding@https://registry.npmjs.org/whatwg-encoding/-/whatwg-encoding-1.0.5.tgz 1ms (cache hit)
6677 http cache escodegen@https://registry.npmjs.org/escodegen/-/escodegen-2.1.0.tgz 1ms (cache hit)
6678 http cache domexception@https://registry.npmjs.org/domexception/-/domexception-2.0.1.tgz 1ms (cache hit)
6679 http cache decimal.js@https://registry.npmjs.org/decimal.js/-/decimal.js-10.6.0.tgz 0ms (cache hit)
6680 http cache webidl-conversions@https://registry.npmjs.org/webidl-conversions/-/webidl-conversions-5.0.0.tgz 0ms (cache hit)
6681 http cache data-urls@https://registry.npmjs.org/data-urls/-/data-urls-2.0.0.tgz 0ms (cache hit)
6682 http cache whatwg-mimetype@https://registry.npmjs.org/whatwg-mimetype/-/whatwg-mimetype-2.3.0.tgz 0ms (cache hit)
6683 http cache cssstyle@https://registry.npmjs.org/cssstyle/-/cssstyle-2.3.0.tgz 0ms (cache hit)
6684 http cache cssom@https://registry.npmjs.org/cssom/-/cssom-0.3.8.tgz 0ms (cache hit)
6685 http cache cssom@https://registry.npmjs.org/cssom/-/cssom-0.4.4.tgz 0ms (cache hit)
6686 http cache acorn-globals@https://registry.npmjs.org/acorn-globals/-/acorn-globals-6.0.0.tgz 0ms (cache hit)
6687 http cache acorn@https://registry.npmjs.org/acorn/-/acorn-7.4.1.tgz 0ms (cache hit)
6688 http cache abab@https://registry.npmjs.org/abab/-/abab-2.0.6.tgz 0ms (cache hit)
6689 http cache argparse@https://registry.npmjs.org/argparse/-/argparse-2.0.1.tgz 0ms (cache hit)
6690 http cache image-q@https://registry.npmjs.org/image-q/-/image-q-4.0.0.tgz 0ms (cache hit)
6691 http cache token-types@https://registry.npmjs.org/token-types/-/token-types-4.2.1.tgz 0ms (cache hit)
6692 http cache strtok3@https://registry.npmjs.org/strtok3/-/strtok3-6.3.0.tgz 0ms (cache hit)
6693 http cache @types/node@https://registry.npmjs.org/@types/node/-/node-16.9.1.tgz 0ms (cache hit)
6694 http cache readable-web-to-node-stream@https://registry.npmjs.org/readable-web-to-node-stream/-/readable-web-to-node-stream-3.0.4.tgz 0ms (cache hit)
6695 http cache ieee754@https://registry.npmjs.org/ieee754/-/ieee754-1.2.1.tgz 0ms (cache hit)
6696 http cache base64-js@https://registry.npmjs.org/base64-js/-/base64-js-1.5.1.tgz 0ms (cache hit)
6697 http cache utif@https://registry.npmjs.org/utif/-/utif-2.0.1.tgz 0ms (cache hit)
6698 http cache pngjs@https://registry.npmjs.org/pngjs/-/pngjs-3.4.0.tgz 0ms (cache hit)
6699 http cache jpeg-js@https://registry.npmjs.org/jpeg-js/-/jpeg-js-0.4.4.tgz 0ms (cache hit)
6700 http cache omggif@https://registry.npmjs.org/omggif/-/omggif-1.0.10.tgz 0ms (cache hit)
6701 http cache gifwrap@https://registry.npmjs.org/gifwrap/-/gifwrap-0.9.4.tgz 0ms (cache hit)
6702 http cache bmp-js@https://registry.npmjs.org/bmp-js/-/bmp-js-0.1.0.tgz 0ms (cache hit)
6703 http cache @jimp/tiff@https://registry.npmjs.org/@jimp/tiff/-/tiff-0.16.13.tgz 0ms (cache hit)
6704 http cache @jimp/png@https://registry.npmjs.org/@jimp/png/-/png-0.16.13.tgz 0ms (cache hit)
6705 http cache @jimp/jpeg@https://registry.npmjs.org/@jimp/jpeg/-/jpeg-0.16.13.tgz 0ms (cache hit)
6706 http cache @jimp/gif@https://registry.npmjs.org/@jimp/gif/-/gif-0.16.13.tgz 0ms (cache hit)
6707 http cache @jimp/bmp@https://registry.npmjs.org/@jimp/bmp/-/bmp-0.16.13.tgz 0ms (cache hit)
6708 http cache timm@https://registry.npmjs.org/timm/-/timm-1.7.1.tgz 0ms (cache hit)
6709 http cache @jimp/plugin-threshold@https://registry.npmjs.org/@jimp/plugin-threshold/-/plugin-threshold-0.16.13.tgz 1ms (cache hit)
6710 http cache @jimp/plugin-shadow@https://registry.npmjs.org/@jimp/plugin-shadow/-/plugin-shadow-0.16.13.tgz 0ms (cache hit)
6711 http cache @jimp/plugin-mask@https://registry.npmjs.org/@jimp/plugin-mask/-/plugin-mask-0.16.13.tgz 0ms (cache hit)
6712 http cache @jimp/plugin-normalize@https://registry.npmjs.org/@jimp/plugin-normalize/-/plugin-normalize-0.16.13.tgz 0ms (cache hit)
6713 http cache @jimp/plugin-invert@https://registry.npmjs.org/@jimp/plugin-invert/-/plugin-invert-0.16.13.tgz 0ms (cache hit)
6714 http cache @jimp/plugin-print@https://registry.npmjs.org/@jimp/plugin-print/-/plugin-print-0.16.13.tgz 0ms (cache hit)
6715 http cache @jimp/plugin-gaussian@https://registry.npmjs.org/@jimp/plugin-gaussian/-/plugin-gaussian-0.16.13.tgz 0ms (cache hit)
6716 http cache @jimp/plugin-rotate@https://registry.npmjs.org/@jimp/plugin-rotate/-/plugin-rotate-0.16.13.tgz 0ms (cache hit)
6717 http cache @jimp/plugin-flip@https://registry.npmjs.org/@jimp/plugin-flip/-/plugin-flip-0.16.13.tgz 0ms (cache hit)
6718 http cache @jimp/plugin-dither@https://registry.npmjs.org/@jimp/plugin-dither/-/plugin-dither-0.16.13.tgz 0ms (cache hit)
6719 http cache @jimp/plugin-fisheye@https://registry.npmjs.org/@jimp/plugin-fisheye/-/plugin-fisheye-0.16.13.tgz 0ms (cache hit)
6720 http cache @jimp/plugin-displace@https://registry.npmjs.org/@jimp/plugin-displace/-/plugin-displace-0.16.13.tgz 0ms (cache hit)
6721 http cache @jimp/plugin-crop@https://registry.npmjs.org/@jimp/plugin-crop/-/plugin-crop-0.16.13.tgz 0ms (cache hit)
6722 http cache @jimp/plugin-cover@https://registry.npmjs.org/@jimp/plugin-cover/-/plugin-cover-0.16.13.tgz 0ms (cache hit)
6723 http cache @jimp/plugin-scale@https://registry.npmjs.org/@jimp/plugin-scale/-/plugin-scale-0.16.13.tgz 0ms (cache hit)
6724 http cache @jimp/plugin-resize@https://registry.npmjs.org/@jimp/plugin-resize/-/plugin-resize-0.16.13.tgz 0ms (cache hit)
6725 http cache @jimp/plugin-contain@https://registry.npmjs.org/@jimp/plugin-contain/-/plugin-contain-0.16.13.tgz 0ms (cache hit)
6726 http cache @jimp/plugin-color@https://registry.npmjs.org/@jimp/plugin-color/-/plugin-color-0.16.13.tgz 0ms (cache hit)
6727 http cache @jimp/plugin-circle@https://registry.npmjs.org/@jimp/plugin-circle/-/plugin-circle-0.16.13.tgz 0ms (cache hit)
6728 http cache @jimp/plugin-blur@https://registry.npmjs.org/@jimp/plugin-blur/-/plugin-blur-0.16.13.tgz 0ms (cache hit)
6729 http cache @jimp/plugin-blit@https://registry.npmjs.org/@jimp/plugin-blit/-/plugin-blit-0.16.13.tgz 0ms (cache hit)
6730 http cache tinycolor2@https://registry.npmjs.org/tinycolor2/-/tinycolor2-1.6.0.tgz 0ms (cache hit)
6731 http cache pixelmatch@https://registry.npmjs.org/pixelmatch/-/pixelmatch-4.0.2.tgz 0ms (cache hit)
6732 http cache phin@https://registry.npmjs.org/phin/-/phin-2.9.3.tgz 0ms (cache hit)
6733 http cache mkdirp@https://registry.npmjs.org/mkdirp/-/mkdirp-0.5.6.tgz 0ms (cache hit)
6734 http cache load-bmfont@https://registry.npmjs.org/load-bmfont/-/load-bmfont-1.4.2.tgz 0ms (cache hit)
6735 http cache phin@https://registry.npmjs.org/phin/-/phin-3.7.1.tgz 0ms (cache hit)
6736 http cache file-type@https://registry.npmjs.org/file-type/-/file-type-16.5.4.tgz 0ms (cache hit)
6737 http cache exif-parser@https://registry.npmjs.org/exif-parser/-/exif-parser-0.1.12.tgz 0ms (cache hit)
6738 http cache buffer@https://registry.npmjs.org/buffer/-/buffer-5.7.1.tgz 0ms (cache hit)
6739 http cache any-base@https://registry.npmjs.org/any-base/-/any-base-1.1.0.tgz 0ms (cache hit)
6740 http cache @jimp/utils@https://registry.npmjs.org/@jimp/utils/-/utils-0.16.13.tgz 0ms (cache hit)
6741 http cache @jimp/core@https://registry.npmjs.org/@jimp/core/-/core-0.16.13.tgz 0ms (cache hit)
6742 http cache regenerator-runtime@https://registry.npmjs.org/regenerator-runtime/-/regenerator-runtime-0.13.11.tgz 0ms (cache hit)
6743 http cache @jimp/types@https://registry.npmjs.org/@jimp/types/-/types-0.16.13.tgz 0ms (cache hit)
6744 http cache @jimp/plugins@https://registry.npmjs.org/@jimp/plugins/-/plugins-0.16.13.tgz 0ms (cache hit)
6745 http cache @jimp/custom@https://registry.npmjs.org/@jimp/custom/-/custom-0.16.13.tgz 0ms (cache hit)
6746 http cache @babel/runtime@https://registry.npmjs.org/@babel/runtime/-/runtime-7.29.7.tgz 0ms (cache hit)
6747 http cache leven@https://registry.npmjs.org/leven/-/leven-3.1.0.tgz 0ms (cache hit)
6748 http cache @types/prettier@https://registry.npmjs.org/@types/prettier/-/prettier-2.7.3.tgz 0ms (cache hit)
6749 http cache @babel/plugin-syntax-typescript@https://registry.npmjs.org/@babel/plugin-syntax-typescript/-/plugin-syntax-typescript-7.29.7.tgz 0ms (cache hit)
6750 http cache strip-bom@https://registry.npmjs.org/strip-bom/-/strip-bom-4.0.0.tgz 0ms (cache hit)
6751 http cache cjs-module-lexer@https://registry.npmjs.org/cjs-module-lexer/-/cjs-module-lexer-1.4.3.tgz 0ms (cache hit)
6752 http cache @jest/globals@https://registry.npmjs.org/@jest/globals/-/globals-27.5.1.tgz 0ms (cache hit)
6753 http cache detect-newline@https://registry.npmjs.org/detect-newline/-/detect-newline-3.1.0.tgz 0ms (cache hit)
6754 http cache source-map-support@https://registry.npmjs.org/source-map-support/-/source-map-support-0.5.21.tgz 0ms (cache hit)
6755 http cache jest-leak-detector@https://registry.npmjs.org/jest-leak-detector/-/jest-leak-detector-27.5.1.tgz 0ms (cache hit)
6756 http cache jest-docblock@https://registry.npmjs.org/jest-docblock/-/jest-docblock-27.5.1.tgz 1ms (cache hit)
6757 http cache resolve.exports@https://registry.npmjs.org/resolve.exports/-/resolve.exports-1.1.1.tgz 0ms (cache hit)
6758 http cache resolve@https://registry.npmjs.org/resolve/-/resolve-1.22.12.tgz 0ms (cache hit)
6759 http cache jest-pnp-resolver@https://registry.npmjs.org/jest-pnp-resolver/-/jest-pnp-resolver-1.2.3.tgz 0ms (cache hit)
6760 http cache @types/stack-utils@https://registry.npmjs.org/@types/stack-utils/-/stack-utils-2.0.3.tgz 0ms (cache hit)
6761 http cache diff-sequences@https://registry.npmjs.org/diff-sequences/-/diff-sequences-27.5.1.tgz 0ms (cache hit)
6762 http cache jest-diff@https://registry.npmjs.org/jest-diff/-/jest-diff-27.5.1.tgz 0ms (cache hit)
6763 http cache callsites@https://registry.npmjs.org/callsites/-/callsites-3.1.0.tgz 0ms (cache hit)
6764 http cache node-int64@https://registry.npmjs.org/node-int64/-/node-int64-0.4.0.tgz 0ms (cache hit)
6765 http cache @jest/source-map@https://registry.npmjs.org/@jest/source-map/-/source-map-27.5.1.tgz 0ms (cache hit)
6766 http cache bser@https://registry.npmjs.org/bser/-/bser-2.1.1.tgz 0ms (cache hit)
6767 http cache picomatch@https://registry.npmjs.org/picomatch/-/picomatch-2.3.2.tgz 0ms (cache hit)
6768 http cache normalize-path@https://registry.npmjs.org/normalize-path/-/normalize-path-3.0.0.tgz 0ms (cache hit)
6769 http cache walker@https://registry.npmjs.org/walker/-/walker-1.0.8.tgz 0ms (cache hit)
6770 http cache jest-serializer@https://registry.npmjs.org/jest-serializer/-/jest-serializer-27.5.1.tgz 0ms (cache hit)
6771 http cache fb-watchman@https://registry.npmjs.org/fb-watchman/-/fb-watchman-2.0.2.tgz 0ms (cache hit)
6772 http cache anymatch@https://registry.npmjs.org/anymatch/-/anymatch-3.1.3.tgz 0ms (cache hit)
6773 http cache @types/graceful-fs@https://registry.npmjs.org/@types/graceful-fs/-/graceful-fs-4.1.9.tgz 0ms (cache hit)
6774 http cache jsdom@https://registry.npmjs.org/jsdom/-/jsdom-16.7.0.tgz 0ms (cache hit)
6775 http cache iconv-lite@https://registry.npmjs.org/iconv-lite/-/iconv-lite-0.4.24.tgz 0ms (cache hit)
6776 http cache ws@https://registry.npmjs.org/ws/-/ws-7.5.13.tgz 0ms (cache hit)
6777 http cache whatwg-mimetype@https://registry.npmjs.org/whatwg-mimetype/-/whatwg-mimetype-2.3.0.tgz 0ms (cache hit)
6778 http cache whatwg-encoding@https://registry.npmjs.org/whatwg-encoding/-/whatwg-encoding-1.0.5.tgz 0ms (cache hit)
6779 http cache parse5@https://registry.npmjs.org/parse5/-/parse5-6.0.1.tgz 0ms (cache hit)
6780 http cache form-data@https://registry.npmjs.org/form-data/-/form-data-3.0.5.tgz 0ms (cache hit)
6781 http cache type-detect@https://registry.npmjs.org/type-detect/-/type-detect-4.0.8.tgz 0ms (cache hit)
6782 http cache @sinonjs/commons@https://registry.npmjs.org/@sinonjs/commons/-/commons-1.8.6.tgz 0ms (cache hit)
6783 http cache @sinonjs/fake-timers@https://registry.npmjs.org/@sinonjs/fake-timers/-/fake-timers-8.1.0.tgz 0ms (cache hit)
6784 http cache jest-mock@https://registry.npmjs.org/jest-mock/-/jest-mock-27.5.1.tgz 0ms (cache hit)
6785 http cache @jest/fake-timers@https://registry.npmjs.org/@jest/fake-timers/-/fake-timers-27.5.1.tgz 1ms (cache hit)
6786 http cache stack-utils@https://registry.npmjs.org/stack-utils/-/stack-utils-2.0.6.tgz 0ms (cache hit)
6787 http cache jest-each@https://registry.npmjs.org/jest-each/-/jest-each-27.5.1.tgz 0ms (cache hit)
6788 http cache escape-string-regexp@https://registry.npmjs.org/escape-string-regexp/-/escape-string-regexp-2.0.0.tgz 0ms (cache hit)
6789 http cache is-generator-fn@https://registry.npmjs.org/is-generator-fn/-/is-generator-fn-2.1.0.tgz 0ms (cache hit)
6790 http cache expect@https://registry.npmjs.org/expect/-/expect-27.5.1.tgz 0ms (cache hit)
6791 http cache dedent@https://registry.npmjs.org/dedent/-/dedent-0.7.0.tgz 0ms (cache hit)
6792 http cache @jest/environment@https://registry.npmjs.org/@jest/environment/-/environment-27.5.1.tgz 0ms (cache hit)
6793 http cache co@https://registry.npmjs.org/co/-/co-4.6.0.tgz 0ms (cache hit)
6794 http cache @babel/plugin-syntax-top-level-await@https://registry.npmjs.org/@babel/plugin-syntax-top-level-await/-/plugin-syntax-top-level-await-7.14.5.tgz 0ms (cache hit)
6795 http cache @babel/plugin-syntax-private-property-in-object@https://registry.npmjs.org/@babel/plugin-syntax-private-property-in-object/-/plugin-syntax-private-property-in-object-7.14.5.tgz 0ms (cache hit)
6796 http cache @babel/plugin-syntax-optional-chaining@https://registry.npmjs.org/@babel/plugin-syntax-optional-chaining/-/plugin-syntax-optional-chaining-7.8.3.tgz 1ms (cache hit)
6797 http cache @babel/plugin-syntax-optional-catch-binding@https://registry.npmjs.org/@babel/plugin-syntax-optional-catch-binding/-/plugin-syntax-optional-catch-binding-7.8.3.tgz 0ms (cache hit)
6798 http cache @babel/plugin-syntax-object-rest-spread@https://registry.npmjs.org/@babel/plugin-syntax-object-rest-spread/-/plugin-syntax-object-rest-spread-7.8.3.tgz 0ms (cache hit)
6799 http cache @babel/plugin-syntax-numeric-separator@https://registry.npmjs.org/@babel/plugin-syntax-numeric-separator/-/plugin-syntax-numeric-separator-7.10.4.tgz 0ms (cache hit)
6800 http cache @babel/plugin-syntax-nullish-coalescing-operator@https://registry.npmjs.org/@babel/plugin-syntax-nullish-coalescing-operator/-/plugin-syntax-nullish-coalescing-operator-7.8.3.tgz 0ms (cache hit)
6801 http cache @babel/plugin-syntax-logical-assignment-operators@https://registry.npmjs.org/@babel/plugin-syntax-logical-assignment-operators/-/plugin-syntax-logical-assignment-operators-7.10.4.tgz 0ms (cache hit)
6802 http cache @babel/plugin-syntax-json-strings@https://registry.npmjs.org/@babel/plugin-syntax-json-strings/-/plugin-syntax-json-strings-7.8.3.tgz 0ms (cache hit)
6803 http cache @babel/plugin-syntax-import-meta@https://registry.npmjs.org/@babel/plugin-syntax-import-meta/-/plugin-syntax-import-meta-7.10.4.tgz 0ms (cache hit)
6804 http cache @babel/plugin-syntax-import-attributes@https://registry.npmjs.org/@babel/plugin-syntax-import-attributes/-/plugin-syntax-import-attributes-7.29.7.tgz 0ms (cache hit)
6805 http cache @babel/plugin-syntax-class-static-block@https://registry.npmjs.org/@babel/plugin-syntax-class-static-block/-/plugin-syntax-class-static-block-7.14.5.tgz 0ms (cache hit)
6806 http cache @babel/plugin-syntax-class-properties@https://registry.npmjs.org/@babel/plugin-syntax-class-properties/-/plugin-syntax-class-properties-7.12.13.tgz 0ms (cache hit)
6807 http cache @babel/plugin-syntax-bigint@https://registry.npmjs.org/@babel/plugin-syntax-bigint/-/plugin-syntax-bigint-7.8.3.tgz 1ms (cache hit)
6808 http cache @babel/plugin-syntax-async-generators@https://registry.npmjs.org/@babel/plugin-syntax-async-generators/-/plugin-syntax-async-generators-7.8.4.tgz 0ms (cache hit)
6809 http cache babel-preset-current-node-syntax@https://registry.npmjs.org/babel-preset-current-node-syntax/-/babel-preset-current-node-syntax-1.2.0.tgz 0ms (cache hit)
6810 http cache babel-plugin-jest-hoist@https://registry.npmjs.org/babel-plugin-jest-hoist/-/babel-plugin-jest-hoist-27.5.1.tgz 0ms (cache hit)
6811 http cache @types/babel__traverse@https://registry.npmjs.org/@types/babel__traverse/-/babel__traverse-7.28.0.tgz 0ms (cache hit)
6812 http cache @types/babel__template@https://registry.npmjs.org/@types/babel__template/-/babel__template-7.4.4.tgz 0ms (cache hit)
6813 http cache @types/babel__generator@https://registry.npmjs.org/@types/babel__generator/-/babel__generator-7.27.0.tgz 0ms (cache hit)
6814 http cache babel-preset-jest@https://registry.npmjs.org/babel-preset-jest/-/babel-preset-jest-27.5.1.tgz 0ms (cache hit)
6815 http cache @types/babel__core@https://registry.npmjs.org/@types/babel__core/-/babel__core-7.20.5.tgz 0ms (cache hit)
6816 http cache parse-json@https://registry.npmjs.org/parse-json/-/parse-json-5.2.0.tgz 0ms (cache hit)
6817 http cache jest-jasmine2@https://registry.npmjs.org/jest-jasmine2/-/jest-jasmine2-27.5.1.tgz 0ms (cache hit)
6818 http cache jest-get-type@https://registry.npmjs.org/jest-get-type/-/jest-get-type-27.5.1.tgz 0ms (cache hit)
6819 http cache jest-environment-node@https://registry.npmjs.org/jest-environment-node/-/jest-environment-node-27.5.1.tgz 0ms (cache hit)
6820 http cache jest-environment-jsdom@https://registry.npmjs.org/jest-environment-jsdom/-/jest-environment-jsdom-27.5.1.tgz 0ms (cache hit)
6821 http cache jest-circus@https://registry.npmjs.org/jest-circus/-/jest-circus-27.5.1.tgz 0ms (cache hit)
6822 http cache deepmerge@https://registry.npmjs.org/deepmerge/-/deepmerge-4.3.1.tgz 0ms (cache hit)
6823 http cache ci-info@https://registry.npmjs.org/ci-info/-/ci-info-3.9.0.tgz 0ms (cache hit)
6824 http cache babel-jest@https://registry.npmjs.org/babel-jest/-/babel-jest-27.5.1.tgz 0ms (cache hit)
6825 http cache @jest/test-sequencer@https://registry.npmjs.org/@jest/test-sequencer/-/test-sequencer-27.5.1.tgz 0ms (cache hit)
6826 http cache prompts@https://registry.npmjs.org/prompts/-/prompts-2.4.2.tgz 0ms (cache hit)
6827 http cache strip-final-newline@https://registry.npmjs.org/strip-final-newline/-/strip-final-newline-2.0.0.tgz 0ms (cache hit)
6828 http cache signal-exit@https://registry.npmjs.org/signal-exit/-/signal-exit-3.0.7.tgz 0ms (cache hit)
6829 http cache onetime@https://registry.npmjs.org/onetime/-/onetime-5.1.2.tgz 0ms (cache hit)
6830 http cache npm-run-path@https://registry.npmjs.org/npm-run-path/-/npm-run-path-4.0.1.tgz 0ms (cache hit)
6831 http cache merge-stream@https://registry.npmjs.org/merge-stream/-/merge-stream-2.0.0.tgz 0ms (cache hit)
6832 http cache is-stream@https://registry.npmjs.org/is-stream/-/is-stream-2.0.1.tgz 0ms (cache hit)
6833 http cache human-signals@https://registry.npmjs.org/human-signals/-/human-signals-2.1.0.tgz 0ms (cache hit)
6834 http cache get-stream@https://registry.npmjs.org/get-stream/-/get-stream-6.0.1.tgz 0ms (cache hit)
6835 http cache throat@https://registry.npmjs.org/throat/-/throat-6.0.2.tgz 0ms (cache hit)
6836 http cache execa@https://registry.npmjs.org/execa/-/execa-5.1.1.tgz 0ms (cache hit)
6837 http cache html-escaper@https://registry.npmjs.org/html-escaper/-/html-escaper-2.0.2.tgz 0ms (cache hit)
6838 http cache make-dir@https://registry.npmjs.org/make-dir/-/make-dir-4.0.0.tgz 0ms (cache hit)
6839 http cache semver@https://registry.npmjs.org/semver/-/semver-7.8.5.tgz 0ms (cache hit)
6840 http cache wrappy@https://registry.npmjs.org/wrappy/-/wrappy-1.0.2.tgz 0ms (cache hit)
6841 http cache resolve-cwd@https://registry.npmjs.org/resolve-cwd/-/resolve-cwd-3.0.0.tgz 0ms (cache hit)
6842 http cache resolve-from@https://registry.npmjs.org/resolve-from/-/resolve-from-5.0.0.tgz 1ms (cache hit)
6843 http cache pkg-dir@https://registry.npmjs.org/pkg-dir/-/pkg-dir-4.2.0.tgz 0ms (cache hit)
6844 http cache p-limit@https://registry.npmjs.org/p-limit/-/p-limit-2.3.0.tgz 0ms (cache hit)
6845 http cache p-locate@https://registry.npmjs.org/p-locate/-/p-locate-4.1.0.tgz 0ms (cache hit)
6846 http cache locate-path@https://registry.npmjs.org/locate-path/-/locate-path-5.0.0.tgz 0ms (cache hit)
6847 http cache find-up@https://registry.npmjs.org/find-up/-/find-up-4.1.0.tgz 0ms (cache hit)
6848 http cache path-is-absolute@https://registry.npmjs.org/path-is-absolute/-/path-is-absolute-1.0.1.tgz 0ms (cache hit)
6849 http cache once@https://registry.npmjs.org/once/-/once-1.4.0.tgz 0ms (cache hit)
6850 http cache inherits@https://registry.npmjs.org/inherits/-/inherits-2.0.4.tgz 0ms (cache hit)
6851 http cache inflight@https://registry.npmjs.org/inflight/-/inflight-1.0.6.tgz 0ms (cache hit)
6852 http cache fs.realpath@https://registry.npmjs.org/fs.realpath/-/fs.realpath-1.0.0.tgz 0ms (cache hit)
6853 http cache update-browserslist-db@https://registry.npmjs.org/update-browserslist-db/-/update-browserslist-db-1.3.3.tgz 0ms (cache hit)
6854 http cache node-releases@https://registry.npmjs.org/node-releases/-/node-releases-2.0.57.tgz 0ms (cache hit)
6855 http cache electron-to-chromium@https://registry.npmjs.org/electron-to-chromium/-/electron-to-chromium-1.5.439.tgz 0ms (cache hit)
6856 http cache caniuse-lite@https://registry.npmjs.org/caniuse-lite/-/caniuse-lite-1.0.30001812.tgz 1ms (cache hit)
6857 http cache baseline-browser-mapping@https://registry.npmjs.org/baseline-browser-mapping/-/baseline-browser-mapping-2.11.26.tgz 0ms (cache hit)
6858 http cache get-package-type@https://registry.npmjs.org/get-package-type/-/get-package-type-0.1.0.tgz 0ms (cache hit)
6859 http cache camelcase@https://registry.npmjs.org/camelcase/-/camelcase-5.3.1.tgz 0ms (cache hit)
6860 http cache test-exclude@https://registry.npmjs.org/test-exclude/-/test-exclude-6.0.0.tgz 0ms (cache hit)
6861 http cache @istanbuljs/schema@https://registry.npmjs.org/@istanbuljs/schema/-/schema-0.1.6.tgz 0ms (cache hit)
6862 http cache @istanbuljs/load-nyc-config@https://registry.npmjs.org/@istanbuljs/load-nyc-config/-/load-nyc-config-1.1.0.tgz 0ms (cache hit)
6863 http cache p-locate@https://registry.npmjs.org/p-locate/-/p-locate-4.1.0.tgz 0ms (cache hit)
6864 http cache p-limit@https://registry.npmjs.org/p-limit/-/p-limit-2.3.0.tgz 0ms (cache hit)
6865 http cache argparse@https://registry.npmjs.org/argparse/-/argparse-1.0.10.tgz 0ms (cache hit)
6866 http cache locate-path@https://registry.npmjs.org/locate-path/-/locate-path-5.0.0.tgz 0ms (cache hit)
6867 http cache resolve-from@https://registry.npmjs.org/resolve-from/-/resolve-from-5.0.0.tgz 0ms (cache hit)
6868 http cache js-yaml@https://registry.npmjs.org/js-yaml/-/js-yaml-3.15.2.tgz 0ms (cache hit)
6869 http cache @babel/helper-plugin-utils@https://registry.npmjs.org/@babel/helper-plugin-utils/-/helper-plugin-utils-7.29.7.tgz 0ms (cache hit)
6870 http cache find-up@https://registry.npmjs.org/find-up/-/find-up-4.1.0.tgz 0ms (cache hit)
6871 http cache @types/yargs-parser@https://registry.npmjs.org/@types/yargs-parser/-/yargs-parser-21.0.3.tgz 0ms (cache hit)
6872 http cache @types/istanbul-lib-report@https://registry.npmjs.org/@types/istanbul-lib-report/-/istanbul-lib-report-3.0.3.tgz 0ms (cache hit)
6873 http cache @jridgewell/sourcemap-codec@https://registry.npmjs.org/@jridgewell/sourcemap-codec/-/sourcemap-codec-1.6.0.tgz 0ms (cache hit)
6874 http cache @jridgewell/resolve-uri@https://registry.npmjs.org/@jridgewell/resolve-uri/-/resolve-uri-3.1.2.tgz 1ms (cache hit)
6875 http cache @types/yargs@https://registry.npmjs.org/@types/yargs/-/yargs-16.0.11.tgz 0ms (cache hit)
6876 http cache @types/istanbul-reports@https://registry.npmjs.org/@types/istanbul-reports/-/istanbul-reports-3.0.4.tgz 0ms (cache hit)
6877 http cache @babel/helper-string-parser@https://registry.npmjs.org/@babel/helper-string-parser/-/helper-string-parser-7.29.7.tgz 0ms (cache hit)
6878 http cache @babel/helper-globals@https://registry.npmjs.org/@babel/helper-globals/-/helper-globals-7.29.7.tgz 0ms (cache hit)
6879 http cache @babel/helper-module-imports@https://registry.npmjs.org/@babel/helper-module-imports/-/helper-module-imports-7.29.7.tgz 0ms (cache hit)
6880 http cache browserslist@https://registry.npmjs.org/browserslist/-/browserslist-4.29.2.tgz 0ms (cache hit)
6881 http cache @babel/helper-validator-option@https://registry.npmjs.org/@babel/helper-validator-option/-/helper-validator-option-7.29.7.tgz 0ms (cache hit)
6882 http cache @babel/compat-data@https://registry.npmjs.org/@babel/compat-data/-/compat-data-7.29.7.tgz 0ms (cache hit)
6883 http cache jsesc@https://registry.npmjs.org/jsesc/-/jsesc-3.1.0.tgz 0ms (cache hit)
6884 http cache @jridgewell/trace-mapping@https://registry.npmjs.org/@jridgewell/trace-mapping/-/trace-mapping-0.3.31.tgz 1ms (cache hit)
6885 http cache @jridgewell/gen-mapping@https://registry.npmjs.org/@jridgewell/gen-mapping/-/gen-mapping-0.3.13.tgz 0ms (cache hit)
6886 http cache picocolors@https://registry.npmjs.org/picocolors/-/picocolors-1.1.1.tgz 1ms (cache hit)
6887 http cache js-tokens@https://registry.npmjs.org/js-tokens/-/js-tokens-4.0.0.tgz 0ms (cache hit)
6888 http cache @babel/helper-validator-identifier@https://registry.npmjs.org/@babel/helper-validator-identifier/-/helper-validator-identifier-7.29.7.tgz 0ms (cache hit)
6889 http cache json5@https://registry.npmjs.org/json5/-/json5-2.2.3.tgz 0ms (cache hit)
6890 http cache gensync@https://registry.npmjs.org/gensync/-/gensync-1.0.0-beta.2.tgz 0ms (cache hit)
6891 http cache @jridgewell/remapping@https://registry.npmjs.org/@jridgewell/remapping/-/remapping-2.3.5.tgz 0ms (cache hit)
6892 http cache @babel/types@https://registry.npmjs.org/@babel/types/-/types-7.29.8.tgz 0ms (cache hit)
6893 http cache @babel/traverse@https://registry.npmjs.org/@babel/traverse/-/traverse-7.29.8.tgz 0ms (cache hit)
6894 http cache @babel/template@https://registry.npmjs.org/@babel/template/-/template-7.29.7.tgz 0ms (cache hit)
6895 http cache @babel/parser@https://registry.npmjs.org/@babel/parser/-/parser-7.29.9.tgz 0ms (cache hit)
6896 http cache @babel/helpers@https://registry.npmjs.org/@babel/helpers/-/helpers-7.29.7.tgz 0ms (cache hit)
6897 http cache @babel/helper-module-transforms@https://registry.npmjs.org/@babel/helper-module-transforms/-/helper-module-transforms-7.29.7.tgz 0ms (cache hit)
6898 http cache @babel/helper-compilation-targets@https://registry.npmjs.org/@babel/helper-compilation-targets/-/helper-compilation-targets-7.29.7.tgz 0ms (cache hit)
6899 http cache @babel/generator@https://registry.npmjs.org/@babel/generator/-/generator-7.29.8.tgz 0ms (cache hit)
6900 http cache lru-cache@https://registry.npmjs.org/lru-cache/-/lru-cache-5.1.1.tgz 0ms (cache hit)
6901 http cache @babel/code-frame@https://registry.npmjs.org/@babel/code-frame/-/code-frame-7.29.7.tgz 0ms (cache hit)
6902 http cache write-file-atomic@https://registry.npmjs.org/write-file-atomic/-/write-file-atomic-3.0.3.tgz 0ms (cache hit)
6903 http cache pirates@https://registry.npmjs.org/pirates/-/pirates-4.0.7.tgz 0ms (cache hit)
6904 http cache convert-source-map@https://registry.npmjs.org/convert-source-map/-/convert-source-map-1.9.0.tgz 0ms (cache hit)
6905 http cache babel-plugin-istanbul@https://registry.npmjs.org/babel-plugin-istanbul/-/babel-plugin-istanbul-6.1.1.tgz 0ms (cache hit)
6906 http cache @babel/core@https://registry.npmjs.org/@babel/core/-/core-7.29.7.tgz 0ms (cache hit)
6907 http cache convert-source-map@https://registry.npmjs.org/convert-source-map/-/convert-source-map-2.0.0.tgz 0ms (cache hit)
6908 http cache @types/istanbul-lib-coverage@https://registry.npmjs.org/@types/istanbul-lib-coverage/-/istanbul-lib-coverage-2.0.6.tgz 0ms (cache hit)
6909 http cache v8-to-istanbul@https://registry.npmjs.org/v8-to-istanbul/-/v8-to-istanbul-8.1.1.tgz 0ms (cache hit)
6910 http cache source-map@https://registry.npmjs.org/source-map/-/source-map-0.7.6.tgz 1ms (cache hit)
6911 http cache terminal-link@https://registry.npmjs.org/terminal-link/-/terminal-link-2.1.1.tgz 0ms (cache hit)
6912 http cache string-length@https://registry.npmjs.org/string-length/-/string-length-4.0.2.tgz 0ms (cache hit)
6913 http cache jest-worker@https://registry.npmjs.org/jest-worker/-/jest-worker-27.5.1.tgz 0ms (cache hit)
6914 http cache istanbul-reports@https://registry.npmjs.org/istanbul-reports/-/istanbul-reports-3.2.0.tgz 0ms (cache hit)
6915 http cache supports-color@https://registry.npmjs.org/supports-color/-/supports-color-8.1.1.tgz 0ms (cache hit)
6916 http cache istanbul-lib-source-maps@https://registry.npmjs.org/istanbul-lib-source-maps/-/istanbul-lib-source-maps-4.0.1.tgz 0ms (cache hit)
6917 http cache istanbul-lib-report@https://registry.npmjs.org/istanbul-lib-report/-/istanbul-lib-report-3.0.1.tgz 1ms (cache hit)
6918 http cache istanbul-lib-instrument@https://registry.npmjs.org/istanbul-lib-instrument/-/istanbul-lib-instrument-5.2.1.tgz 0ms (cache hit)
6919 http cache istanbul-lib-coverage@https://registry.npmjs.org/istanbul-lib-coverage/-/istanbul-lib-coverage-3.2.2.tgz 0ms (cache hit)
6920 http cache glob@https://registry.npmjs.org/glob/-/glob-7.2.3.tgz 0ms (cache hit)
6921 http cache collect-v8-coverage@https://registry.npmjs.org/collect-v8-coverage/-/collect-v8-coverage-1.0.3.tgz 0ms (cache hit)
6922 http cache slash@https://registry.npmjs.org/slash/-/slash-3.0.0.tgz 1ms (cache hit)
6923 http cache @bcoe/v8-coverage@https://registry.npmjs.org/@bcoe/v8-coverage/-/v8-coverage-0.2.3.tgz 0ms (cache hit)
6924 http cache micromatch@https://registry.npmjs.org/micromatch/-/micromatch-4.0.8.tgz 0ms (cache hit)
6925 http cache jest-watcher@https://registry.npmjs.org/jest-watcher/-/jest-watcher-27.5.1.tgz 0ms (cache hit)
6926 http cache jest-validate@https://registry.npmjs.org/jest-validate/-/jest-validate-27.5.1.tgz 0ms (cache hit)
6927 http cache camelcase@https://registry.npmjs.org/camelcase/-/camelcase-6.3.0.tgz 0ms (cache hit)
6928 http cache jest-util@https://registry.npmjs.org/jest-util/-/jest-util-27.5.1.tgz 0ms (cache hit)
6929 http cache jest-snapshot@https://registry.npmjs.org/jest-snapshot/-/jest-snapshot-27.5.1.tgz 0ms (cache hit)
6930 http cache semver@https://registry.npmjs.org/semver/-/semver-7.8.5.tgz 0ms (cache hit)
6931 http cache jest-runtime@https://registry.npmjs.org/jest-runtime/-/jest-runtime-27.5.1.tgz 0ms (cache hit)
6932 http cache jest-runner@https://registry.npmjs.org/jest-runner/-/jest-runner-27.5.1.tgz 0ms (cache hit)
6933 http cache jest-resolve-dependencies@https://registry.npmjs.org/jest-resolve-dependencies/-/jest-resolve-dependencies-27.5.1.tgz 0ms (cache hit)
6934 http cache jest-resolve@https://registry.npmjs.org/jest-resolve/-/jest-resolve-27.5.1.tgz 0ms (cache hit)
6935 http cache jest-regex-util@https://registry.npmjs.org/jest-regex-util/-/jest-regex-util-27.5.1.tgz 0ms (cache hit)
6936 http cache jest-message-util@https://registry.npmjs.org/jest-message-util/-/jest-message-util-27.5.1.tgz 0ms (cache hit)
6937 http cache jest-haste-map@https://registry.npmjs.org/jest-haste-map/-/jest-haste-map-27.5.1.tgz 0ms (cache hit)
6938 http cache jest-config@https://registry.npmjs.org/jest-config/-/jest-config-27.5.1.tgz 0ms (cache hit)
6939 http cache jest-changed-files@https://registry.npmjs.org/jest-changed-files/-/jest-changed-files-27.5.1.tgz 0ms (cache hit)
6940 http cache graceful-fs@https://registry.npmjs.org/graceful-fs/-/graceful-fs-4.2.11.tgz 0ms (cache hit)
6941 http cache exit@https://registry.npmjs.org/exit/-/exit-0.1.2.tgz 0ms (cache hit)
6942 http cache emittery@https://registry.npmjs.org/emittery/-/emittery-0.8.1.tgz 0ms (cache hit)
6943 http cache ansi-escapes@https://registry.npmjs.org/ansi-escapes/-/ansi-escapes-4.3.2.tgz 0ms (cache hit)
6944 http cache @jest/types@https://registry.npmjs.org/@jest/types/-/types-27.5.1.tgz 0ms (cache hit)
6945 http cache type-fest@https://registry.npmjs.org/type-fest/-/type-fest-0.21.3.tgz 0ms (cache hit)
6946 http cache @jest/transform@https://registry.npmjs.org/@jest/transform/-/transform-27.5.1.tgz 0ms (cache hit)
6947 http cache @jest/test-result@https://registry.npmjs.org/@jest/test-result/-/test-result-27.5.1.tgz 0ms (cache hit)
6948 http cache @jest/reporters@https://registry.npmjs.org/@jest/reporters/-/reporters-27.5.1.tgz 0ms (cache hit)
6949 http cache @jest/console@https://registry.npmjs.org/@jest/console/-/console-27.5.1.tgz 0ms (cache hit)
6950 http cache jest-cli@https://registry.npmjs.org/jest-cli/-/jest-cli-27.5.1.tgz 1ms (cache hit)
6951 http cache import-local@https://registry.npmjs.org/import-local/-/import-local-3.2.0.tgz 0ms (cache hit)
6952 http cache @jest/core@https://registry.npmjs.org/@jest/core/-/core-27.5.1.tgz 0ms (cache hit)
6953 http cache text-extensions@https://registry.npmjs.org/text-extensions/-/text-extensions-1.9.0.tgz 0ms (cache hit)
6954 http cache is-extglob@https://registry.npmjs.org/is-extglob/-/is-extglob-2.1.1.tgz 0ms (cache hit)
6955 http cache resolve-from@https://registry.npmjs.org/resolve-from/-/resolve-from-4.0.0.tgz 0ms (cache hit)
6956 http cache parent-module@https://registry.npmjs.org/parent-module/-/parent-module-1.0.1.tgz 0ms (cache hit)
6957 http cache safer-buffer@https://registry.npmjs.org/safer-buffer/-/safer-buffer-2.1.2.tgz 0ms (cache hit)
6958 http cache agent-base@https://registry.npmjs.org/agent-base/-/agent-base-6.0.2.tgz 0ms (cache hit)
6959 http cache wordwrap@https://registry.npmjs.org/wordwrap/-/wordwrap-1.0.0.tgz 0ms (cache hit)
6960 http cache uglify-js@https://registry.npmjs.org/uglify-js/-/uglify-js-3.19.3.tgz 0ms (cache hit)
6961 http cache source-map@https://registry.npmjs.org/source-map/-/source-map-0.6.1.tgz 0ms (cache hit)
6962 http cache neo-async@https://registry.npmjs.org/neo-async/-/neo-async-2.6.2.tgz 0ms (cache hit)
6963 http cache minimist@https://registry.npmjs.org/minimist/-/minimist-1.2.8.tgz 0ms (cache hit)
6964 http cache type-fest@https://registry.npmjs.org/type-fest/-/type-fest-0.20.2.tgz 0ms (cache hit)
6965 http cache ini@https://registry.npmjs.org/ini/-/ini-1.3.8.tgz 0ms (cache hit)
6966 http cache pify@https://registry.npmjs.org/pify/-/pify-2.3.0.tgz 0ms (cache hit)
6967 http cache gitconfiglocal@https://registry.npmjs.org/gitconfiglocal/-/gitconfiglocal-1.0.0.tgz 0ms (cache hit)
6968 http cache dargs@https://registry.npmjs.org/dargs/-/dargs-7.0.0.tgz 0ms (cache hit)
6969 http cache dunder-proto@https://registry.npmjs.org/dunder-proto/-/dunder-proto-1.0.1.tgz 0ms (cache hit)
6970 http cache yargs@https://registry.npmjs.org/yargs/-/yargs-16.2.2.tgz 0ms (cache hit)
6971 http cache hosted-git-info@https://registry.npmjs.org/hosted-git-info/-/hosted-git-info-4.1.0.tgz 0ms (cache hit)
6972 http cache lru-cache@https://registry.npmjs.org/lru-cache/-/lru-cache-6.0.0.tgz 0ms (cache hit)
6973 http cache yallist@https://registry.npmjs.org/yallist/-/yallist-4.0.0.tgz 0ms (cache hit)
6974 http cache math-intrinsics@https://registry.npmjs.org/math-intrinsics/-/math-intrinsics-1.1.0.tgz 1ms (cache hit)
6975 http cache @hutson/parse-repository-url@https://registry.npmjs.org/@hutson/parse-repository-url/-/parse-repository-url-3.0.2.tgz 0ms (cache hit)
6976 http cache has-symbols@https://registry.npmjs.org/has-symbols/-/has-symbols-1.1.0.tgz 0ms (cache hit)
6977 http cache gopd@https://registry.npmjs.org/gopd/-/gopd-1.2.0.tgz 0ms (cache hit)
6978 http cache get-proto@https://registry.npmjs.org/get-proto/-/get-proto-1.0.1.tgz 0ms (cache hit)
6979 http cache function-bind@https://registry.npmjs.org/function-bind/-/function-bind-1.1.2.tgz 0ms (cache hit)
6980 http cache es-object-atoms@https://registry.npmjs.org/es-object-atoms/-/es-object-atoms-1.1.2.tgz 1ms (cache hit)
6981 http cache es-define-property@https://registry.npmjs.org/es-define-property/-/es-define-property-1.0.1.tgz 0ms (cache hit)
6982 http cache call-bind-apply-helpers@https://registry.npmjs.org/call-bind-apply-helpers/-/call-bind-apply-helpers-1.0.2.tgz 0ms (cache hit)
6983 http cache has-tostringtag@https://registry.npmjs.org/has-tostringtag/-/has-tostringtag-1.0.2.tgz 0ms (cache hit)
6984 http cache get-intrinsic@https://registry.npmjs.org/get-intrinsic/-/get-intrinsic-1.3.0.tgz 0ms (cache hit)
6985 http cache es-errors@https://registry.npmjs.org/es-errors/-/es-errors-1.3.0.tgz 0ms (cache hit)
6986 http cache delayed-stream@https://registry.npmjs.org/delayed-stream/-/delayed-stream-1.0.0.tgz 0ms (cache hit)
6987 http cache safe-buffer@https://registry.npmjs.org/safe-buffer/-/safe-buffer-5.2.1.tgz 0ms (cache hit)
6988 http cache mime-types@https://registry.npmjs.org/mime-types/-/mime-types-2.1.35.tgz 0ms (cache hit)
6989 http cache hasown@https://registry.npmjs.org/hasown/-/hasown-2.0.4.tgz 0ms (cache hit)
6990 http cache es-set-tostringtag@https://registry.npmjs.org/es-set-tostringtag/-/es-set-tostringtag-2.1.0.tgz 0ms (cache hit)
6991 http cache combined-stream@https://registry.npmjs.org/combined-stream/-/combined-stream-1.0.8.tgz 1ms (cache hit)
6992 http cache asynckit@https://registry.npmjs.org/asynckit/-/asynckit-0.4.0.tgz 0ms (cache hit)
6993 http cache rimraf@https://registry.npmjs.org/rimraf/-/rimraf-3.0.2.tgz 0ms (cache hit)
6994 http cache flatted@https://registry.npmjs.org/flatted/-/flatted-3.4.4.tgz 0ms (cache hit)
6995 http cache path-exists@https://registry.npmjs.org/path-exists/-/path-exists-4.0.0.tgz 0ms (cache hit)
6996 http cache locate-path@https://registry.npmjs.org/locate-path/-/locate-path-6.0.0.tgz 0ms (cache hit)
6997 http cache flat-cache@https://registry.npmjs.org/flat-cache/-/flat-cache-3.2.0.tgz 0ms (cache hit)
6998 http cache reusify@https://registry.npmjs.org/reusify/-/reusify-1.1.0.tgz 0ms (cache hit)
6999 http cache keyv@https://registry.npmjs.org/keyv/-/keyv-4.5.4.tgz 0ms (cache hit)
7000 http cache acorn-jsx@https://registry.npmjs.org/acorn-jsx/-/acorn-jsx-5.3.2.tgz 0ms (cache hit)
7001 http cache acorn@https://registry.npmjs.org/acorn/-/acorn-8.18.0.tgz 0ms (cache hit)
7002 http cache estraverse@https://registry.npmjs.org/estraverse/-/estraverse-5.3.0.tgz 0ms (cache hit)
7003 http cache esrecurse@https://registry.npmjs.org/esrecurse/-/esrecurse-4.3.0.tgz 0ms (cache hit)
7004 http cache ms@https://registry.npmjs.org/ms/-/ms-2.1.3.tgz 0ms (cache hit)
7005 http cache which@https://registry.npmjs.org/which/-/which-2.0.2.tgz 1ms (cache hit)
7006 http cache shebang-command@https://registry.npmjs.org/shebang-command/-/shebang-command-2.0.0.tgz 0ms (cache hit)
7007 http cache path-key@https://registry.npmjs.org/path-key/-/path-key-3.1.1.tgz 0ms (cache hit)
7008 http cache color-name@https://registry.npmjs.org/color-name/-/color-name-1.1.4.tgz 0ms (cache hit)
7009 http cache color-convert@https://registry.npmjs.org/color-convert/-/color-convert-2.0.1.tgz 0ms (cache hit)
7010 http cache supports-color@https://registry.npmjs.org/supports-color/-/supports-color-7.2.0.tgz 1ms (cache hit)
7011 http cache ansi-styles@https://registry.npmjs.org/ansi-styles/-/ansi-styles-4.3.0.tgz 0ms (cache hit)
7012 http cache uri-js@https://registry.npmjs.org/uri-js/-/uri-js-4.4.1.tgz 0ms (cache hit)
7013 http cache json-schema-traverse@https://registry.npmjs.org/json-schema-traverse/-/json-schema-traverse-0.4.1.tgz 0ms (cache hit)
7014 http cache fast-json-stable-stringify@https://registry.npmjs.org/fast-json-stable-stringify/-/fast-json-stable-stringify-2.1.0.tgz 0ms (cache hit)
7015 http cache run-parallel@https://registry.npmjs.org/run-parallel/-/run-parallel-1.2.0.tgz 0ms (cache hit)
7016 http cache fastq@https://registry.npmjs.org/fastq/-/fastq-1.20.3.tgz 1ms (cache hit)
7017 http cache @nodelib/fs.stat@https://registry.npmjs.org/@nodelib/fs.stat/-/fs.stat-2.0.5.tgz 0ms (cache hit)
7018 http cache @nodelib/fs.scandir@https://registry.npmjs.org/@nodelib/fs.scandir/-/fs.scandir-2.1.5.tgz 1ms (cache hit)
7019 http cache @humanwhocodes/object-schema@https://registry.npmjs.org/@humanwhocodes/object-schema/-/object-schema-2.0.3.tgz 0ms (cache hit)
7020 http cache import-fresh@https://registry.npmjs.org/import-fresh/-/import-fresh-3.3.1.tgz 0ms (cache hit)
7021 http cache strip-json-comments@https://registry.npmjs.org/strip-json-comments/-/strip-json-comments-3.1.1.tgz 0ms (cache hit)
7022 http cache text-table@https://registry.npmjs.org/text-table/-/text-table-0.2.0.tgz 0ms (cache hit)
7023 http cache strip-ansi@https://registry.npmjs.org/strip-ansi/-/strip-ansi-6.0.1.tgz 0ms (cache hit)
7024 http cache optionator@https://registry.npmjs.org/optionator/-/optionator-0.9.4.tgz 0ms (cache hit)
7025 http cache natural-compare@https://registry.npmjs.org/natural-compare/-/natural-compare-1.4.0.tgz 0ms (cache hit)
7026 http cache minimatch@https://registry.npmjs.org/minimatch/-/minimatch-3.1.5.tgz 0ms (cache hit)
7027 http cache lodash.merge@https://registry.npmjs.org/lodash.merge/-/lodash.merge-4.6.2.tgz 0ms (cache hit)
7028 http cache levn@https://registry.npmjs.org/levn/-/levn-0.4.1.tgz 0ms (cache hit)
7029 http cache json-stable-stringify-without-jsonify@https://registry.npmjs.org/json-stable-stringify-without-jsonify/-/json-stable-stringify-without-jsonify-1.0.1.tgz 0ms (cache hit)
7030 http cache js-yaml@https://registry.npmjs.org/js-yaml/-/js-yaml-4.3.2.tgz 0ms (cache hit)
7031 http cache is-path-inside@https://registry.npmjs.org/is-path-inside/-/is-path-inside-3.0.3.tgz 0ms (cache hit)
7032 http cache is-glob@https://registry.npmjs.org/is-glob/-/is-glob-4.0.3.tgz 0ms (cache hit)
7033 http cache imurmurhash@https://registry.npmjs.org/imurmurhash/-/imurmurhash-0.1.4.tgz 0ms (cache hit)
7034 http cache ignore@https://registry.npmjs.org/ignore/-/ignore-5.3.2.tgz 0ms (cache hit)
7035 http cache graphemer@https://registry.npmjs.org/graphemer/-/graphemer-1.4.0.tgz 0ms (cache hit)
7036 http cache globals@https://registry.npmjs.org/globals/-/globals-13.24.0.tgz 0ms (cache hit)
7037 http cache glob-parent@https://registry.npmjs.org/glob-parent/-/glob-parent-6.0.2.tgz 0ms (cache hit)
7038 http cache find-up@https://registry.npmjs.org/find-up/-/find-up-5.0.0.tgz 0ms (cache hit)
7039 http cache file-entry-cache@https://registry.npmjs.org/file-entry-cache/-/file-entry-cache-6.0.1.tgz 0ms (cache hit)
7040 http cache fast-deep-equal@https://registry.npmjs.org/fast-deep-equal/-/fast-deep-equal-3.1.3.tgz 0ms (cache hit)
7041 http cache esutils@https://registry.npmjs.org/esutils/-/esutils-2.0.3.tgz 0ms (cache hit)
7042 http cache esquery@https://registry.npmjs.org/esquery/-/esquery-1.7.0.tgz 0ms (cache hit)
7043 http cache espree@https://registry.npmjs.org/espree/-/espree-9.6.1.tgz 1ms (cache hit)
7044 http cache eslint-visitor-keys@https://registry.npmjs.org/eslint-visitor-keys/-/eslint-visitor-keys-3.4.3.tgz 0ms (cache hit)
7045 http cache eslint-scope@https://registry.npmjs.org/eslint-scope/-/eslint-scope-7.2.2.tgz 0ms (cache hit)
7046 http cache escape-string-regexp@https://registry.npmjs.org/escape-string-regexp/-/escape-string-regexp-4.0.0.tgz 0ms (cache hit)
7047 http cache doctrine@https://registry.npmjs.org/doctrine/-/doctrine-3.0.0.tgz 0ms (cache hit)
7048 http cache debug@https://registry.npmjs.org/debug/-/debug-4.4.3.tgz 0ms (cache hit)
7049 http cache cross-spawn@https://registry.npmjs.org/cross-spawn/-/cross-spawn-7.0.6.tgz 0ms (cache hit)
7050 http cache chalk@https://registry.npmjs.org/chalk/-/chalk-4.1.2.tgz 0ms (cache hit)
7051 http cache ajv@https://registry.npmjs.org/ajv/-/ajv-6.15.0.tgz 0ms (cache hit)
7052 http cache @ungap/structured-clone@https://registry.npmjs.org/@ungap/structured-clone/-/structured-clone-1.4.0.tgz 0ms (cache hit)
7053 http cache @nodelib/fs.walk@https://registry.npmjs.org/@nodelib/fs.walk/-/fs.walk-1.2.8.tgz 0ms (cache hit)
7054 http cache @humanwhocodes/module-importer@https://registry.npmjs.org/@humanwhocodes/module-importer/-/module-importer-1.0.1.tgz 0ms (cache hit)
7055 http cache @humanwhocodes/config-array@https://registry.npmjs.org/@humanwhocodes/config-array/-/config-array-0.13.0.tgz 0ms (cache hit)
7056 http cache @eslint/js@https://registry.npmjs.org/@eslint/js/-/js-8.57.1.tgz 0ms (cache hit)
7057 http cache @eslint/eslintrc@https://registry.npmjs.org/@eslint/eslintrc/-/eslintrc-2.1.4.tgz 0ms (cache hit)
7058 http cache @eslint-community/regexpp@https://registry.npmjs.org/@eslint-community/regexpp/-/regexpp-4.12.2.tgz 0ms (cache hit)
7059 http cache @eslint-community/eslint-utils@https://registry.npmjs.org/@eslint-community/eslint-utils/-/eslint-utils-4.10.1.tgz 0ms (cache hit)
7060 http cache whatwg-encoding@https://registry.npmjs.org/whatwg-encoding/-/whatwg-encoding-3.1.1.tgz 0ms (cache hit)
7061 http cache iconv-lite@https://registry.npmjs.org/iconv-lite/-/iconv-lite-0.6.3.tgz 0ms (cache hit)
7062 http cache is-obj@https://registry.npmjs.org/is-obj/-/is-obj-2.0.0.tgz 0ms (cache hit)
7063 http cache entities@https://registry.npmjs.org/entities/-/entities-4.5.0.tgz 0ms (cache hit)
7064 http cache nth-check@https://registry.npmjs.org/nth-check/-/nth-check-2.1.1.tgz 0ms (cache hit)
7065 http cache split2@https://registry.npmjs.org/split2/-/split2-3.2.2.tgz 0ms (cache hit)
7066 http cache readable-stream@https://registry.npmjs.org/readable-stream/-/readable-stream-3.6.2.tgz 0ms (cache hit)
7067 http cache JSONStream@https://registry.npmjs.org/JSONStream/-/JSONStream-1.3.5.tgz 0ms (cache hit)
7068 http cache is-text-path@https://registry.npmjs.org/is-text-path/-/is-text-path-1.0.1.tgz 0ms (cache hit)
7069 http cache modify-values@https://registry.npmjs.org/modify-values/-/modify-values-1.0.1.tgz 0ms (cache hit)
7070 http cache lodash.ismatch@https://registry.npmjs.org/lodash.ismatch/-/lodash.ismatch-4.4.0.tgz 0ms (cache hit)
7071 http cache semver@https://registry.npmjs.org/semver/-/semver-6.3.1.tgz 0ms (cache hit)
7072 http cache split@https://registry.npmjs.org/split/-/split-1.0.1.tgz 0ms (cache hit)
7073 http cache json-stringify-safe@https://registry.npmjs.org/json-stringify-safe/-/json-stringify-safe-5.0.1.tgz 0ms (cache hit)
7074 http cache handlebars@https://registry.npmjs.org/handlebars/-/handlebars-4.7.9.tgz 0ms (cache hit)
7075 http cache conventional-commits-filter@https://registry.npmjs.org/conventional-commits-filter/-/conventional-commits-filter-2.0.7.tgz 0ms (cache hit)
7076 http cache through2@https://registry.npmjs.org/through2/-/through2-4.0.2.tgz 0ms (cache hit)
7077 http cache readable-stream@https://registry.npmjs.org/readable-stream/-/readable-stream-3.6.2.tgz 0ms (cache hit)
7078 http cache read-pkg-up@https://registry.npmjs.org/read-pkg-up/-/read-pkg-up-3.0.0.tgz 0ms (cache hit)
7079 http cache p-try@https://registry.npmjs.org/p-try/-/p-try-1.0.0.tgz 0ms (cache hit)
7080 http cache p-limit@https://registry.npmjs.org/p-limit/-/p-limit-1.3.0.tgz 0ms (cache hit)
7081 http cache path-exists@https://registry.npmjs.org/path-exists/-/path-exists-3.0.0.tgz 0ms (cache hit)
7082 http cache p-locate@https://registry.npmjs.org/p-locate/-/p-locate-2.0.0.tgz 0ms (cache hit)
7083 http cache locate-path@https://registry.npmjs.org/locate-path/-/locate-path-2.0.0.tgz 0ms (cache hit)
7084 http cache find-up@https://registry.npmjs.org/find-up/-/find-up-2.1.0.tgz 0ms (cache hit)
7085 http cache read-pkg@https://registry.npmjs.org/read-pkg/-/read-pkg-3.0.0.tgz 0ms (cache hit)
7086 http cache semver@https://registry.npmjs.org/semver/-/semver-5.7.2.tgz 0ms (cache hit)
7087 http cache hosted-git-info@https://registry.npmjs.org/hosted-git-info/-/hosted-git-info-2.8.9.tgz 1ms (cache hit)
7088 http cache normalize-package-data@https://registry.npmjs.org/normalize-package-data/-/normalize-package-data-3.0.3.tgz 0ms (cache hit)
7089 http cache normalize-package-data@https://registry.npmjs.org/normalize-package-data/-/normalize-package-data-2.5.0.tgz 0ms (cache hit)
7090 http cache semver@https://registry.npmjs.org/semver/-/semver-7.8.5.tgz 0ms (cache hit)
7091 http cache git-semver-tags@https://registry.npmjs.org/git-semver-tags/-/git-semver-tags-4.1.1.tgz 0ms (cache hit)
7092 http cache git-remote-origin-url@https://registry.npmjs.org/git-remote-origin-url/-/git-remote-origin-url-2.0.0.tgz 0ms (cache hit)
7093 http cache git-raw-commits@https://registry.npmjs.org/git-raw-commits/-/git-raw-commits-2.0.11.tgz 0ms (cache hit)
7094 http cache get-pkg-repo@https://registry.npmjs.org/get-pkg-repo/-/get-pkg-repo-4.2.1.tgz 1ms (cache hit)
7095 http cache string_decoder@https://registry.npmjs.org/string_decoder/-/string_decoder-1.1.1.tgz 1ms (cache hit)
7096 http cache safe-buffer@https://registry.npmjs.org/safe-buffer/-/safe-buffer-5.1.2.tgz 0ms (cache hit)
7097 http cache isarray@https://registry.npmjs.org/isarray/-/isarray-1.0.0.tgz 1ms (cache hit)
7098 http cache readable-stream@https://registry.npmjs.org/readable-stream/-/readable-stream-2.3.8.tgz 0ms (cache hit)
7099 http cache dateformat@https://registry.npmjs.org/dateformat/-/dateformat-3.0.3.tgz 0ms (cache hit)
7100 http cache through2@https://registry.npmjs.org/through2/-/through2-2.0.5.tgz 0ms (cache hit)
7101 http cache conventional-commits-parser@https://registry.npmjs.org/conventional-commits-parser/-/conventional-commits-parser-3.2.4.tgz 0ms (cache hit)
7102 http cache conventional-changelog-writer@https://registry.npmjs.org/conventional-changelog-writer/-/conventional-changelog-writer-5.0.1.tgz 0ms (cache hit)
7103 http cache dot-prop@https://registry.npmjs.org/dot-prop/-/dot-prop-5.3.0.tgz 0ms (cache hit)
7104 http cache array-ify@https://registry.npmjs.org/array-ify/-/array-ify-1.0.0.tgz 0ms (cache hit)
7105 http cache q@https://registry.npmjs.org/q/-/q-1.5.1.tgz 0ms (cache hit)
7106 http cache compare-func@https://registry.npmjs.org/compare-func/-/compare-func-2.0.0.tgz 0ms (cache hit)
7107 http cache conventional-changelog-preset-loader@https://registry.npmjs.org/conventional-changelog-preset-loader/-/conventional-changelog-preset-loader-2.3.4.tgz 1ms (cache hit)
7108 http cache conventional-changelog-jshint@https://registry.npmjs.org/conventional-changelog-jshint/-/conventional-changelog-jshint-2.0.9.tgz 0ms (cache hit)
7109 http cache conventional-changelog-jquery@https://registry.npmjs.org/conventional-changelog-jquery/-/conventional-changelog-jquery-3.0.11.tgz 0ms (cache hit)
7110 http cache conventional-changelog-express@https://registry.npmjs.org/conventional-changelog-express/-/conventional-changelog-express-2.0.6.tgz 0ms (cache hit)
7111 http cache conventional-changelog-eslint@https://registry.npmjs.org/conventional-changelog-eslint/-/conventional-changelog-eslint-3.0.9.tgz 0ms (cache hit)
7112 http cache conventional-changelog-ember@https://registry.npmjs.org/conventional-changelog-ember/-/conventional-changelog-ember-2.0.9.tgz 0ms (cache hit)
7113 http cache conventional-changelog-core@https://registry.npmjs.org/conventional-changelog-core/-/conventional-changelog-core-4.2.4.tgz 0ms (cache hit)
7114 http cache conventional-changelog-conventionalcommits@https://registry.npmjs.org/conventional-changelog-conventionalcommits/-/conventional-changelog-conventionalcommits-4.6.3.tgz 0ms (cache hit)
7115 http cache conventional-changelog-codemirror@https://registry.npmjs.org/conventional-changelog-codemirror/-/conventional-changelog-codemirror-2.0.8.tgz 0ms (cache hit)
7116 http cache conventional-changelog-atom@https://registry.npmjs.org/conventional-changelog-atom/-/conventional-changelog-atom-2.0.8.tgz 0ms (cache hit)
7117 http cache conventional-changelog-angular@https://registry.npmjs.org/conventional-changelog-angular/-/conventional-changelog-angular-5.0.13.tgz 0ms (cache hit)
7118 http cache tempfile@https://registry.npmjs.org/tempfile/-/tempfile-3.0.0.tgz 0ms (cache hit)
7119 http cache hosted-git-info@https://registry.npmjs.org/hosted-git-info/-/hosted-git-info-2.8.9.tgz 0ms (cache hit)
7120 http cache uuid@https://registry.npmjs.org/uuid/-/uuid-3.4.0.tgz 0ms (cache hit)
7121 http cache meow@https://registry.npmjs.org/meow/-/meow-8.1.2.tgz 0ms (cache hit)
7122 http cache p-limit@https://registry.npmjs.org/p-limit/-/p-limit-2.3.0.tgz 0ms (cache hit)
7123 http cache p-locate@https://registry.npmjs.org/p-locate/-/p-locate-4.1.0.tgz 0ms (cache hit)
7124 http cache semver@https://registry.npmjs.org/semver/-/semver-5.7.2.tgz 1ms (cache hit)
7125 http cache locate-path@https://registry.npmjs.org/locate-path/-/locate-path-5.0.0.tgz 0ms (cache hit)
7126 http cache read-pkg@https://registry.npmjs.org/read-pkg/-/read-pkg-5.2.0.tgz 0ms (cache hit)
7127 http cache find-up@https://registry.npmjs.org/find-up/-/find-up-4.1.0.tgz 0ms (cache hit)
7128 http cache type-fest@https://registry.npmjs.org/type-fest/-/type-fest-0.6.0.tgz 0ms (cache hit)
7129 http cache normalize-package-data@https://registry.npmjs.org/normalize-package-data/-/normalize-package-data-2.5.0.tgz 0ms (cache hit)
7130 http cache type-fest@https://registry.npmjs.org/type-fest/-/type-fest-0.18.1.tgz 0ms (cache hit)
7131 http cache read-pkg-up@https://registry.npmjs.org/read-pkg-up/-/read-pkg-up-7.0.1.tgz 0ms (cache hit)
7132 http cache conventional-changelog@https://registry.npmjs.org/conventional-changelog/-/conventional-changelog-3.1.25.tgz 0ms (cache hit)
7133 http cache type-fest@https://registry.npmjs.org/type-fest/-/type-fest-0.8.1.tgz 0ms (cache hit)
7134 http cache add-stream@https://registry.npmjs.org/add-stream/-/add-stream-1.0.0.tgz 0ms (cache hit)
7135 http cache domelementtype@https://registry.npmjs.org/domelementtype/-/domelementtype-2.3.0.tgz 0ms (cache hit)
7136 http cache css-what@https://registry.npmjs.org/css-what/-/css-what-6.2.2.tgz 0ms (cache hit)
7137 http cache css-select@https://registry.npmjs.org/css-select/-/css-select-5.2.2.tgz 0ms (cache hit)
7138 http cache boolbase@https://registry.npmjs.org/boolbase/-/boolbase-1.0.0.tgz 0ms (cache hit)
7139 http cache whatwg-mimetype@https://registry.npmjs.org/whatwg-mimetype/-/whatwg-mimetype-4.0.0.tgz 0ms (cache hit)
7140 http cache undici@https://registry.npmjs.org/undici/-/undici-7.30.0.tgz 0ms (cache hit)
7141 http cache parse5-parser-stream@https://registry.npmjs.org/parse5-parser-stream/-/parse5-parser-stream-7.1.2.tgz 0ms (cache hit)
7142 http cache parse5-htmlparser2-tree-adapter@https://registry.npmjs.org/parse5-htmlparser2-tree-adapter/-/parse5-htmlparser2-tree-adapter-7.1.0.tgz 0ms (cache hit)
7143 http cache parse5@https://registry.npmjs.org/parse5/-/parse5-7.3.0.tgz 0ms (cache hit)
7144 http cache entities@https://registry.npmjs.org/entities/-/entities-6.0.1.tgz 0ms (cache hit)
7145 http cache htmlparser2@https://registry.npmjs.org/htmlparser2/-/htmlparser2-10.1.0.tgz 0ms (cache hit)
7146 http cache entities@https://registry.npmjs.org/entities/-/entities-7.0.1.tgz 0ms (cache hit)
7147 http cache encoding-sniffer@https://registry.npmjs.org/encoding-sniffer/-/encoding-sniffer-0.2.1.tgz 0ms (cache hit)
7148 http cache domutils@https://registry.npmjs.org/domutils/-/domutils-3.2.2.tgz 0ms (cache hit)
7149 http cache domhandler@https://registry.npmjs.org/domhandler/-/domhandler-5.0.3.tgz 0ms (cache hit)
7150 http cache dom-serializer@https://registry.npmjs.org/dom-serializer/-/dom-serializer-2.0.0.tgz 0ms (cache hit)
7151 http cache hashery@https://registry.npmjs.org/hashery/-/hashery-1.5.1.tgz 0ms (cache hit)
7152 http cache cheerio-select@https://registry.npmjs.org/cheerio-select/-/cheerio-select-2.1.0.tgz 0ms (cache hit)
7153 http cache @keyv/bigmap@https://registry.npmjs.org/@keyv/bigmap/-/bigmap-1.3.1.tgz 0ms (cache hit)
7154 http cache qified@https://registry.npmjs.org/qified/-/qified-0.10.1.tgz 0ms (cache hit)
7155 http cache hookified@https://registry.npmjs.org/hookified/-/hookified-2.2.0.tgz 0ms (cache hit)
7156 http cache @cacheable/utils@https://registry.npmjs.org/@cacheable/utils/-/utils-2.5.0.tgz 0ms (cache hit)
7157 http cache @cacheable/memory@https://registry.npmjs.org/@cacheable/memory/-/memory-2.2.0.tgz 0ms (cache hit)
7158 http cache promise-coalesce@https://registry.npmjs.org/promise-coalesce/-/promise-coalesce-1.5.0.tgz 1ms (cache hit)
7159 http cache lru-cache@https://registry.npmjs.org/lru-cache/-/lru-cache-10.4.3.tgz 0ms (cache hit)
7160 http cache lodash.clonedeep@https://registry.npmjs.org/lodash.clonedeep/-/lodash.clonedeep-4.5.0.tgz 0ms (cache hit)
7161 http cache eventemitter3@https://registry.npmjs.org/eventemitter3/-/eventemitter3-5.0.4.tgz 0ms (cache hit)
7162 http cache proxy-from-env@https://registry.npmjs.org/proxy-from-env/-/proxy-from-env-2.1.0.tgz 0ms (cache hit)
7163 http cache https-proxy-agent@https://registry.npmjs.org/https-proxy-agent/-/https-proxy-agent-5.0.1.tgz 0ms (cache hit)
7164 http cache follow-redirects@https://registry.npmjs.org/follow-redirects/-/follow-redirects-1.16.0.tgz 0ms (cache hit)
7165 http cache tslib@https://registry.npmjs.org/tslib/-/tslib-2.8.1.tgz 0ms (cache hit)
7166 http cache pretty-format@https://registry.npmjs.org/pretty-format/-/pretty-format-27.5.1.tgz 0ms (cache hit)
7167 http cache ansi-styles@https://registry.npmjs.org/ansi-styles/-/ansi-styles-5.2.0.tgz 0ms (cache hit)
7168 http cache jest-matcher-utils@https://registry.npmjs.org/jest-matcher-utils/-/jest-matcher-utils-27.5.1.tgz 0ms (cache hit)
7169 http cache form-data@https://registry.npmjs.org/form-data/-/form-data-2.5.6.tgz 0ms (cache hit)
7170 http cache @types/tough-cookie@https://registry.npmjs.org/@types/tough-cookie/-/tough-cookie-4.0.5.tgz 0ms (cache hit)
7171 http cache keyv@https://registry.npmjs.org/keyv/-/keyv-5.6.0.tgz 0ms (cache hit)
7172 http cache @hapi/hoek@https://registry.npmjs.org/@hapi/hoek/-/hoek-9.3.0.tgz 0ms (cache hit)
7173 http cache hookified@https://registry.npmjs.org/hookified/-/hookified-1.15.1.tgz 0ms (cache hit)
7174 http cache cacheable@https://registry.npmjs.org/cacheable/-/cacheable-2.5.0.tgz 0ms (cache hit)
7175 http cache eslint-plugin-simple-import-sort@https://registry.npmjs.org/eslint-plugin-simple-import-sort/-/eslint-plugin-simple-import-sort-14.0.0.tgz 0ms (cache hit)
7176 http cache ws@https://registry.npmjs.org/ws/-/ws-8.22.0.tgz 0ms (cache hit)
7177 http cache uuid@https://registry.npmjs.org/uuid/-/uuid-10.0.0.tgz 0ms (cache hit)
7178 http cache typedoc@https://registry.npmjs.org/typedoc/-/typedoc-0.27.9.tgz 0ms (cache hit)
7179 http cache typescript@https://registry.npmjs.org/typescript/-/typescript-5.9.3.tgz 0ms (cache hit)
7180 http cache brace-expansion@https://registry.npmjs.org/brace-expansion/-/brace-expansion-2.1.7.tgz 0ms (cache hit)
7181 http cache minimatch@https://registry.npmjs.org/minimatch/-/minimatch-9.0.9.tgz 0ms (cache hit)
7182 http cache ts-node@https://registry.npmjs.org/ts-node/-/ts-node-10.9.2.tgz 0ms (cache hit)
7183 http cache ts-jest@https://registry.npmjs.org/ts-jest/-/ts-jest-27.1.5.tgz 0ms (cache hit)
7184 http cache acorn-walk@https://registry.npmjs.org/acorn-walk/-/acorn-walk-8.3.5.tgz 1ms (cache hit)
7185 http cache sharp@https://registry.npmjs.org/sharp/-/sharp-0.34.5.tgz 0ms (cache hit)
7186 http cache semver@https://registry.npmjs.org/semver/-/semver-7.8.5.tgz 0ms (cache hit)
7187 http cache release-it@https://registry.npmjs.org/release-it/-/release-it-15.11.0.tgz 0ms (cache hit)
7188 http cache semver@https://registry.npmjs.org/semver/-/semver-7.8.5.tgz 0ms (cache hit)
7189 http cache yallist@https://registry.npmjs.org/yallist/-/yallist-4.0.0.tgz 0ms (cache hit)
7190 http cache lru-cache@https://registry.npmjs.org/lru-cache/-/lru-cache-6.0.0.tgz 0ms (cache hit)
7191 http cache mimic-fn@https://registry.npmjs.org/mimic-fn/-/mimic-fn-4.0.0.tgz 0ms (cache hit)
7192 http cache define-lazy-prop@https://registry.npmjs.org/define-lazy-prop/-/define-lazy-prop-3.0.0.tgz 0ms (cache hit)
7193 http cache strip-final-newline@https://registry.npmjs.org/strip-final-newline/-/strip-final-newline-3.0.0.tgz 0ms (cache hit)
7194 http cache path-key@https://registry.npmjs.org/path-key/-/path-key-4.0.0.tgz 0ms (cache hit)
7195 http cache onetime@https://registry.npmjs.org/onetime/-/onetime-6.0.0.tgz 0ms (cache hit)
7196 http cache npm-run-path@https://registry.npmjs.org/npm-run-path/-/npm-run-path-5.3.0.tgz 0ms (cache hit)
7197 http cache is-stream@https://registry.npmjs.org/is-stream/-/is-stream-3.0.0.tgz 0ms (cache hit)
7198 http cache human-signals@https://registry.npmjs.org/human-signals/-/human-signals-4.3.1.tgz 0ms (cache hit)
7199 http cache yargs-parser@https://registry.npmjs.org/yargs-parser/-/yargs-parser-21.1.1.tgz 0ms (cache hit)
7200 http cache semver@https://registry.npmjs.org/semver/-/semver-7.5.1.tgz 0ms (cache hit)
7201 http cache open@https://registry.npmjs.org/open/-/open-9.1.0.tgz 0ms (cache hit)
7202 http cache lodash@https://registry.npmjs.org/lodash/-/lodash-4.17.21.tgz 0ms (cache hit)
7203 http cache execa@https://registry.npmjs.org/execa/-/execa-7.1.1.tgz 0ms (cache hit)
7204 http cache chalk@https://registry.npmjs.org/chalk/-/chalk-5.2.0.tgz 0ms (cache hit)
7205 http cache qrcode-terminal@https://registry.npmjs.org/qrcode-terminal/-/qrcode-terminal-0.12.0.tgz 0ms (cache hit)
7206 http cache protobufjs@https://registry.npmjs.org/protobufjs/-/protobufjs-6.11.6.tgz 0ms (cache hit)
7207 http cache pino@https://registry.npmjs.org/pino/-/pino-9.14.0.tgz 0ms (cache hit)
7208 http cache open@https://registry.npmjs.org/open/-/open-8.4.2.tgz 1ms (cache hit)
7209 http cache music-metadata@https://registry.npmjs.org/music-metadata/-/music-metadata-7.14.0.tgz 0ms (cache hit)
7210 http cache lodash@https://registry.npmjs.org/lodash/-/lodash-4.18.1.tgz 0ms (cache hit)
7211 http cache link-preview-js@https://registry.npmjs.org/link-preview-js/-/link-preview-js-3.2.0.tgz 0ms (cache hit)
7212 http cache htmlparser2@https://registry.npmjs.org/htmlparser2/-/htmlparser2-8.0.2.tgz 0ms (cache hit)
7213 http cache cheerio@https://registry.npmjs.org/cheerio/-/cheerio-1.0.0-rc.11.tgz 1ms (cache hit)
7214 http cache @types/node@https://registry.npmjs.org/@types/node/-/node-10.17.60.tgz 0ms (cache hit)
7215 http cache protobufjs@https://registry.npmjs.org/protobufjs/-/protobufjs-6.8.8.tgz 1ms (cache hit)
7216 http cache libphonenumber-js@https://registry.npmjs.org/libphonenumber-js/-/libphonenumber-js-1.13.14.tgz 0ms (cache hit)
7217 http cache json@https://registry.npmjs.org/json/-/json-11.0.0.tgz 0ms (cache hit)
7218 http cache jimp@https://registry.npmjs.org/jimp/-/jimp-0.16.13.tgz 0ms (cache hit)
7219 http cache jest@https://registry.npmjs.org/jest/-/jest-27.5.1.tgz 1ms (cache hit)
7220 http cache eslint@https://registry.npmjs.org/eslint/-/eslint-8.57.1.tgz 0ms (cache hit)
7221 http cache conventional-changelog-cli@https://registry.npmjs.org/conventional-changelog-cli/-/conventional-changelog-cli-2.2.2.tgz 0ms (cache hit)
7222 http cache cheerio@https://registry.npmjs.org/cheerio/-/cheerio-1.2.0.tgz 0ms (cache hit)
7223 http cache cache-manager@https://registry.npmjs.org/cache-manager/-/cache-manager-5.7.6.tgz 0ms (cache hit)
7224 http cache axios@https://registry.npmjs.org/axios/-/axios-1.20.0.tgz 1ms (cache hit)
7225 http cache form-data@https://registry.npmjs.org/form-data/-/form-data-4.0.6.tgz 0ms (cache hit)
7226 http cache async-mutex@https://registry.npmjs.org/async-mutex/-/async-mutex-0.5.0.tgz 0ms (cache hit)
7227 http cache @types/ws@https://registry.npmjs.org/@types/ws/-/ws-8.18.1.tgz 0ms (cache hit)
7228 http cache @types/sharp@https://registry.npmjs.org/@types/sharp/-/sharp-0.29.5.tgz 0ms (cache hit)
7229 http cache @types/node@https://registry.npmjs.org/@types/node/-/node-16.18.126.tgz 0ms (cache hit)
7230 http cache @types/jest@https://registry.npmjs.org/@types/jest/-/jest-27.5.2.tgz 0ms (cache hit)
7231 http cache @types/got@https://registry.npmjs.org/@types/got/-/got-9.6.12.tgz 0ms (cache hit)
7232 http cache @hapi/boom@https://registry.npmjs.org/@hapi/boom/-/boom-9.1.4.tgz 0ms (cache hit)
7233 http cache @cacheable/node-cache@https://registry.npmjs.org/@cacheable/node-cache/-/node-cache-1.7.6.tgz 0ms (cache hit)
7234 http cache @adiwajshing/keyed-db@https://registry.npmjs.org/@adiwajshing/keyed-db/-/keyed-db-0.2.4.tgz 0ms (cache hit)
7235 http cache oxlint-tsgolint@https://registry.npmjs.org/oxlint-tsgolint/-/oxlint-tsgolint-7.0.2003.tgz 0ms (cache hit)
7236 http cache oxlint@https://registry.npmjs.org/oxlint/-/oxlint-1.86.0.tgz 0ms (cache hit)
7237 http cache balanced-match@https://registry.npmjs.org/balanced-match/-/balanced-match-4.0.4.tgz 0ms (cache hit)
7238 http cache brace-expansion@https://registry.npmjs.org/brace-expansion/-/brace-expansion-5.0.12.tgz 0ms (cache hit)
7239 http cache flat-cache@https://registry.npmjs.org/flat-cache/-/flat-cache-6.1.23.tgz 0ms (cache hit)
7240 http cache minimatch@https://registry.npmjs.org/minimatch/-/minimatch-10.2.6.tgz 0ms (cache hit)
7241 http cache file-entry-cache@https://registry.npmjs.org/file-entry-cache/-/file-entry-cache-11.1.5.tgz 0ms (cache hit)
7242 http cache eslint-scope@https://registry.npmjs.org/eslint-scope/-/eslint-scope-9.1.2.tgz 0ms (cache hit)
7243 http cache picomatch@https://registry.npmjs.org/picomatch/-/picomatch-4.0.7.tgz 0ms (cache hit)
7244 http cache espree@https://registry.npmjs.org/espree/-/espree-10.4.0.tgz 0ms (cache hit)
7245 http cache eslint-visitor-keys@https://registry.npmjs.org/eslint-visitor-keys/-/eslint-visitor-keys-4.2.1.tgz 0ms (cache hit)
7246 http cache eslint@https://registry.npmjs.org/eslint/-/eslint-10.11.0.tgz 0ms (cache hit)
7247 http cache espree@https://registry.npmjs.org/espree/-/espree-11.2.0.tgz 0ms (cache hit)
7248 http cache eslint-visitor-keys@https://registry.npmjs.org/eslint-visitor-keys/-/eslint-visitor-keys-5.0.1.tgz 0ms (cache hit)
7249 http cache @stylistic/eslint-plugin@https://registry.npmjs.org/@stylistic/eslint-plugin/-/eslint-plugin-5.10.0.tgz 0ms (cache hit)
7250 silly tarball no local data for untildify@https://registry.npmjs.org/untildify/-/untildify-4.0.0.tgz. Extracting by manifest.
7251 silly tarball no local data for big-integer@https://registry.npmjs.org/big-integer/-/big-integer-1.6.52.tgz. Extracting by manifest.
7252 silly tarball no local data for run-applescript@https://registry.npmjs.org/run-applescript/-/run-applescript-5.0.0.tgz. Extracting by manifest.
7253 silly tarball no local data for bplist-parser@https://registry.npmjs.org/bplist-parser/-/bplist-parser-0.2.0.tgz. Extracting by manifest.
7254 silly tarball no local data for titleize@https://registry.npmjs.org/titleize/-/titleize-3.0.0.tgz. Extracting by manifest.
7255 silly tarball no local data for default-browser-id@https://registry.npmjs.org/default-browser-id/-/default-browser-id-3.0.0.tgz. Extracting by manifest.
7256 silly tarball no local data for bundle-name@https://registry.npmjs.org/bundle-name/-/bundle-name-3.0.0.tgz. Extracting by manifest.
7257 silly tarball no local data for default-browser@https://registry.npmjs.org/default-browser/-/default-browser-4.0.0.tgz. Extracting by manifest.
7258 silly tarball no local data for is-docker@https://registry.npmjs.org/is-docker/-/is-docker-3.0.0.tgz. Extracting by manifest.
7259 silly tarball no local data for is-inside-container@https://registry.npmjs.org/is-inside-container/-/is-inside-container-1.0.0.tgz. Extracting by manifest.
7260 silly tarball no local data for mimic-fn@https://registry.npmjs.org/mimic-fn/-/mimic-fn-4.0.0.tgz. Extracting by manifest.
7261 silly tarball no local data for path-key@https://registry.npmjs.org/path-key/-/path-key-4.0.0.tgz. Extracting by manifest.
7262 silly tarball no local data for strip-final-newline@https://registry.npmjs.org/strip-final-newline/-/strip-final-newline-3.0.0.tgz. Extracting by manifest.
7263 silly tarball no local data for npm-run-path@https://registry.npmjs.org/npm-run-path/-/npm-run-path-5.3.0.tgz. Extracting by manifest.
7264 silly tarball no local data for onetime@https://registry.npmjs.org/onetime/-/onetime-6.0.0.tgz. Extracting by manifest.
7265 silly tarball no local data for is-stream@https://registry.npmjs.org/is-stream/-/is-stream-3.0.0.tgz. Extracting by manifest.
7266 silly tarball no local data for human-signals@https://registry.npmjs.org/human-signals/-/human-signals-4.3.1.tgz. Extracting by manifest.
7267 silly tarball no local data for @types/normalize-package-data@https://registry.npmjs.org/@types/normalize-package-data/-/normalize-package-data-2.4.4.tgz. Extracting by manifest.
7268 silly tarball no local data for execa@https://registry.npmjs.org/execa/-/execa-7.2.0.tgz. Extracting by manifest.
7269 silly tarball no local data for json-parse-better-errors@https://registry.npmjs.org/json-parse-better-errors/-/json-parse-better-errors-1.0.2.tgz. Extracting by manifest.
7270 silly tarball no local data for centra@https://registry.npmjs.org/centra/-/centra-2.7.0.tgz. Extracting by manifest.
7271 silly tarball no local data for process-nextick-args@https://registry.npmjs.org/process-nextick-args/-/process-nextick-args-2.0.1.tgz. Extracting by manifest.
7272 silly tarball no local data for core-util-is@https://registry.npmjs.org/core-util-is/-/core-util-is-1.0.3.tgz. Extracting by manifest.
7273 silly tarball no local data for json-buffer@https://registry.npmjs.org/json-buffer/-/json-buffer-3.0.1.tgz. Extracting by manifest.
7274 silly tarball no local data for eastasianwidth@https://registry.npmjs.org/eastasianwidth/-/eastasianwidth-0.2.0.tgz. Extracting by manifest.
7275 silly tarball no local data for sprintf-js@https://registry.npmjs.org/sprintf-js/-/sprintf-js-1.0.3.tgz. Extracting by manifest.
7276 silly tarball no local data for @types/esrecurse@https://registry.npmjs.org/@types/esrecurse/-/esrecurse-4.3.1.tgz. Extracting by manifest.
7277 silly tarball no local data for p-try@https://registry.npmjs.org/p-try/-/p-try-2.2.0.tgz. Extracting by manifest.
7278 silly tarball no local data for yallist@https://registry.npmjs.org/yallist/-/yallist-3.1.1.tgz. Extracting by manifest.
7279 silly tarball no local data for @humanfs/types@https://registry.npmjs.org/@humanfs/types/-/types-0.15.0.tgz. Extracting by manifest.
7280 silly tarball no local data for @humanfs/core@https://registry.npmjs.org/@humanfs/core/-/core-0.19.2.tgz. Extracting by manifest.
7281 silly tarball no local data for @types/json-schema@https://registry.npmjs.org/@types/json-schema/-/json-schema-7.0.15.tgz. Extracting by manifest.
7282 silly tarball no local data for @eslint/object-schema@https://registry.npmjs.org/@eslint/object-schema/-/object-schema-3.0.5.tgz. Extracting by manifest.
7283 silly tarball no local data for @types/estree@https://registry.npmjs.org/@types/estree/-/estree-1.0.9.tgz. Extracting by manifest.
7284 silly tarball no local data for @humanfs/node@https://registry.npmjs.org/@humanfs/node/-/node-0.16.8.tgz. Extracting by manifest.
7285 silly tarball no local data for @humanwhocodes/retry@https://registry.npmjs.org/@humanwhocodes/retry/-/retry-0.4.3.tgz. Extracting by manifest.
7286 silly tarball no local data for @eslint/plugin-kit@https://registry.npmjs.org/@eslint/plugin-kit/-/plugin-kit-0.7.3.tgz. Extracting by manifest.
7287 silly tarball no local data for @eslint/core@https://registry.npmjs.org/@eslint/core/-/core-1.2.1.tgz. Extracting by manifest.
7288 silly tarball no local data for @eslint/config-helpers@https://registry.npmjs.org/@eslint/config-helpers/-/config-helpers-0.7.0.tgz. Extracting by manifest.
7289 silly tarball no local data for @eslint/config-array@https://registry.npmjs.org/@eslint/config-array/-/config-array-0.23.5.tgz. Extracting by manifest.
7290 silly tarball no local data for balanced-match@https://registry.npmjs.org/balanced-match/-/balanced-match-4.0.4.tgz. Extracting by manifest.
7291 silly tarball no local data for brace-expansion@https://registry.npmjs.org/brace-expansion/-/brace-expansion-5.0.12.tgz. Extracting by manifest.
7292 silly tarball no local data for minimatch@https://registry.npmjs.org/minimatch/-/minimatch-10.2.6.tgz. Extracting by manifest.
7293 silly tarball no local data for @typescript-eslint/types@https://registry.npmjs.org/@typescript-eslint/types/-/types-8.70.1.tgz. Extracting by manifest.
7294 silly tarball no local data for cliui@https://registry.npmjs.org/cliui/-/cliui-7.0.4.tgz. Extracting by manifest.
7295 silly tarball no local data for xmlbuilder@https://registry.npmjs.org/xmlbuilder/-/xmlbuilder-11.0.1.tgz. Extracting by manifest.
7296 silly tarball no local data for sax@https://registry.npmjs.org/sax/-/sax-1.6.1.tgz. Extracting by manifest.
7297 silly tarball no local data for dom-walk@https://registry.npmjs.org/dom-walk/-/dom-walk-0.1.2.tgz. Extracting by manifest.
7298 silly tarball no local data for min-document@https://registry.npmjs.org/min-document/-/min-document-2.19.2.tgz. Extracting by manifest.
7299 silly tarball no local data for parse-headers@https://registry.npmjs.org/parse-headers/-/parse-headers-2.0.6.tgz. Extracting by manifest.
7300 silly tarball no local data for is-function@https://registry.npmjs.org/is-function/-/is-function-1.0.2.tgz. Extracting by manifest.
7301 silly tarball no local data for global@https://registry.npmjs.org/global/-/global-4.4.0.tgz. Extracting by manifest.
7302 silly tarball no local data for typedarray-to-buffer@https://registry.npmjs.org/typedarray-to-buffer/-/typedarray-to-buffer-3.1.5.tgz. Extracting by manifest.
7303 silly tarball no local data for is-typedarray@https://registry.npmjs.org/is-typedarray/-/is-typedarray-1.0.0.tgz. Extracting by manifest.
7304 silly tarball no local data for is-weakset@https://registry.npmjs.org/is-weakset/-/is-weakset-2.0.4.tgz. Extracting by manifest.
7305 silly tarball no local data for is-weakmap@https://registry.npmjs.org/is-weakmap/-/is-weakmap-2.0.2.tgz. Extracting by manifest.
7306 silly tarball no local data for generator-function@https://registry.npmjs.org/generator-function/-/generator-function-2.0.1.tgz. Extracting by manifest.
7307 silly tarball no local data for async-function@https://registry.npmjs.org/async-function/-/async-function-1.0.0.tgz. Extracting by manifest.
7308 silly tarball no local data for which-collection@https://registry.npmjs.org/which-collection/-/which-collection-1.0.2.tgz. Extracting by manifest.
7309 silly tarball no local data for is-generator-function@https://registry.npmjs.org/is-generator-function/-/is-generator-function-1.1.2.tgz. Extracting by manifest.
7310 silly tarball no local data for is-finalizationregistry@https://registry.npmjs.org/is-finalizationregistry/-/is-finalizationregistry-1.1.1.tgz. Extracting by manifest.
7311 silly tarball no local data for is-async-function@https://registry.npmjs.org/is-async-function/-/is-async-function-2.1.1.tgz. Extracting by manifest.
7312 silly tarball no local data for is-number-object@https://registry.npmjs.org/is-number-object/-/is-number-object-1.1.1.tgz. Extracting by manifest.
7313 silly tarball no local data for is-boolean-object@https://registry.npmjs.org/is-boolean-object/-/is-boolean-object-1.2.2.tgz. Extracting by manifest.
7314 silly tarball no local data for is-bigint@https://registry.npmjs.org/is-bigint/-/is-bigint-1.1.0.tgz. Extracting by manifest.
7315 silly tarball no local data for clone@https://registry.npmjs.org/clone/-/clone-1.0.4.tgz. Extracting by manifest.
7316 silly tarball no local data for defaults@https://registry.npmjs.org/defaults/-/defaults-1.0.4.tgz. Extracting by manifest.
7317 silly tarball no local data for tr46@https://registry.npmjs.org/tr46/-/tr46-2.1.0.tgz. Extracting by manifest.
7318 silly tarball no local data for tmpl@https://registry.npmjs.org/tmpl/-/tmpl-1.0.5.tgz. Extracting by manifest.
7319 silly tarball no local data for makeerror@https://registry.npmjs.org/makeerror/-/makeerror-1.0.12.tgz. Extracting by manifest.
7320 silly tarball no local data for browser-process-hrtime@https://registry.npmjs.org/browser-process-hrtime/-/browser-process-hrtime-1.0.0.tgz. Extracting by manifest.
7321 silly tarball no local data for spdx-exceptions@https://registry.npmjs.org/spdx-exceptions/-/spdx-exceptions-2.5.0.tgz. Extracting by manifest.
7322 silly tarball no local data for spdx-license-ids@https://registry.npmjs.org/spdx-license-ids/-/spdx-license-ids-3.0.24.tgz. Extracting by manifest.
7323 silly tarball no local data for spdx-expression-parse@https://registry.npmjs.org/spdx-expression-parse/-/spdx-expression-parse-3.0.1.tgz. Extracting by manifest.
7324 silly tarball no local data for spdx-correct@https://registry.npmjs.org/spdx-correct/-/spdx-correct-3.2.0.tgz. Extracting by manifest.
7325 silly tarball no local data for pako@https://registry.npmjs.org/pako/-/pako-1.0.11.tgz. Extracting by manifest.
7326 silly tarball no local data for requires-port@https://registry.npmjs.org/requires-port/-/requires-port-1.0.0.tgz. Extracting by manifest.
7327 silly tarball no local data for querystringify@https://registry.npmjs.org/querystringify/-/querystringify-2.2.0.tgz. Extracting by manifest.
7328 silly tarball no local data for querystring@https://registry.npmjs.org/querystring/-/querystring-0.2.0.tgz. Extracting by manifest.
7329 silly tarball no local data for crypto-random-string@https://registry.npmjs.org/crypto-random-string/-/crypto-random-string-4.0.0.tgz. Extracting by manifest.
7330 silly tarball no local data for type-fest@https://registry.npmjs.org/type-fest/-/type-fest-1.4.0.tgz. Extracting by manifest.
7331 silly tarball no local data for proto-list@https://registry.npmjs.org/proto-list/-/proto-list-1.2.4.tgz. Extracting by manifest.
7332 silly tarball no local data for config-chain@https://registry.npmjs.org/config-chain/-/config-chain-1.1.13.tgz. Extracting by manifest.
7333 silly tarball no local data for @pnpm/network.ca-file@https://registry.npmjs.org/@pnpm/network.ca-file/-/network.ca-file-1.0.2.tgz. Extracting by manifest.
7334 silly tarball no local data for @pnpm/config.env-replace@https://registry.npmjs.org/@pnpm/config.env-replace/-/config.env-replace-1.1.0.tgz. Extracting by manifest.
7335 silly tarball no local data for graceful-fs@https://registry.npmjs.org/graceful-fs/-/graceful-fs-4.2.10.tgz. Extracting by manifest.
7336 silly tarball no local data for @pnpm/npm-conf@https://registry.npmjs.org/@pnpm/npm-conf/-/npm-conf-3.0.3.tgz. Extracting by manifest.
7337 silly tarball no local data for escape-goat@https://registry.npmjs.org/escape-goat/-/escape-goat-4.0.0.tgz. Extracting by manifest.
7338 silly tarball no local data for registry-url@https://registry.npmjs.org/registry-url/-/registry-url-6.0.1.tgz. Extracting by manifest.
7339 silly tarball no local data for registry-auth-token@https://registry.npmjs.org/registry-auth-token/-/registry-auth-token-5.1.1.tgz. Extracting by manifest.
7340 silly tarball no local data for package-json@https://registry.npmjs.org/package-json/-/package-json-8.1.1.tgz. Extracting by manifest.
7341 silly tarball no local data for semver@https://registry.npmjs.org/semver/-/semver-7.8.5.tgz. Extracting by manifest.
7342 silly tarball no local data for global-dirs@https://registry.npmjs.org/global-dirs/-/global-dirs-3.0.1.tgz. Extracting by manifest.
7343 silly tarball no local data for ini@https://registry.npmjs.org/ini/-/ini-2.0.0.tgz. Extracting by manifest.
7344 silly tarball no local data for unique-string@https://registry.npmjs.org/unique-string/-/unique-string-3.0.0.tgz. Extracting by manifest.
7345 silly tarball no local data for widest-line@https://registry.npmjs.org/widest-line/-/widest-line-4.0.1.tgz. Extracting by manifest.
7346 silly tarball no local data for ansi-regex@https://registry.npmjs.org/ansi-regex/-/ansi-regex-6.4.0.tgz. Extracting by manifest.
7347 silly tarball no local data for strip-ansi@https://registry.npmjs.org/strip-ansi/-/strip-ansi-7.2.0.tgz. Extracting by manifest.
7348 silly tarball no local data for emoji-regex@https://registry.npmjs.org/emoji-regex/-/emoji-regex-9.2.2.tgz. Extracting by manifest.
7349 silly tarball no local data for string-width@https://registry.npmjs.org/string-width/-/string-width-5.1.2.tgz. Extracting by manifest.
7350 silly tarball no local data for cli-boxes@https://registry.npmjs.org/cli-boxes/-/cli-boxes-3.0.0.tgz. Extracting by manifest.
7351 silly tarball no local data for ansi-align@https://registry.npmjs.org/ansi-align/-/ansi-align-3.0.1.tgz. Extracting by manifest.
7352 silly tarball no local data for xdg-basedir@https://registry.npmjs.org/xdg-basedir/-/xdg-basedir-5.1.0.tgz. Extracting by manifest.
7353 silly tarball no local data for semver-diff@https://registry.npmjs.org/semver-diff/-/semver-diff-4.0.0.tgz. Extracting by manifest.
7354 silly tarball no local data for semver@https://registry.npmjs.org/semver/-/semver-7.8.5.tgz. Extracting by manifest.
7355 silly tarball no local data for pupa@https://registry.npmjs.org/pupa/-/pupa-3.3.0.tgz. Extracting by manifest.
7356 silly tarball no local data for latest-version@https://registry.npmjs.org/latest-version/-/latest-version-7.0.0.tgz. Extracting by manifest.
7357 silly tarball no local data for is-yarn-global@https://registry.npmjs.org/is-yarn-global/-/is-yarn-global-0.4.1.tgz. Extracting by manifest.
7358 silly tarball no local data for is-npm@https://registry.npmjs.org/is-npm/-/is-npm-6.1.0.tgz. Extracting by manifest.
7359 silly tarball no local data for is-installed-globally@https://registry.npmjs.org/is-installed-globally/-/is-installed-globally-0.4.0.tgz. Extracting by manifest.
7360 silly tarball no local data for import-lazy@https://registry.npmjs.org/import-lazy/-/import-lazy-4.0.0.tgz. Extracting by manifest.
7361 silly tarball no local data for has-yarn@https://registry.npmjs.org/has-yarn/-/has-yarn-3.0.0.tgz. Extracting by manifest.
7362 silly tarball no local data for configstore@https://registry.npmjs.org/configstore/-/configstore-6.0.0.tgz. Extracting by manifest.
7363 silly tarball no local data for dot-prop@https://registry.npmjs.org/dot-prop/-/dot-prop-6.0.1.tgz. Extracting by manifest.
7364 silly tarball no local data for boxen@https://registry.npmjs.org/boxen/-/boxen-7.1.1.tgz. Extracting by manifest.
7365 silly tarball no local data for ansi-styles@https://registry.npmjs.org/ansi-styles/-/ansi-styles-6.2.3.tgz. Extracting by manifest.
7366 silly tarball no local data for ansi-regex@https://registry.npmjs.org/ansi-regex/-/ansi-regex-6.4.0.tgz. Extracting by manifest.
7367 silly tarball no local data for strip-ansi@https://registry.npmjs.org/strip-ansi/-/strip-ansi-7.2.0.tgz. Extracting by manifest.
7368 silly tarball no local data for emoji-regex@https://registry.npmjs.org/emoji-regex/-/emoji-regex-9.2.2.tgz. Extracting by manifest.
7369 silly tarball no local data for type-fest@https://registry.npmjs.org/type-fest/-/type-fest-2.19.0.tgz. Extracting by manifest.
7370 silly tarball no local data for wrap-ansi@https://registry.npmjs.org/wrap-ansi/-/wrap-ansi-8.1.0.tgz. Extracting by manifest.
7371 silly tarball no local data for string-width@https://registry.npmjs.org/string-width/-/string-width-5.1.2.tgz. Extracting by manifest.
7372 silly tarball no local data for chalk@https://registry.npmjs.org/chalk/-/chalk-5.6.2.tgz. Extracting by manifest.
7373 silly tarball no local data for camelcase@https://registry.npmjs.org/camelcase/-/camelcase-7.0.1.tgz. Extracting by manifest.
7374 silly tarball no local data for which-boxed-primitive@https://registry.npmjs.org/which-boxed-primitive/-/which-boxed-primitive-1.1.1.tgz. Extracting by manifest.
7375 silly tarball no local data for has-bigints@https://registry.npmjs.org/has-bigints/-/has-bigints-1.1.0.tgz. Extracting by manifest.
7376 silly tarball no local data for uc.micro@https://registry.npmjs.org/uc.micro/-/uc.micro-2.1.0.tgz. Extracting by manifest.
7377 silly tarball no local data for punycode.js@https://registry.npmjs.org/punycode.js/-/punycode.js-2.3.1.tgz. Extracting by manifest.
7378 silly tarball no local data for mdurl@https://registry.npmjs.org/mdurl/-/mdurl-2.1.0.tgz. Extracting by manifest.
7379 silly tarball no local data for linkify-it@https://registry.npmjs.org/linkify-it/-/linkify-it-5.0.2.tgz. Extracting by manifest.
7380 silly tarball no local data for @types/unist@https://registry.npmjs.org/@types/unist/-/unist-3.0.3.tgz. Extracting by manifest.
7381 silly tarball no local data for @types/hast@https://registry.npmjs.org/@types/hast/-/hast-3.0.5.tgz. Extracting by manifest.
7382 silly tarball no local data for @shikijs/vscode-textmate@https://registry.npmjs.org/@shikijs/vscode-textmate/-/vscode-textmate-10.0.2.tgz. Extracting by manifest.
7383 silly tarball no local data for @shikijs/types@https://registry.npmjs.org/@shikijs/types/-/types-1.29.2.tgz. Extracting by manifest.
7384 silly tarball no local data for @shikijs/engine-oniguruma@https://registry.npmjs.org/@shikijs/engine-oniguruma/-/engine-oniguruma-1.29.2.tgz. Extracting by manifest.
7385 silly tarball no local data for yaml@https://registry.npmjs.org/yaml/-/yaml-2.9.1.tgz. Extracting by manifest.
7386 silly tarball no local data for markdown-it@https://registry.npmjs.org/markdown-it/-/markdown-it-14.3.2.tgz. Extracting by manifest.
7387 silly tarball no local data for lunr@https://registry.npmjs.org/lunr/-/lunr-2.3.9.tgz. Extracting by manifest.
7388 silly tarball no local data for @gerrit0/mini-shiki@https://registry.npmjs.org/@gerrit0/mini-shiki/-/mini-shiki-1.27.2.tgz. Extracting by manifest.
7389 silly tarball no local data for which-builtin-type@https://registry.npmjs.org/which-builtin-type/-/which-builtin-type-1.2.1.tgz. Extracting by manifest.
7390 silly tarball no local data for reflect.getprototypeof@https://registry.npmjs.org/reflect.getprototypeof/-/reflect.getprototypeof-1.0.10.tgz. Extracting by manifest.
7391 silly tarball no local data for yn@https://registry.npmjs.org/yn/-/yn-3.1.1.tgz. Extracting by manifest.
7392 silly tarball no local data for for-each@https://registry.npmjs.org/for-each/-/for-each-0.3.5.tgz. Extracting by manifest.
7393 silly tarball no local data for v8-compile-cache-lib@https://registry.npmjs.org/v8-compile-cache-lib/-/v8-compile-cache-lib-3.0.1.tgz. Extracting by manifest.
7394 silly tarball no local data for diff@https://registry.npmjs.org/diff/-/diff-4.0.4.tgz. Extracting by manifest.
7395 silly tarball no local data for create-require@https://registry.npmjs.org/create-require/-/create-require-1.1.1.tgz. Extracting by manifest.
7396 silly tarball no local data for arg@https://registry.npmjs.org/arg/-/arg-4.1.3.tgz. Extracting by manifest.
7397 silly tarball no local data for @tsconfig/node14@https://registry.npmjs.org/@tsconfig/node14/-/node14-1.0.3.tgz. Extracting by manifest.
7398 silly tarball no local data for @tsconfig/node16@https://registry.npmjs.org/@tsconfig/node16/-/node16-1.0.4.tgz. Extracting by manifest.
7399 silly tarball no local data for @tsconfig/node12@https://registry.npmjs.org/@tsconfig/node12/-/node12-1.0.11.tgz. Extracting by manifest.
7400 silly tarball no local data for @tsconfig/node10@https://registry.npmjs.org/@tsconfig/node10/-/node10-1.0.13.tgz. Extracting by manifest.
7401 silly tarball no local data for @cspotcode/source-map-support@https://registry.npmjs.org/@cspotcode/source-map-support/-/source-map-support-0.8.1.tgz. Extracting by manifest.
7402 silly tarball no local data for @jridgewell/trace-mapping@https://registry.npmjs.org/@jridgewell/trace-mapping/-/trace-mapping-0.3.9.tgz. Extracting by manifest.
7403 silly tarball no local data for make-error@https://registry.npmjs.org/make-error/-/make-error-1.3.6.tgz. Extracting by manifest.
7404 silly tarball no local data for lodash.memoize@https://registry.npmjs.org/lodash.memoize/-/lodash.memoize-4.1.2.tgz. Extracting by manifest.
7405 silly tarball no local data for bs-logger@https://registry.npmjs.org/bs-logger/-/bs-logger-0.2.6.tgz. Extracting by manifest.
7406 silly tarball no local data for url-parse@https://registry.npmjs.org/url-parse/-/url-parse-1.5.10.tgz. Extracting by manifest.
7407 silly tarball no local data for universalify@https://registry.npmjs.org/universalify/-/universalify-0.2.0.tgz. Extracting by manifest.
7408 silly tarball no local data for is-number@https://registry.npmjs.org/is-number/-/is-number-7.0.0.tgz. Extracting by manifest.
7409 silly tarball no local data for psl@https://registry.npmjs.org/psl/-/psl-1.15.0.tgz. Extracting by manifest.
7410 silly tarball no local data for os-tmpdir@https://registry.npmjs.org/os-tmpdir/-/os-tmpdir-1.0.2.tgz. Extracting by manifest.
7411 silly tarball no local data for supports-hyperlinks@https://registry.npmjs.org/supports-hyperlinks/-/supports-hyperlinks-2.3.0.tgz. Extracting by manifest.
7412 silly tarball no local data for temp-dir@https://registry.npmjs.org/temp-dir/-/temp-dir-2.0.0.tgz. Extracting by manifest.
7413 silly tarball no local data for has-flag@https://registry.npmjs.org/has-flag/-/has-flag-4.0.0.tgz. Extracting by manifest.
7414 silly tarball no local data for min-indent@https://registry.npmjs.org/min-indent/-/min-indent-1.0.1.tgz. Extracting by manifest.
7415 silly tarball no local data for char-regex@https://registry.npmjs.org/char-regex/-/char-regex-1.0.2.tgz. Extracting by manifest.
7416 silly tarball no local data for bl@https://registry.npmjs.org/bl/-/bl-5.1.0.tgz. Extracting by manifest.
7417 silly tarball no local data for buffer-from@https://registry.npmjs.org/buffer-from/-/buffer-from-1.1.2.tgz. Extracting by manifest.
7418 silly tarball no local data for smart-buffer@https://registry.npmjs.org/smart-buffer/-/smart-buffer-4.2.0.tgz. Extracting by manifest.
7419 silly tarball no local data for ip-address@https://registry.npmjs.org/ip-address/-/ip-address-10.7.2.tgz. Extracting by manifest.
7420 silly tarball no local data for socks@https://registry.npmjs.org/socks/-/socks-2.8.10.tgz. Extracting by manifest.
7421 silly tarball no local data for rechoir@https://registry.npmjs.org/rechoir/-/rechoir-0.6.2.tgz. Extracting by manifest.
7422 silly tarball no local data for interpret@https://registry.npmjs.org/interpret/-/interpret-1.4.0.tgz. Extracting by manifest.
7423 silly tarball no local data for shebang-regex@https://registry.npmjs.org/shebang-regex/-/shebang-regex-3.0.0.tgz. Extracting by manifest.
7424 silly tarball no local data for detect-libc@https://registry.npmjs.org/detect-libc/-/detect-libc-2.1.2.tgz. Extracting by manifest.
7425 silly tarball no local data for xmlchars@https://registry.npmjs.org/xmlchars/-/xmlchars-2.2.0.tgz. Extracting by manifest.
7426 silly tarball no local data for @img/colour@https://registry.npmjs.org/@img/colour/-/colour-1.1.0.tgz. Extracting by manifest.
7427 silly tarball no local data for queue-microtask@https://registry.npmjs.org/queue-microtask/-/queue-microtask-1.2.3.tgz. Extracting by manifest.
7428 silly tarball no local data for supports-preserve-symlinks-flag@https://registry.npmjs.org/supports-preserve-symlinks-flag/-/supports-preserve-symlinks-flag-1.0.0.tgz. Extracting by manifest.
7429 silly tarball no local data for path-parse@https://registry.npmjs.org/path-parse/-/path-parse-1.0.7.tgz. Extracting by manifest.
7430 silly tarball no local data for set-function-name@https://registry.npmjs.org/set-function-name/-/set-function-name-2.0.2.tgz. Extracting by manifest.
7431 silly tarball no local data for vm2@https://registry.npmjs.org/vm2/-/vm2-3.12.2.tgz. Extracting by manifest.
7432 silly tarball no local data for ast-types@https://registry.npmjs.org/ast-types/-/ast-types-0.13.4.tgz. Extracting by manifest.
7433 silly tarball no local data for acorn-walk@https://registry.npmjs.org/acorn-walk/-/acorn-walk-8.3.5.tgz. Extracting by manifest.
7434 silly tarball no local data for netmask@https://registry.npmjs.org/netmask/-/netmask-2.1.1.tgz. Extracting by manifest.
7435 silly tarball no local data for ip@https://registry.npmjs.org/ip/-/ip-1.1.9.tgz. Extracting by manifest.
7436 silly tarball no local data for degenerator@https://registry.npmjs.org/degenerator/-/degenerator-4.0.4.tgz. Extracting by manifest.
7437 silly tarball no local data for levn@https://registry.npmjs.org/levn/-/levn-0.3.0.tgz. Extracting by manifest.
7438 silly tarball no local data for prelude-ls@https://registry.npmjs.org/prelude-ls/-/prelude-ls-1.1.2.tgz. Extracting by manifest.
7439 silly tarball no local data for type-check@https://registry.npmjs.org/type-check/-/type-check-0.3.2.tgz. Extracting by manifest.
7440 silly tarball no local data for estraverse@https://registry.npmjs.org/estraverse/-/estraverse-4.3.0.tgz. Extracting by manifest.
7441 silly tarball no local data for optionator@https://registry.npmjs.org/optionator/-/optionator-0.8.3.tgz. Extracting by manifest.
7442 silly tarball no local data for escodegen@https://registry.npmjs.org/escodegen/-/escodegen-1.14.3.tgz. Extracting by manifest.
7443 silly tarball no local data for pac-resolver@https://registry.npmjs.org/pac-resolver/-/pac-resolver-6.0.2.tgz. Extracting by manifest.
7444 silly tarball no local data for get-uri@https://registry.npmjs.org/get-uri/-/get-uri-6.0.5.tgz. Extracting by manifest.
7445 silly tarball no local data for data-uri-to-buffer@https://registry.npmjs.org/data-uri-to-buffer/-/data-uri-to-buffer-6.0.2.tgz. Extracting by manifest.
7446 silly tarball no local data for socks-proxy-agent@https://registry.npmjs.org/socks-proxy-agent/-/socks-proxy-agent-8.0.5.tgz. Extracting by manifest.
7447 silly tarball no local data for basic-ftp@https://registry.npmjs.org/basic-ftp/-/basic-ftp-5.3.1.tgz. Extracting by manifest.
7448 silly tarball no local data for agent-base@https://registry.npmjs.org/agent-base/-/agent-base-7.1.4.tgz. Extracting by manifest.
7449 silly tarball no local data for agent-base@https://registry.npmjs.org/agent-base/-/agent-base-7.1.4.tgz. Extracting by manifest.
7450 silly tarball no local data for isarray@https://registry.npmjs.org/isarray/-/isarray-2.0.5.tgz. Extracting by manifest.
7451 silly tarball no local data for http-proxy-agent@https://registry.npmjs.org/http-proxy-agent/-/http-proxy-agent-7.0.2.tgz. Extracting by manifest.
7452 silly tarball no local data for pac-proxy-agent@https://registry.npmjs.org/pac-proxy-agent/-/pac-proxy-agent-6.0.4.tgz. Extracting by manifest.
7453 silly tarball no local data for https-proxy-agent@https://registry.npmjs.org/https-proxy-agent/-/https-proxy-agent-7.0.6.tgz. Extracting by manifest.
7454 silly tarball no local data for is-map@https://registry.npmjs.org/is-map/-/is-map-2.0.3.tgz. Extracting by manifest.
7455 silly tarball no local data for is-arguments@https://registry.npmjs.org/is-arguments/-/is-arguments-1.2.0.tgz. Extracting by manifest.
7456 silly tarball no local data for es-get-iterator@https://registry.npmjs.org/es-get-iterator/-/es-get-iterator-1.1.3.tgz. Extracting by manifest.
7457 silly tarball no local data for iterate-iterator@https://registry.npmjs.org/iterate-iterator/-/iterate-iterator-1.0.2.tgz. Extracting by manifest.
7458 silly tarball no local data for is-document.all@https://registry.npmjs.org/is-document.all/-/is-document.all-1.0.0.tgz. Extracting by manifest.
7459 silly tarball no local data for functions-have-names@https://registry.npmjs.org/functions-have-names/-/functions-have-names-1.2.3.tgz. Extracting by manifest.
7460 silly tarball no local data for is-symbol@https://registry.npmjs.org/is-symbol/-/is-symbol-1.1.1.tgz. Extracting by manifest.
7461 silly tarball no local data for is-date-object@https://registry.npmjs.org/is-date-object/-/is-date-object-1.1.0.tgz. Extracting by manifest.
7462 silly tarball no local data for es-abstract-get@https://registry.npmjs.org/es-abstract-get/-/es-abstract-get-1.0.0.tgz. Extracting by manifest.
7463 silly tarball no local data for which-typed-array@https://registry.npmjs.org/which-typed-array/-/which-typed-array-1.1.24.tgz. Extracting by manifest.
7464 silly tarball no local data for possible-typed-array-names@https://registry.npmjs.org/possible-typed-array-names/-/possible-typed-array-names-1.1.0.tgz. Extracting by manifest.
7465 silly tarball no local data for unbox-primitive@https://registry.npmjs.org/unbox-primitive/-/unbox-primitive-1.1.0.tgz. Extracting by manifest.
7466 silly tarball no local data for typed-array-length@https://registry.npmjs.org/typed-array-length/-/typed-array-length-1.0.8.tgz. Extracting by manifest.
7467 silly tarball no local data for typed-array-byte-offset@https://registry.npmjs.org/typed-array-byte-offset/-/typed-array-byte-offset-1.0.5.tgz. Extracting by manifest.
7468 silly tarball no local data for typed-array-byte-length@https://registry.npmjs.org/typed-array-byte-length/-/typed-array-byte-length-1.0.3.tgz. Extracting by manifest.
7469 silly tarball no local data for typed-array-buffer@https://registry.npmjs.org/typed-array-buffer/-/typed-array-buffer-1.0.3.tgz. Extracting by manifest.
7470 silly tarball no local data for string.prototype.trimstart@https://registry.npmjs.org/string.prototype.trimstart/-/string.prototype.trimstart-1.0.8.tgz. Extracting by manifest.
7471 silly tarball no local data for string.prototype.trimend@https://registry.npmjs.org/string.prototype.trimend/-/string.prototype.trimend-1.0.10.tgz. Extracting by manifest.
7472 silly tarball no local data for string.prototype.trim@https://registry.npmjs.org/string.prototype.trim/-/string.prototype.trim-1.2.11.tgz. Extracting by manifest.
7473 silly tarball no local data for stop-iteration-iterator@https://registry.npmjs.org/stop-iteration-iterator/-/stop-iteration-iterator-1.1.0.tgz. Extracting by manifest.
7474 silly tarball no local data for set-proto@https://registry.npmjs.org/set-proto/-/set-proto-1.0.0.tgz. Extracting by manifest.
7475 silly tarball no local data for safe-regex-test@https://registry.npmjs.org/safe-regex-test/-/safe-regex-test-1.1.0.tgz. Extracting by manifest.
7476 silly tarball no local data for safe-push-apply@https://registry.npmjs.org/safe-push-apply/-/safe-push-apply-1.0.0.tgz. Extracting by manifest.
7477 silly tarball no local data for safe-array-concat@https://registry.npmjs.org/safe-array-concat/-/safe-array-concat-1.1.4.tgz. Extracting by manifest.
7478 silly tarball no local data for regexp.prototype.flags@https://registry.npmjs.org/regexp.prototype.flags/-/regexp.prototype.flags-1.5.4.tgz. Extracting by manifest.
7479 silly tarball no local data for own-keys@https://registry.npmjs.org/own-keys/-/own-keys-1.0.2.tgz. Extracting by manifest.
7480 silly tarball no local data for object.assign@https://registry.npmjs.org/object.assign/-/object.assign-4.1.7.tgz. Extracting by manifest.
7481 silly tarball no local data for is-weakref@https://registry.npmjs.org/is-weakref/-/is-weakref-1.1.1.tgz. Extracting by manifest.
7482 silly tarball no local data for is-typed-array@https://registry.npmjs.org/is-typed-array/-/is-typed-array-1.1.15.tgz. Extracting by manifest.
7483 silly tarball no local data for is-shared-array-buffer@https://registry.npmjs.org/is-shared-array-buffer/-/is-shared-array-buffer-1.0.4.tgz. Extracting by manifest.
7484 silly tarball no local data for is-set@https://registry.npmjs.org/is-set/-/is-set-2.0.3.tgz. Extracting by manifest.
7485 silly tarball no local data for is-regex@https://registry.npmjs.org/is-regex/-/is-regex-1.2.1.tgz. Extracting by manifest.
7486 silly tarball no local data for is-negative-zero@https://registry.npmjs.org/is-negative-zero/-/is-negative-zero-2.0.3.tgz. Extracting by manifest.
7487 silly tarball no local data for is-data-view@https://registry.npmjs.org/is-data-view/-/is-data-view-1.0.2.tgz. Extracting by manifest.
7488 silly tarball no local data for is-callable@https://registry.npmjs.org/is-callable/-/is-callable-1.2.7.tgz. Extracting by manifest.
7489 silly tarball no local data for internal-slot@https://registry.npmjs.org/internal-slot/-/internal-slot-1.1.0.tgz. Extracting by manifest.
7490 silly tarball no local data for is-array-buffer@https://registry.npmjs.org/is-array-buffer/-/is-array-buffer-3.0.5.tgz. Extracting by manifest.
7491 silly tarball no local data for has-proto@https://registry.npmjs.org/has-proto/-/has-proto-1.2.0.tgz. Extracting by manifest.
7492 silly tarball no local data for globalthis@https://registry.npmjs.org/globalthis/-/globalthis-1.0.4.tgz. Extracting by manifest.
7493 silly tarball no local data for get-symbol-description@https://registry.npmjs.org/get-symbol-description/-/get-symbol-description-1.1.0.tgz. Extracting by manifest.
7494 silly tarball no local data for function.prototype.name@https://registry.npmjs.org/function.prototype.name/-/function.prototype.name-1.2.0.tgz. Extracting by manifest.
7495 silly tarball no local data for es-to-primitive@https://registry.npmjs.org/es-to-primitive/-/es-to-primitive-1.3.4.tgz. Extracting by manifest.
7496 silly tarball no local data for data-view-byte-offset@https://registry.npmjs.org/data-view-byte-offset/-/data-view-byte-offset-1.0.1.tgz. Extracting by manifest.
7497 silly tarball no local data for data-view-buffer@https://registry.npmjs.org/data-view-buffer/-/data-view-buffer-1.0.2.tgz. Extracting by manifest.
7498 silly tarball no local data for available-typed-arrays@https://registry.npmjs.org/available-typed-arrays/-/available-typed-arrays-1.0.7.tgz. Extracting by manifest.
7499 silly tarball no local data for arraybuffer.prototype.slice@https://registry.npmjs.org/arraybuffer.prototype.slice/-/arraybuffer.prototype.slice-1.0.4.tgz. Extracting by manifest.
7500 silly tarball no local data for array-buffer-byte-length@https://registry.npmjs.org/array-buffer-byte-length/-/array-buffer-byte-length-1.0.2.tgz. Extracting by manifest.
7501 silly tarball no local data for object-keys@https://registry.npmjs.org/object-keys/-/object-keys-1.1.1.tgz. Extracting by manifest.
7502 silly tarball no local data for has-property-descriptors@https://registry.npmjs.org/has-property-descriptors/-/has-property-descriptors-1.0.2.tgz. Extracting by manifest.
7503 silly tarball no local data for define-data-property@https://registry.npmjs.org/define-data-property/-/define-data-property-1.1.4.tgz. Extracting by manifest.
7504 silly tarball no local data for set-function-length@https://registry.npmjs.org/set-function-length/-/set-function-length-1.2.2.tgz. Extracting by manifest.
7505 silly tarball no local data for is-string@https://registry.npmjs.org/is-string/-/is-string-1.1.1.tgz. Extracting by manifest.
7506 silly tarball no local data for es-array-method-boxes-properly@https://registry.npmjs.org/es-array-method-boxes-properly/-/es-array-method-boxes-properly-1.0.0.tgz. Extracting by manifest.
7507 silly tarball no local data for iterate-value@https://registry.npmjs.org/iterate-value/-/iterate-value-1.0.2.tgz. Extracting by manifest.
7508 silly tarball no local data for es-abstract@https://registry.npmjs.org/es-abstract/-/es-abstract-1.24.2.tgz. Extracting by manifest.
7509 silly tarball no local data for define-properties@https://registry.npmjs.org/define-properties/-/define-properties-1.2.1.tgz. Extracting by manifest.
7510 silly tarball no local data for call-bind@https://registry.npmjs.org/call-bind/-/call-bind-1.0.9.tgz. Extracting by manifest.
7511 silly tarball no local data for array.prototype.map@https://registry.npmjs.org/array.prototype.map/-/array.prototype.map-1.0.8.tgz. Extracting by manifest.
7512 silly tarball no local data for parse-path@https://registry.npmjs.org/parse-path/-/parse-path-7.1.0.tgz. Extracting by manifest.
7513 silly tarball no local data for windows-release@https://registry.npmjs.org/windows-release/-/windows-release-5.1.1.tgz. Extracting by manifest.
7514 silly tarball no local data for macos-release@https://registry.npmjs.org/macos-release/-/macos-release-3.5.1.tgz. Extracting by manifest.
7515 silly tarball no local data for wcwidth@https://registry.npmjs.org/wcwidth/-/wcwidth-1.0.1.tgz. Extracting by manifest.
7516 silly tarball no local data for stdin-discarder@https://registry.npmjs.org/stdin-discarder/-/stdin-discarder-0.1.0.tgz. Extracting by manifest.
7517 silly tarball no local data for data-view-byte-length@https://registry.npmjs.org/data-view-byte-length/-/data-view-byte-length-1.0.2.tgz. Extracting by manifest.
7518 silly tarball no local data for log-symbols@https://registry.npmjs.org/log-symbols/-/log-symbols-5.1.0.tgz. Extracting by manifest.
7519 silly tarball no local data for chalk@https://registry.npmjs.org/chalk/-/chalk-5.6.2.tgz. Extracting by manifest.
7520 silly tarball no local data for is-interactive@https://registry.npmjs.org/is-interactive/-/is-interactive-2.0.0.tgz. Extracting by manifest.
7521 silly tarball no local data for cli-spinners@https://registry.npmjs.org/cli-spinners/-/cli-spinners-2.9.2.tgz. Extracting by manifest.
7522 silly tarball no local data for lodash.uniqby@https://registry.npmjs.org/lodash.uniqby/-/lodash.uniqby-4.7.0.tgz. Extracting by manifest.
7523 silly tarball no local data for lodash.isstring@https://registry.npmjs.org/lodash.isstring/-/lodash.isstring-4.0.1.tgz. Extracting by manifest.
7524 silly tarball no local data for lodash.isplainobject@https://registry.npmjs.org/lodash.isplainobject/-/lodash.isplainobject-4.0.6.tgz. Extracting by manifest.
7525 silly tarball no local data for lodash.escaperegexp@https://registry.npmjs.org/lodash.escaperegexp/-/lodash.escaperegexp-4.1.2.tgz. Extracting by manifest.
7526 silly tarball no local data for lodash.capitalize@https://registry.npmjs.org/lodash.capitalize/-/lodash.capitalize-4.2.1.tgz. Extracting by manifest.
7527 silly tarball no local data for is-unicode-supported@https://registry.npmjs.org/is-unicode-supported/-/is-unicode-supported-1.3.0.tgz. Extracting by manifest.
7528 silly tarball no local data for protocols@https://registry.npmjs.org/protocols/-/protocols-2.0.2.tgz. Extracting by manifest.
7529 silly tarball no local data for tmp@https://registry.npmjs.org/tmp/-/tmp-0.0.33.tgz. Extracting by manifest.
7530 silly tarball no local data for chardet@https://registry.npmjs.org/chardet/-/chardet-0.7.0.tgz. Extracting by manifest.
7531 silly tarball no local data for wrap-ansi@https://registry.npmjs.org/wrap-ansi/-/wrap-ansi-6.2.0.tgz. Extracting by manifest.
7532 silly tarball no local data for rxjs@https://registry.npmjs.org/rxjs/-/rxjs-7.8.2.tgz. Extracting by manifest.
7533 silly tarball no local data for run-async@https://registry.npmjs.org/run-async/-/run-async-3.0.0.tgz. Extracting by manifest.
7534 silly tarball no local data for mute-stream@https://registry.npmjs.org/mute-stream/-/mute-stream-1.0.0.tgz. Extracting by manifest.
7535 silly tarball no local data for figures@https://registry.npmjs.org/figures/-/figures-5.0.0.tgz. Extracting by manifest.
7536 silly tarball no local data for escape-string-regexp@https://registry.npmjs.org/escape-string-regexp/-/escape-string-regexp-5.0.0.tgz. Extracting by manifest.
7537 silly tarball no local data for external-editor@https://registry.npmjs.org/external-editor/-/external-editor-3.1.0.tgz. Extracting by manifest.
7538 silly tarball no local data for cli-width@https://registry.npmjs.org/cli-width/-/cli-width-4.1.0.tgz. Extracting by manifest.
7539 silly tarball no local data for cli-cursor@https://registry.npmjs.org/cli-cursor/-/cli-cursor-3.1.0.tgz. Extracting by manifest.
7540 silly tarball no local data for resolve-alpn@https://registry.npmjs.org/resolve-alpn/-/resolve-alpn-1.2.1.tgz. Extracting by manifest.
7541 silly tarball no local data for normalize-url@https://registry.npmjs.org/normalize-url/-/normalize-url-8.1.1.tgz. Extracting by manifest.
7542 silly tarball no local data for mimic-response@https://registry.npmjs.org/mimic-response/-/mimic-response-4.0.0.tgz. Extracting by manifest.
7543 silly tarball no local data for http-cache-semantics@https://registry.npmjs.org/http-cache-semantics/-/http-cache-semantics-4.2.0.tgz. Extracting by manifest.
7544 silly tarball no local data for @types/http-cache-semantics@https://registry.npmjs.org/@types/http-cache-semantics/-/http-cache-semantics-4.2.0.tgz. Extracting by manifest.
7545 silly tarball no local data for defer-to-connect@https://registry.npmjs.org/defer-to-connect/-/defer-to-connect-2.0.1.tgz. Extracting by manifest.
7546 silly tarball no local data for responselike@https://registry.npmjs.org/responselike/-/responselike-3.0.0.tgz. Extracting by manifest.
7547 silly tarball no local data for p-cancelable@https://registry.npmjs.org/p-cancelable/-/p-cancelable-3.0.0.tgz. Extracting by manifest.
7548 silly tarball no local data for quick-lru@https://registry.npmjs.org/quick-lru/-/quick-lru-5.1.1.tgz. Extracting by manifest.
7549 silly tarball no local data for http2-wrapper@https://registry.npmjs.org/http2-wrapper/-/http2-wrapper-2.2.1.tgz. Extracting by manifest.
7550 silly tarball no local data for form-data-encoder@https://registry.npmjs.org/form-data-encoder/-/form-data-encoder-2.1.4.tgz. Extracting by manifest.
7551 silly tarball no local data for cacheable-request@https://registry.npmjs.org/cacheable-request/-/cacheable-request-10.2.14.tgz. Extracting by manifest.
7552 silly tarball no local data for lowercase-keys@https://registry.npmjs.org/lowercase-keys/-/lowercase-keys-3.0.0.tgz. Extracting by manifest.
7553 silly tarball no local data for keyv@https://registry.npmjs.org/keyv/-/keyv-4.5.4.tgz. Extracting by manifest.
7554 silly tarball no local data for cacheable-lookup@https://registry.npmjs.org/cacheable-lookup/-/cacheable-lookup-7.0.0.tgz. Extracting by manifest.
7555 silly tarball no local data for @sindresorhus/is@https://registry.npmjs.org/@sindresorhus/is/-/is-5.6.0.tgz. Extracting by manifest.
7556 silly tarball no local data for @szmarczak/http-timer@https://registry.npmjs.org/@szmarczak/http-timer/-/http-timer-5.0.1.tgz. Extracting by manifest.
7557 silly tarball no local data for merge2@https://registry.npmjs.org/merge2/-/merge2-1.4.1.tgz. Extracting by manifest.
7558 silly tarball no local data for fast-glob@https://registry.npmjs.org/fast-glob/-/fast-glob-3.3.3.tgz. Extracting by manifest.
7559 silly tarball no local data for dir-glob@https://registry.npmjs.org/dir-glob/-/dir-glob-3.0.1.tgz. Extracting by manifest.
7560 silly tarball no local data for glob-parent@https://registry.npmjs.org/glob-parent/-/glob-parent-5.1.2.tgz. Extracting by manifest.
7561 silly tarball no local data for path-type@https://registry.npmjs.org/path-type/-/path-type-4.0.0.tgz. Extracting by manifest.
7562 silly tarball no local data for parse-url@https://registry.npmjs.org/parse-url/-/parse-url-8.1.0.tgz. Extracting by manifest.
7563 silly tarball no local data for is-ssh@https://registry.npmjs.org/is-ssh/-/is-ssh-1.4.1.tgz. Extracting by manifest.
7564 silly tarball no local data for git-up@https://registry.npmjs.org/git-up/-/git-up-7.0.0.tgz. Extracting by manifest.
7565 silly tarball no local data for retry@https://registry.npmjs.org/retry/-/retry-0.13.1.tgz. Extracting by manifest.
7566 silly tarball no local data for deprecation@https://registry.npmjs.org/deprecation/-/deprecation-2.3.1.tgz. Extracting by manifest.
7567 silly tarball no local data for is-plain-object@https://registry.npmjs.org/is-plain-object/-/is-plain-object-5.1.0.tgz. Extracting by manifest.
7568 silly tarball no local data for @octokit/endpoint@https://registry.npmjs.org/@octokit/endpoint/-/endpoint-7.0.6.tgz. Extracting by manifest.
7569 silly tarball no local data for @octokit/tsconfig@https://registry.npmjs.org/@octokit/tsconfig/-/tsconfig-1.0.2.tgz. Extracting by manifest.
7570 silly tarball no local data for @octokit/openapi-types@https://registry.npmjs.org/@octokit/openapi-types/-/openapi-types-18.1.1.tgz. Extracting by manifest.
7571 silly tarball no local data for universal-user-agent@https://registry.npmjs.org/universal-user-agent/-/universal-user-agent-6.0.1.tgz. Extracting by manifest.
7572 silly tarball no local data for before-after-hook@https://registry.npmjs.org/before-after-hook/-/before-after-hook-2.2.3.tgz. Extracting by manifest.
7573 silly tarball no local data for @octokit/types@https://registry.npmjs.org/@octokit/types/-/types-9.3.2.tgz. Extracting by manifest.
7574 silly tarball no local data for @octokit/request@https://registry.npmjs.org/@octokit/request/-/request-6.2.8.tgz. Extracting by manifest.
7575 silly tarball no local data for @octokit/request-error@https://registry.npmjs.org/@octokit/request-error/-/request-error-3.0.3.tgz. Extracting by manifest.
7576 silly tarball no local data for webidl-conversions@https://registry.npmjs.org/webidl-conversions/-/webidl-conversions-3.0.1.tgz. Extracting by manifest.
7577 silly tarball no local data for tr46@https://registry.npmjs.org/tr46/-/tr46-0.0.3.tgz. Extracting by manifest.
7578 silly tarball no local data for whatwg-url@https://registry.npmjs.org/whatwg-url/-/whatwg-url-5.0.0.tgz. Extracting by manifest.
7579 silly tarball no local data for node-fetch@https://registry.npmjs.org/node-fetch/-/node-fetch-2.7.0.tgz. Extracting by manifest.
7580 silly tarball no local data for @octokit/graphql@https://registry.npmjs.org/@octokit/graphql/-/graphql-5.0.6.tgz. Extracting by manifest.
7581 silly tarball no local data for @octokit/auth-token@https://registry.npmjs.org/@octokit/auth-token/-/auth-token-3.0.4.tgz. Extracting by manifest.
7582 silly tarball no local data for @octokit/plugin-rest-endpoint-methods@https://registry.npmjs.org/@octokit/plugin-rest-endpoint-methods/-/plugin-rest-endpoint-methods-7.2.3.tgz. Extracting by manifest.
7583 silly tarball no local data for @octokit/plugin-request-log@https://registry.npmjs.org/@octokit/plugin-request-log/-/plugin-request-log-1.0.4.tgz. Extracting by manifest.
7584 silly tarball no local data for @octokit/types@https://registry.npmjs.org/@octokit/types/-/types-10.0.0.tgz. Extracting by manifest.
7585 silly tarball no local data for @octokit/plugin-paginate-rest@https://registry.npmjs.org/@octokit/plugin-paginate-rest/-/plugin-paginate-rest-6.1.2.tgz. Extracting by manifest.
7586 silly tarball no local data for @octokit/core@https://registry.npmjs.org/@octokit/core/-/core-4.2.4.tgz. Extracting by manifest.
7587 silly tarball no local data for url-join@https://registry.npmjs.org/url-join/-/url-join-5.0.0.tgz. Extracting by manifest.
7588 silly tarball no local data for update-notifier@https://registry.npmjs.org/update-notifier/-/update-notifier-6.0.2.tgz. Extracting by manifest.
7589 silly tarball no local data for semver@https://registry.npmjs.org/semver/-/semver-7.8.5.tgz. Extracting by manifest.
7590 silly tarball no local data for chalk@https://registry.npmjs.org/chalk/-/chalk-5.6.2.tgz. Extracting by manifest.
7591 silly tarball no local data for shelljs@https://registry.npmjs.org/shelljs/-/shelljs-0.8.5.tgz. Extracting by manifest.
7592 silly tarball no local data for wildcard-match@https://registry.npmjs.org/wildcard-match/-/wildcard-match-5.1.2.tgz. Extracting by manifest.
7593 silly tarball no local data for proxy-agent@https://registry.npmjs.org/proxy-agent/-/proxy-agent-6.2.1.tgz. Extracting by manifest.
7594 silly tarball no local data for lru-cache@https://registry.npmjs.org/lru-cache/-/lru-cache-7.18.3.tgz. Extracting by manifest.
7595 silly tarball no local data for https-proxy-agent@https://registry.npmjs.org/https-proxy-agent/-/https-proxy-agent-7.0.6.tgz. Extracting by manifest.
7596 silly tarball no local data for http-proxy-agent@https://registry.npmjs.org/http-proxy-agent/-/http-proxy-agent-7.0.2.tgz. Extracting by manifest.
7597 silly tarball no local data for agent-base@https://registry.npmjs.org/agent-base/-/agent-base-7.1.4.tgz. Extracting by manifest.
7598 silly tarball no local data for promise.allsettled@https://registry.npmjs.org/promise.allsettled/-/promise.allsettled-1.0.6.tgz. Extracting by manifest.
7599 silly tarball no local data for os-name@https://registry.npmjs.org/os-name/-/os-name-5.1.0.tgz. Extracting by manifest.
7600 silly tarball no local data for ora@https://registry.npmjs.org/ora/-/ora-6.3.1.tgz. Extracting by manifest.
7601 silly tarball no local data for ansi-regex@https://registry.npmjs.org/ansi-regex/-/ansi-regex-6.4.0.tgz. Extracting by manifest.
7602 silly tarball no local data for restore-cursor@https://registry.npmjs.org/restore-cursor/-/restore-cursor-4.0.0.tgz. Extracting by manifest.
7603 silly tarball no local data for strip-ansi@https://registry.npmjs.org/strip-ansi/-/strip-ansi-7.2.0.tgz. Extracting by manifest.
7604 silly tarball no local data for cli-cursor@https://registry.npmjs.org/cli-cursor/-/cli-cursor-4.0.0.tgz. Extracting by manifest.
7605 silly tarball no local data for node-fetch@https://registry.npmjs.org/node-fetch/-/node-fetch-3.3.1.tgz. Extracting by manifest.
7606 silly tarball no local data for chalk@https://registry.npmjs.org/chalk/-/chalk-5.6.2.tgz. Extracting by manifest.
7607 silly tarball no local data for new-github-release-url@https://registry.npmjs.org/new-github-release-url/-/new-github-release-url-2.0.0.tgz. Extracting by manifest.
7608 silly tarball no local data for type-fest@https://registry.npmjs.org/type-fest/-/type-fest-2.19.0.tgz. Extracting by manifest.
7609 silly tarball no local data for issue-parser@https://registry.npmjs.org/issue-parser/-/issue-parser-6.0.0.tgz. Extracting by manifest.
7610 silly tarball no local data for is-ci@https://registry.npmjs.org/is-ci/-/is-ci-3.0.1.tgz. Extracting by manifest.
7611 silly tarball no local data for inquirer@https://registry.npmjs.org/inquirer/-/inquirer-9.2.6.tgz. Extracting by manifest.
7612 silly tarball no local data for log-symbols@https://registry.npmjs.org/log-symbols/-/log-symbols-4.1.0.tgz. Extracting by manifest.
7613 silly tarball no local data for is-unicode-supported@https://registry.npmjs.org/is-unicode-supported/-/is-unicode-supported-0.1.0.tgz. Extracting by manifest.
7614 silly tarball no local data for chalk@https://registry.npmjs.org/chalk/-/chalk-4.1.2.tgz. Extracting by manifest.
7615 silly tarball no local data for is-interactive@https://registry.npmjs.org/is-interactive/-/is-interactive-1.0.0.tgz. Extracting by manifest.
7616 silly tarball no local data for ora@https://registry.npmjs.org/ora/-/ora-5.4.1.tgz. Extracting by manifest.
7617 silly tarball no local data for chalk@https://registry.npmjs.org/chalk/-/chalk-4.1.2.tgz. Extracting by manifest.
7618 silly tarball no local data for chalk@https://registry.npmjs.org/chalk/-/chalk-5.6.2.tgz. Extracting by manifest.
7619 silly tarball no local data for got@https://registry.npmjs.org/got/-/got-12.6.1.tgz. Extracting by manifest.
7620 silly tarball no local data for globby@https://registry.npmjs.org/globby/-/globby-13.1.4.tgz. Extracting by manifest.
7621 silly tarball no local data for slash@https://registry.npmjs.org/slash/-/slash-4.0.0.tgz. Extracting by manifest.
7622 silly tarball no local data for git-url-parse@https://registry.npmjs.org/git-url-parse/-/git-url-parse-13.1.0.tgz. Extracting by manifest.
7623 silly tarball no local data for cosmiconfig@https://registry.npmjs.org/cosmiconfig/-/cosmiconfig-8.1.3.tgz. Extracting by manifest.
7624 silly tarball no local data for path-type@https://registry.npmjs.org/path-type/-/path-type-4.0.0.tgz. Extracting by manifest.
7625 silly tarball no local data for async-retry@https://registry.npmjs.org/async-retry/-/async-retry-1.3.3.tgz. Extracting by manifest.
7626 silly tarball no local data for @octokit/rest@https://registry.npmjs.org/@octokit/rest/-/rest-19.0.11.tgz. Extracting by manifest.
7627 silly tarball no local data for @iarna/toml@https://registry.npmjs.org/@iarna/toml/-/toml-2.2.5.tgz. Extracting by manifest.
7628 silly tarball no local data for strip-indent@https://registry.npmjs.org/strip-indent/-/strip-indent-3.0.0.tgz. Extracting by manifest.
7629 silly tarball no local data for indent-string@https://registry.npmjs.org/indent-string/-/indent-string-4.0.0.tgz. Extracting by manifest.
7630 silly tarball no local data for path-type@https://registry.npmjs.org/path-type/-/path-type-3.0.0.tgz. Extracting by manifest.
7631 silly tarball no local data for load-json-file@https://registry.npmjs.org/load-json-file/-/load-json-file-4.0.0.tgz. Extracting by manifest.
7632 silly tarball no local data for pify@https://registry.npmjs.org/pify/-/pify-3.0.0.tgz. Extracting by manifest.
7633 silly tarball no local data for strip-bom@https://registry.npmjs.org/strip-bom/-/strip-bom-3.0.0.tgz. Extracting by manifest.
7634 silly tarball no local data for pify@https://registry.npmjs.org/pify/-/pify-3.0.0.tgz. Extracting by manifest.
7635 silly tarball no local data for parse-json@https://registry.npmjs.org/parse-json/-/parse-json-4.0.0.tgz. Extracting by manifest.
7636 silly tarball no local data for @protobufjs/utf8@https://registry.npmjs.org/@protobufjs/utf8/-/utf8-1.1.2.tgz. Extracting by manifest.
7637 silly tarball no local data for @protobufjs/inquire@https://registry.npmjs.org/@protobufjs/inquire/-/inquire-1.1.2.tgz. Extracting by manifest.
7638 silly tarball no local data for @protobufjs/fetch@https://registry.npmjs.org/@protobufjs/fetch/-/fetch-1.1.1.tgz. Extracting by manifest.
7639 silly tarball no local data for @protobufjs/eventemitter@https://registry.npmjs.org/@protobufjs/eventemitter/-/eventemitter-1.1.1.tgz. Extracting by manifest.
7640 silly tarball no local data for @protobufjs/codegen@https://registry.npmjs.org/@protobufjs/codegen/-/codegen-2.0.5.tgz. Extracting by manifest.
7641 silly tarball no local data for sisteransi@https://registry.npmjs.org/sisteransi/-/sisteransi-1.0.5.tgz. Extracting by manifest.
7642 silly tarball no local data for kleur@https://registry.npmjs.org/kleur/-/kleur-3.0.3.tgz. Extracting by manifest.
7643 silly tarball no local data for react-is@https://registry.npmjs.org/react-is/-/react-is-17.0.2.tgz. Extracting by manifest.
7644 silly tarball no local data for thread-stream@https://registry.npmjs.org/thread-stream/-/thread-stream-3.2.0.tgz. Extracting by manifest.
7645 silly tarball no local data for sonic-boom@https://registry.npmjs.org/sonic-boom/-/sonic-boom-4.2.1.tgz. Extracting by manifest.
7646 silly tarball no local data for process-warning@https://registry.npmjs.org/process-warning/-/process-warning-5.1.0.tgz. Extracting by manifest.
7647 silly tarball no local data for pino-std-serializers@https://registry.npmjs.org/pino-std-serializers/-/pino-std-serializers-7.1.0.tgz. Extracting by manifest.
7648 silly tarball no local data for @pinojs/redact@https://registry.npmjs.org/@pinojs/redact/-/redact-0.4.0.tgz. Extracting by manifest.
7649 silly tarball no local data for is-arrayish@https://registry.npmjs.org/is-arrayish/-/is-arrayish-0.2.1.tgz. Extracting by manifest.
7650 silly tarball no local data for lines-and-columns@https://registry.npmjs.org/lines-and-columns/-/lines-and-columns-1.2.4.tgz. Extracting by manifest.
7651 silly tarball no local data for json-parse-even-better-errors@https://registry.npmjs.org/json-parse-even-better-errors/-/json-parse-even-better-errors-2.3.1.tgz. Extracting by manifest.
7652 silly tarball no local data for error-ex@https://registry.npmjs.org/error-ex/-/error-ex-1.3.4.tgz. Extracting by manifest.
7653 silly tarball no local data for xml2js@https://registry.npmjs.org/xml2js/-/xml2js-0.5.0.tgz. Extracting by manifest.
7654 silly tarball no local data for xml-parse-from-string@https://registry.npmjs.org/xml-parse-from-string/-/xml-parse-from-string-1.0.1.tgz. Extracting by manifest.
7655 silly tarball no local data for yocto-queue@https://registry.npmjs.org/yocto-queue/-/yocto-queue-0.1.0.tgz. Extracting by manifest.
7656 silly tarball no local data for p-limit@https://registry.npmjs.org/p-limit/-/p-limit-3.1.0.tgz. Extracting by manifest.
7657 silly tarball no local data for @oxlint/binding-android-arm64@https://registry.npmjs.org/@oxlint/binding-android-arm64/-/binding-android-arm64-1.86.0.tgz. Extracting by manifest.
7658 silly tarball no local data for word-wrap@https://registry.npmjs.org/word-wrap/-/word-wrap-1.2.5.tgz. Extracting by manifest.
7659 silly tarball no local data for fast-levenshtein@https://registry.npmjs.org/fast-levenshtein/-/fast-levenshtein-2.0.6.tgz. Extracting by manifest.
7660 silly tarball no local data for deep-is@https://registry.npmjs.org/deep-is/-/deep-is-0.1.4.tgz. Extracting by manifest.
7661 silly tarball no local data for is-wsl@https://registry.npmjs.org/is-wsl/-/is-wsl-2.2.0.tgz. Extracting by manifest.
7662 silly tarball no local data for is-docker@https://registry.npmjs.org/is-docker/-/is-docker-2.2.1.tgz. Extracting by manifest.
7663 silly tarball no local data for define-lazy-prop@https://registry.npmjs.org/define-lazy-prop/-/define-lazy-prop-2.0.0.tgz. Extracting by manifest.
7664 silly tarball no local data for validate-npm-package-license@https://registry.npmjs.org/validate-npm-package-license/-/validate-npm-package-license-3.0.4.tgz. Extracting by manifest.
7665 silly tarball no local data for is-core-module@https://registry.npmjs.org/is-core-module/-/is-core-module-2.17.0.tgz. Extracting by manifest.
7666 silly tarball no local data for kind-of@https://registry.npmjs.org/kind-of/-/kind-of-6.0.3.tgz. Extracting by manifest.
7667 silly tarball no local data for is-plain-obj@https://registry.npmjs.org/is-plain-obj/-/is-plain-obj-1.1.0.tgz. Extracting by manifest.
7668 silly tarball no local data for arrify@https://registry.npmjs.org/arrify/-/arrify-1.0.1.tgz. Extracting by manifest.
7669 silly tarball no local data for brace-expansion@https://registry.npmjs.org/brace-expansion/-/brace-expansion-1.1.21.tgz. Extracting by manifest.
7670 silly tarball no local data for to-regex-range@https://registry.npmjs.org/to-regex-range/-/to-regex-range-5.0.1.tgz. Extracting by manifest.
7671 silly tarball no local data for fill-range@https://registry.npmjs.org/fill-range/-/fill-range-7.1.1.tgz. Extracting by manifest.
7672 silly tarball no local data for braces@https://registry.npmjs.org/braces/-/braces-3.0.3.tgz. Extracting by manifest.
7673 silly tarball no local data for decamelize@https://registry.npmjs.org/decamelize/-/decamelize-1.2.0.tgz. Extracting by manifest.
7674 silly tarball no local data for quick-lru@https://registry.npmjs.org/quick-lru/-/quick-lru-4.0.1.tgz. Extracting by manifest.
7675 silly tarball no local data for map-obj@https://registry.npmjs.org/map-obj/-/map-obj-4.3.0.tgz. Extracting by manifest.
7676 silly tarball no local data for yargs-parser@https://registry.npmjs.org/yargs-parser/-/yargs-parser-20.2.9.tgz. Extracting by manifest.
7677 silly tarball no local data for trim-newlines@https://registry.npmjs.org/trim-newlines/-/trim-newlines-3.0.1.tgz. Extracting by manifest.
7678 silly tarball no local data for redent@https://registry.npmjs.org/redent/-/redent-3.0.0.tgz. Extracting by manifest.
7679 silly tarball no local data for minimist-options@https://registry.npmjs.org/minimist-options/-/minimist-options-4.1.0.tgz. Extracting by manifest.
7680 silly tarball no local data for hard-rejection@https://registry.npmjs.org/hard-rejection/-/hard-rejection-2.1.0.tgz. Extracting by manifest.
7681 silly tarball no local data for decamelize-keys@https://registry.npmjs.org/decamelize-keys/-/decamelize-keys-1.1.1.tgz. Extracting by manifest.
7682 silly tarball no local data for map-obj@https://registry.npmjs.org/map-obj/-/map-obj-1.0.1.tgz. Extracting by manifest.
7683 silly tarball no local data for camelcase-keys@https://registry.npmjs.org/camelcase-keys/-/camelcase-keys-6.2.2.tgz. Extracting by manifest.
7684 silly tarball no local data for @types/minimist@https://registry.npmjs.org/@types/minimist/-/minimist-1.2.5.tgz. Extracting by manifest.
7685 silly tarball no local data for p-locate@https://registry.npmjs.org/p-locate/-/p-locate-5.0.0.tgz. Extracting by manifest.
7686 silly tarball no local data for parse-bmfont-binary@https://registry.npmjs.org/parse-bmfont-binary/-/parse-bmfont-binary-1.0.6.tgz. Extracting by manifest.
7687 silly tarball no local data for parse-bmfont-ascii@https://registry.npmjs.org/parse-bmfont-ascii/-/parse-bmfont-ascii-1.0.6.tgz. Extracting by manifest.
7688 silly tarball no local data for buffer-equal@https://registry.npmjs.org/buffer-equal/-/buffer-equal-0.0.1.tgz. Extracting by manifest.
7689 silly tarball no local data for url@https://registry.npmjs.org/url/-/url-0.11.0.tgz. Extracting by manifest.
7690 silly tarball no local data for xhr@https://registry.npmjs.org/xhr/-/xhr-2.6.0.tgz. Extracting by manifest.
7691 silly tarball no local data for punycode@https://registry.npmjs.org/punycode/-/punycode-1.3.2.tgz. Extracting by manifest.
7692 silly tarball no local data for type-check@https://registry.npmjs.org/type-check/-/type-check-0.4.0.tgz. Extracting by manifest.
7693 silly tarball no local data for prelude-ls@https://registry.npmjs.org/prelude-ls/-/prelude-ls-1.2.1.tgz. Extracting by manifest.
7694 silly tarball no local data for through@https://registry.npmjs.org/through/-/through-2.3.8.tgz. Extracting by manifest.
7695 silly tarball no local data for parse-bmfont-xml@https://registry.npmjs.org/parse-bmfont-xml/-/parse-bmfont-xml-1.1.6.tgz. Extracting by manifest.
7696 silly tarball no local data for jsonparse@https://registry.npmjs.org/jsonparse/-/jsonparse-1.3.1.tgz. Extracting by manifest.
7697 silly tarball no local data for @tootallnate/once@https://registry.npmjs.org/@tootallnate/once/-/once-1.1.2.tgz. Extracting by manifest.
7698 silly tarball no local data for esprima@https://registry.npmjs.org/esprima/-/esprima-4.0.1.tgz. Extracting by manifest.
7699 silly tarball no local data for whatwg-url@https://registry.npmjs.org/whatwg-url/-/whatwg-url-8.7.0.tgz. Extracting by manifest.
7700 silly tarball no local data for xml-name-validator@https://registry.npmjs.org/xml-name-validator/-/xml-name-validator-3.0.0.tgz. Extracting by manifest.
7701 silly tarball no local data for webidl-conversions@https://registry.npmjs.org/webidl-conversions/-/webidl-conversions-6.1.0.tgz. Extracting by manifest.
7702 silly tarball no local data for w3c-xmlserializer@https://registry.npmjs.org/w3c-xmlserializer/-/w3c-xmlserializer-2.0.0.tgz. Extracting by manifest.
7703 silly tarball no local data for w3c-hr-time@https://registry.npmjs.org/w3c-hr-time/-/w3c-hr-time-1.0.2.tgz. Extracting by manifest.
7704 silly tarball no local data for tough-cookie@https://registry.npmjs.org/tough-cookie/-/tough-cookie-4.1.4.tgz. Extracting by manifest.
7705 silly tarball no local data for symbol-tree@https://registry.npmjs.org/symbol-tree/-/symbol-tree-3.2.4.tgz. Extracting by manifest.
7706 silly tarball no local data for saxes@https://registry.npmjs.org/saxes/-/saxes-5.0.1.tgz. Extracting by manifest.
7707 silly tarball no local data for nwsapi@https://registry.npmjs.org/nwsapi/-/nwsapi-2.2.28.tgz. Extracting by manifest.
7708 silly tarball no local data for is-potential-custom-element-name@https://registry.npmjs.org/is-potential-custom-element-name/-/is-potential-custom-element-name-1.0.1.tgz. Extracting by manifest.
7709 silly tarball no local data for http-proxy-agent@https://registry.npmjs.org/http-proxy-agent/-/http-proxy-agent-4.0.1.tgz. Extracting by manifest.
7710 silly tarball no local data for html-encoding-sniffer@https://registry.npmjs.org/html-encoding-sniffer/-/html-encoding-sniffer-2.0.1.tgz. Extracting by manifest.
7711 silly tarball no local data for whatwg-encoding@https://registry.npmjs.org/whatwg-encoding/-/whatwg-encoding-1.0.5.tgz. Extracting by manifest.
7712 silly tarball no local data for escodegen@https://registry.npmjs.org/escodegen/-/escodegen-2.1.0.tgz. Extracting by manifest.
7713 silly tarball no local data for domexception@https://registry.npmjs.org/domexception/-/domexception-2.0.1.tgz. Extracting by manifest.
7714 silly tarball no local data for decimal.js@https://registry.npmjs.org/decimal.js/-/decimal.js-10.6.0.tgz. Extracting by manifest.
7715 silly tarball no local data for webidl-conversions@https://registry.npmjs.org/webidl-conversions/-/webidl-conversions-5.0.0.tgz. Extracting by manifest.
7716 silly tarball no local data for data-urls@https://registry.npmjs.org/data-urls/-/data-urls-2.0.0.tgz. Extracting by manifest.
7717 silly tarball no local data for whatwg-mimetype@https://registry.npmjs.org/whatwg-mimetype/-/whatwg-mimetype-2.3.0.tgz. Extracting by manifest.
7718 silly tarball no local data for cssstyle@https://registry.npmjs.org/cssstyle/-/cssstyle-2.3.0.tgz. Extracting by manifest.
7719 silly tarball no local data for cssom@https://registry.npmjs.org/cssom/-/cssom-0.3.8.tgz. Extracting by manifest.
7720 silly tarball no local data for cssom@https://registry.npmjs.org/cssom/-/cssom-0.4.4.tgz. Extracting by manifest.
7721 silly tarball no local data for acorn-globals@https://registry.npmjs.org/acorn-globals/-/acorn-globals-6.0.0.tgz. Extracting by manifest.
7722 silly tarball no local data for abab@https://registry.npmjs.org/abab/-/abab-2.0.6.tgz. Extracting by manifest.
7723 silly tarball no local data for argparse@https://registry.npmjs.org/argparse/-/argparse-2.0.1.tgz. Extracting by manifest.
7724 silly tarball no local data for image-q@https://registry.npmjs.org/image-q/-/image-q-4.0.0.tgz. Extracting by manifest.
7725 silly tarball no local data for @types/node@https://registry.npmjs.org/@types/node/-/node-16.9.1.tgz. Extracting by manifest.
7726 silly tarball no local data for utif@https://registry.npmjs.org/utif/-/utif-2.0.1.tgz. Extracting by manifest.
7727 silly tarball no local data for pngjs@https://registry.npmjs.org/pngjs/-/pngjs-3.4.0.tgz. Extracting by manifest.
7728 silly tarball no local data for jpeg-js@https://registry.npmjs.org/jpeg-js/-/jpeg-js-0.4.4.tgz. Extracting by manifest.
7729 silly tarball no local data for omggif@https://registry.npmjs.org/omggif/-/omggif-1.0.10.tgz. Extracting by manifest.
7730 silly tarball no local data for gifwrap@https://registry.npmjs.org/gifwrap/-/gifwrap-0.9.4.tgz. Extracting by manifest.
7731 silly tarball no local data for bmp-js@https://registry.npmjs.org/bmp-js/-/bmp-js-0.1.0.tgz. Extracting by manifest.
7732 silly tarball no local data for @jimp/tiff@https://registry.npmjs.org/@jimp/tiff/-/tiff-0.16.13.tgz. Extracting by manifest.
7733 silly tarball no local data for @jimp/png@https://registry.npmjs.org/@jimp/png/-/png-0.16.13.tgz. Extracting by manifest.
7734 silly tarball no local data for @jimp/jpeg@https://registry.npmjs.org/@jimp/jpeg/-/jpeg-0.16.13.tgz. Extracting by manifest.
7735 silly tarball no local data for @jimp/gif@https://registry.npmjs.org/@jimp/gif/-/gif-0.16.13.tgz. Extracting by manifest.
7736 silly tarball no local data for @jimp/bmp@https://registry.npmjs.org/@jimp/bmp/-/bmp-0.16.13.tgz. Extracting by manifest.
7737 silly tarball no local data for timm@https://registry.npmjs.org/timm/-/timm-1.7.1.tgz. Extracting by manifest.
7738 silly tarball no local data for @jimp/plugin-threshold@https://registry.npmjs.org/@jimp/plugin-threshold/-/plugin-threshold-0.16.13.tgz. Extracting by manifest.
7739 silly tarball no local data for @jimp/plugin-shadow@https://registry.npmjs.org/@jimp/plugin-shadow/-/plugin-shadow-0.16.13.tgz. Extracting by manifest.
7740 silly tarball no local data for @jimp/plugin-mask@https://registry.npmjs.org/@jimp/plugin-mask/-/plugin-mask-0.16.13.tgz. Extracting by manifest.
7741 silly tarball no local data for @jimp/plugin-normalize@https://registry.npmjs.org/@jimp/plugin-normalize/-/plugin-normalize-0.16.13.tgz. Extracting by manifest.
7742 silly tarball no local data for @jimp/plugin-invert@https://registry.npmjs.org/@jimp/plugin-invert/-/plugin-invert-0.16.13.tgz. Extracting by manifest.
7743 silly tarball no local data for @jimp/plugin-print@https://registry.npmjs.org/@jimp/plugin-print/-/plugin-print-0.16.13.tgz. Extracting by manifest.
7744 silly tarball no local data for @jimp/plugin-gaussian@https://registry.npmjs.org/@jimp/plugin-gaussian/-/plugin-gaussian-0.16.13.tgz. Extracting by manifest.
7745 silly tarball no local data for @jimp/plugin-rotate@https://registry.npmjs.org/@jimp/plugin-rotate/-/plugin-rotate-0.16.13.tgz. Extracting by manifest.
7746 silly tarball no local data for @jimp/plugin-flip@https://registry.npmjs.org/@jimp/plugin-flip/-/plugin-flip-0.16.13.tgz. Extracting by manifest.
7747 silly tarball no local data for @jimp/plugin-dither@https://registry.npmjs.org/@jimp/plugin-dither/-/plugin-dither-0.16.13.tgz. Extracting by manifest.
7748 silly tarball no local data for @jimp/plugin-fisheye@https://registry.npmjs.org/@jimp/plugin-fisheye/-/plugin-fisheye-0.16.13.tgz. Extracting by manifest.
7749 silly tarball no local data for @jimp/plugin-displace@https://registry.npmjs.org/@jimp/plugin-displace/-/plugin-displace-0.16.13.tgz. Extracting by manifest.
7750 silly tarball no local data for @jimp/plugin-crop@https://registry.npmjs.org/@jimp/plugin-crop/-/plugin-crop-0.16.13.tgz. Extracting by manifest.
7751 silly tarball no local data for @jimp/plugin-cover@https://registry.npmjs.org/@jimp/plugin-cover/-/plugin-cover-0.16.13.tgz. Extracting by manifest.
7752 silly tarball no local data for @jimp/plugin-scale@https://registry.npmjs.org/@jimp/plugin-scale/-/plugin-scale-0.16.13.tgz. Extracting by manifest.
7753 silly tarball no local data for @jimp/plugin-resize@https://registry.npmjs.org/@jimp/plugin-resize/-/plugin-resize-0.16.13.tgz. Extracting by manifest.
7754 silly tarball no local data for @jimp/plugin-contain@https://registry.npmjs.org/@jimp/plugin-contain/-/plugin-contain-0.16.13.tgz. Extracting by manifest.
7755 silly tarball no local data for @jimp/plugin-color@https://registry.npmjs.org/@jimp/plugin-color/-/plugin-color-0.16.13.tgz. Extracting by manifest.
7756 silly tarball no local data for @jimp/plugin-circle@https://registry.npmjs.org/@jimp/plugin-circle/-/plugin-circle-0.16.13.tgz. Extracting by manifest.
7757 silly tarball no local data for @jimp/plugin-blur@https://registry.npmjs.org/@jimp/plugin-blur/-/plugin-blur-0.16.13.tgz. Extracting by manifest.
7758 silly tarball no local data for @jimp/plugin-blit@https://registry.npmjs.org/@jimp/plugin-blit/-/plugin-blit-0.16.13.tgz. Extracting by manifest.
7759 silly tarball no local data for tinycolor2@https://registry.npmjs.org/tinycolor2/-/tinycolor2-1.6.0.tgz. Extracting by manifest.
7760 silly tarball no local data for pixelmatch@https://registry.npmjs.org/pixelmatch/-/pixelmatch-4.0.2.tgz. Extracting by manifest.
7761 silly tarball no local data for phin@https://registry.npmjs.org/phin/-/phin-2.9.3.tgz. Extracting by manifest.
7762 silly tarball no local data for mkdirp@https://registry.npmjs.org/mkdirp/-/mkdirp-0.5.6.tgz. Extracting by manifest.
7763 silly tarball no local data for load-bmfont@https://registry.npmjs.org/load-bmfont/-/load-bmfont-1.4.2.tgz. Extracting by manifest.
7764 silly tarball no local data for phin@https://registry.npmjs.org/phin/-/phin-3.7.1.tgz. Extracting by manifest.
7765 silly tarball no local data for exif-parser@https://registry.npmjs.org/exif-parser/-/exif-parser-0.1.12.tgz. Extracting by manifest.
7766 silly tarball no local data for any-base@https://registry.npmjs.org/any-base/-/any-base-1.1.0.tgz. Extracting by manifest.
7767 silly tarball no local data for @jimp/utils@https://registry.npmjs.org/@jimp/utils/-/utils-0.16.13.tgz. Extracting by manifest.
7768 silly tarball no local data for @jimp/core@https://registry.npmjs.org/@jimp/core/-/core-0.16.13.tgz. Extracting by manifest.
7769 silly tarball no local data for regenerator-runtime@https://registry.npmjs.org/regenerator-runtime/-/regenerator-runtime-0.13.11.tgz. Extracting by manifest.
7770 silly tarball no local data for @jimp/types@https://registry.npmjs.org/@jimp/types/-/types-0.16.13.tgz. Extracting by manifest.
7771 silly tarball no local data for @jimp/plugins@https://registry.npmjs.org/@jimp/plugins/-/plugins-0.16.13.tgz. Extracting by manifest.
7772 silly tarball no local data for @jimp/custom@https://registry.npmjs.org/@jimp/custom/-/custom-0.16.13.tgz. Extracting by manifest.
7773 silly tarball no local data for @babel/runtime@https://registry.npmjs.org/@babel/runtime/-/runtime-7.29.7.tgz. Extracting by manifest.
7774 silly tarball no local data for leven@https://registry.npmjs.org/leven/-/leven-3.1.0.tgz. Extracting by manifest.
7775 silly tarball no local data for @types/prettier@https://registry.npmjs.org/@types/prettier/-/prettier-2.7.3.tgz. Extracting by manifest.
7776 silly tarball no local data for @babel/plugin-syntax-typescript@https://registry.npmjs.org/@babel/plugin-syntax-typescript/-/plugin-syntax-typescript-7.29.7.tgz. Extracting by manifest.
7777 silly tarball no local data for strip-bom@https://registry.npmjs.org/strip-bom/-/strip-bom-4.0.0.tgz. Extracting by manifest.
7778 silly tarball no local data for cjs-module-lexer@https://registry.npmjs.org/cjs-module-lexer/-/cjs-module-lexer-1.4.3.tgz. Extracting by manifest.
7779 silly tarball no local data for @jest/globals@https://registry.npmjs.org/@jest/globals/-/globals-27.5.1.tgz. Extracting by manifest.
7780 silly tarball no local data for detect-newline@https://registry.npmjs.org/detect-newline/-/detect-newline-3.1.0.tgz. Extracting by manifest.
7781 silly tarball no local data for source-map-support@https://registry.npmjs.org/source-map-support/-/source-map-support-0.5.21.tgz. Extracting by manifest.
7782 silly tarball no local data for jest-leak-detector@https://registry.npmjs.org/jest-leak-detector/-/jest-leak-detector-27.5.1.tgz. Extracting by manifest.
7783 silly tarball no local data for jest-docblock@https://registry.npmjs.org/jest-docblock/-/jest-docblock-27.5.1.tgz. Extracting by manifest.
7784 silly tarball no local data for resolve.exports@https://registry.npmjs.org/resolve.exports/-/resolve.exports-1.1.1.tgz. Extracting by manifest.
7785 silly tarball no local data for resolve@https://registry.npmjs.org/resolve/-/resolve-1.22.12.tgz. Extracting by manifest.
7786 silly tarball no local data for jest-pnp-resolver@https://registry.npmjs.org/jest-pnp-resolver/-/jest-pnp-resolver-1.2.3.tgz. Extracting by manifest.
7787 silly tarball no local data for @types/stack-utils@https://registry.npmjs.org/@types/stack-utils/-/stack-utils-2.0.3.tgz. Extracting by manifest.
7788 silly tarball no local data for diff-sequences@https://registry.npmjs.org/diff-sequences/-/diff-sequences-27.5.1.tgz. Extracting by manifest.
7789 silly tarball no local data for jest-diff@https://registry.npmjs.org/jest-diff/-/jest-diff-27.5.1.tgz. Extracting by manifest.
7790 silly tarball no local data for callsites@https://registry.npmjs.org/callsites/-/callsites-3.1.0.tgz. Extracting by manifest.
7791 silly tarball no local data for node-int64@https://registry.npmjs.org/node-int64/-/node-int64-0.4.0.tgz. Extracting by manifest.
7792 silly tarball no local data for @jest/source-map@https://registry.npmjs.org/@jest/source-map/-/source-map-27.5.1.tgz. Extracting by manifest.
7793 silly tarball no local data for bser@https://registry.npmjs.org/bser/-/bser-2.1.1.tgz. Extracting by manifest.
7794 silly tarball no local data for picomatch@https://registry.npmjs.org/picomatch/-/picomatch-2.3.2.tgz. Extracting by manifest.
7795 silly tarball no local data for normalize-path@https://registry.npmjs.org/normalize-path/-/normalize-path-3.0.0.tgz. Extracting by manifest.
7796 silly tarball no local data for walker@https://registry.npmjs.org/walker/-/walker-1.0.8.tgz. Extracting by manifest.
7797 silly tarball no local data for jest-serializer@https://registry.npmjs.org/jest-serializer/-/jest-serializer-27.5.1.tgz. Extracting by manifest.
7798 silly tarball no local data for fb-watchman@https://registry.npmjs.org/fb-watchman/-/fb-watchman-2.0.2.tgz. Extracting by manifest.
7799 silly tarball no local data for anymatch@https://registry.npmjs.org/anymatch/-/anymatch-3.1.3.tgz. Extracting by manifest.
7800 silly tarball no local data for @types/graceful-fs@https://registry.npmjs.org/@types/graceful-fs/-/graceful-fs-4.1.9.tgz. Extracting by manifest.
7801 silly tarball no local data for jsdom@https://registry.npmjs.org/jsdom/-/jsdom-16.7.0.tgz. Extracting by manifest.
7802 silly tarball no local data for ws@https://registry.npmjs.org/ws/-/ws-7.5.13.tgz. Extracting by manifest.
7803 silly tarball no local data for whatwg-mimetype@https://registry.npmjs.org/whatwg-mimetype/-/whatwg-mimetype-2.3.0.tgz. Extracting by manifest.
7804 silly tarball no local data for whatwg-encoding@https://registry.npmjs.org/whatwg-encoding/-/whatwg-encoding-1.0.5.tgz. Extracting by manifest.
7805 silly tarball no local data for parse5@https://registry.npmjs.org/parse5/-/parse5-6.0.1.tgz. Extracting by manifest.
7806 silly tarball no local data for form-data@https://registry.npmjs.org/form-data/-/form-data-3.0.5.tgz. Extracting by manifest.
7807 silly tarball no local data for type-detect@https://registry.npmjs.org/type-detect/-/type-detect-4.0.8.tgz. Extracting by manifest.
7808 silly tarball no local data for @sinonjs/commons@https://registry.npmjs.org/@sinonjs/commons/-/commons-1.8.6.tgz. Extracting by manifest.
7809 silly tarball no local data for @sinonjs/fake-timers@https://registry.npmjs.org/@sinonjs/fake-timers/-/fake-timers-8.1.0.tgz. Extracting by manifest.
7810 silly tarball no local data for jest-mock@https://registry.npmjs.org/jest-mock/-/jest-mock-27.5.1.tgz. Extracting by manifest.
7811 silly tarball no local data for @jest/fake-timers@https://registry.npmjs.org/@jest/fake-timers/-/fake-timers-27.5.1.tgz. Extracting by manifest.
7812 silly tarball no local data for stack-utils@https://registry.npmjs.org/stack-utils/-/stack-utils-2.0.6.tgz. Extracting by manifest.
7813 silly tarball no local data for jest-each@https://registry.npmjs.org/jest-each/-/jest-each-27.5.1.tgz. Extracting by manifest.
7814 silly tarball no local data for escape-string-regexp@https://registry.npmjs.org/escape-string-regexp/-/escape-string-regexp-2.0.0.tgz. Extracting by manifest.
7815 silly tarball no local data for is-generator-fn@https://registry.npmjs.org/is-generator-fn/-/is-generator-fn-2.1.0.tgz. Extracting by manifest.
7816 silly tarball no local data for expect@https://registry.npmjs.org/expect/-/expect-27.5.1.tgz. Extracting by manifest.
7817 silly tarball no local data for dedent@https://registry.npmjs.org/dedent/-/dedent-0.7.0.tgz. Extracting by manifest.
7818 silly tarball no local data for @jest/environment@https://registry.npmjs.org/@jest/environment/-/environment-27.5.1.tgz. Extracting by manifest.
7819 silly tarball no local data for co@https://registry.npmjs.org/co/-/co-4.6.0.tgz. Extracting by manifest.
7820 silly tarball no local data for @babel/plugin-syntax-top-level-await@https://registry.npmjs.org/@babel/plugin-syntax-top-level-await/-/plugin-syntax-top-level-await-7.14.5.tgz. Extracting by manifest.
7821 silly tarball no local data for @babel/plugin-syntax-private-property-in-object@https://registry.npmjs.org/@babel/plugin-syntax-private-property-in-object/-/plugin-syntax-private-property-in-object-7.14.5.tgz. Extracting by manifest.
7822 silly tarball no local data for @babel/plugin-syntax-optional-chaining@https://registry.npmjs.org/@babel/plugin-syntax-optional-chaining/-/plugin-syntax-optional-chaining-7.8.3.tgz. Extracting by manifest.
7823 silly tarball no local data for @babel/plugin-syntax-optional-catch-binding@https://registry.npmjs.org/@babel/plugin-syntax-optional-catch-binding/-/plugin-syntax-optional-catch-binding-7.8.3.tgz. Extracting by manifest.
7824 silly tarball no local data for @babel/plugin-syntax-object-rest-spread@https://registry.npmjs.org/@babel/plugin-syntax-object-rest-spread/-/plugin-syntax-object-rest-spread-7.8.3.tgz. Extracting by manifest.
7825 silly tarball no local data for @babel/plugin-syntax-numeric-separator@https://registry.npmjs.org/@babel/plugin-syntax-numeric-separator/-/plugin-syntax-numeric-separator-7.10.4.tgz. Extracting by manifest.
7826 silly tarball no local data for @babel/plugin-syntax-nullish-coalescing-operator@https://registry.npmjs.org/@babel/plugin-syntax-nullish-coalescing-operator/-/plugin-syntax-nullish-coalescing-operator-7.8.3.tgz. Extracting by manifest.
7827 silly tarball no local data for @babel/plugin-syntax-logical-assignment-operators@https://registry.npmjs.org/@babel/plugin-syntax-logical-assignment-operators/-/plugin-syntax-logical-assignment-operators-7.10.4.tgz. Extracting by manifest.
7828 silly tarball no local data for @babel/plugin-syntax-json-strings@https://registry.npmjs.org/@babel/plugin-syntax-json-strings/-/plugin-syntax-json-strings-7.8.3.tgz. Extracting by manifest.
7829 silly tarball no local data for @babel/plugin-syntax-import-meta@https://registry.npmjs.org/@babel/plugin-syntax-import-meta/-/plugin-syntax-import-meta-7.10.4.tgz. Extracting by manifest.
7830 silly tarball no local data for @babel/plugin-syntax-import-attributes@https://registry.npmjs.org/@babel/plugin-syntax-import-attributes/-/plugin-syntax-import-attributes-7.29.7.tgz. Extracting by manifest.
7831 silly tarball no local data for @babel/plugin-syntax-class-static-block@https://registry.npmjs.org/@babel/plugin-syntax-class-static-block/-/plugin-syntax-class-static-block-7.14.5.tgz. Extracting by manifest.
7832 silly tarball no local data for @babel/plugin-syntax-bigint@https://registry.npmjs.org/@babel/plugin-syntax-bigint/-/plugin-syntax-bigint-7.8.3.tgz. Extracting by manifest.
7833 silly tarball no local data for @babel/plugin-syntax-class-properties@https://registry.npmjs.org/@babel/plugin-syntax-class-properties/-/plugin-syntax-class-properties-7.12.13.tgz. Extracting by manifest.
7834 silly tarball no local data for @babel/plugin-syntax-async-generators@https://registry.npmjs.org/@babel/plugin-syntax-async-generators/-/plugin-syntax-async-generators-7.8.4.tgz. Extracting by manifest.
7835 silly tarball no local data for babel-preset-current-node-syntax@https://registry.npmjs.org/babel-preset-current-node-syntax/-/babel-preset-current-node-syntax-1.2.0.tgz. Extracting by manifest.
7836 silly tarball no local data for babel-plugin-jest-hoist@https://registry.npmjs.org/babel-plugin-jest-hoist/-/babel-plugin-jest-hoist-27.5.1.tgz. Extracting by manifest.
7837 silly tarball no local data for @types/babel__traverse@https://registry.npmjs.org/@types/babel__traverse/-/babel__traverse-7.28.0.tgz. Extracting by manifest.
7838 silly tarball no local data for @types/babel__template@https://registry.npmjs.org/@types/babel__template/-/babel__template-7.4.4.tgz. Extracting by manifest.
7839 silly tarball no local data for @types/babel__generator@https://registry.npmjs.org/@types/babel__generator/-/babel__generator-7.27.0.tgz. Extracting by manifest.
7840 silly tarball no local data for babel-preset-jest@https://registry.npmjs.org/babel-preset-jest/-/babel-preset-jest-27.5.1.tgz. Extracting by manifest.
7841 silly tarball no local data for @types/babel__core@https://registry.npmjs.org/@types/babel__core/-/babel__core-7.20.5.tgz. Extracting by manifest.
7842 silly tarball no local data for parse-json@https://registry.npmjs.org/parse-json/-/parse-json-5.2.0.tgz. Extracting by manifest.
7843 silly tarball no local data for jest-jasmine2@https://registry.npmjs.org/jest-jasmine2/-/jest-jasmine2-27.5.1.tgz. Extracting by manifest.
7844 silly tarball no local data for jest-get-type@https://registry.npmjs.org/jest-get-type/-/jest-get-type-27.5.1.tgz. Extracting by manifest.
7845 silly tarball no local data for jest-environment-node@https://registry.npmjs.org/jest-environment-node/-/jest-environment-node-27.5.1.tgz. Extracting by manifest.
7846 silly tarball no local data for jest-environment-jsdom@https://registry.npmjs.org/jest-environment-jsdom/-/jest-environment-jsdom-27.5.1.tgz. Extracting by manifest.
7847 silly tarball no local data for jest-circus@https://registry.npmjs.org/jest-circus/-/jest-circus-27.5.1.tgz. Extracting by manifest.
7848 silly tarball no local data for deepmerge@https://registry.npmjs.org/deepmerge/-/deepmerge-4.3.1.tgz. Extracting by manifest.
7849 silly tarball no local data for ci-info@https://registry.npmjs.org/ci-info/-/ci-info-3.9.0.tgz. Extracting by manifest.
7850 silly tarball no local data for babel-jest@https://registry.npmjs.org/babel-jest/-/babel-jest-27.5.1.tgz. Extracting by manifest.
7851 silly tarball no local data for @jest/test-sequencer@https://registry.npmjs.org/@jest/test-sequencer/-/test-sequencer-27.5.1.tgz. Extracting by manifest.
7852 silly tarball no local data for prompts@https://registry.npmjs.org/prompts/-/prompts-2.4.2.tgz. Extracting by manifest.
7853 silly tarball no local data for strip-final-newline@https://registry.npmjs.org/strip-final-newline/-/strip-final-newline-2.0.0.tgz. Extracting by manifest.
7854 silly tarball no local data for npm-run-path@https://registry.npmjs.org/npm-run-path/-/npm-run-path-4.0.1.tgz. Extracting by manifest.
7855 silly tarball no local data for merge-stream@https://registry.npmjs.org/merge-stream/-/merge-stream-2.0.0.tgz. Extracting by manifest.
7856 silly tarball no local data for is-stream@https://registry.npmjs.org/is-stream/-/is-stream-2.0.1.tgz. Extracting by manifest.
7857 silly tarball no local data for human-signals@https://registry.npmjs.org/human-signals/-/human-signals-2.1.0.tgz. Extracting by manifest.
7858 silly tarball no local data for get-stream@https://registry.npmjs.org/get-stream/-/get-stream-6.0.1.tgz. Extracting by manifest.
7859 silly tarball no local data for throat@https://registry.npmjs.org/throat/-/throat-6.0.2.tgz. Extracting by manifest.
7860 silly tarball no local data for execa@https://registry.npmjs.org/execa/-/execa-5.1.1.tgz. Extracting by manifest.
7861 silly tarball no local data for html-escaper@https://registry.npmjs.org/html-escaper/-/html-escaper-2.0.2.tgz. Extracting by manifest.
7862 silly tarball no local data for make-dir@https://registry.npmjs.org/make-dir/-/make-dir-4.0.0.tgz. Extracting by manifest.
7863 silly tarball no local data for semver@https://registry.npmjs.org/semver/-/semver-7.8.5.tgz. Extracting by manifest.
7864 silly tarball no local data for resolve-cwd@https://registry.npmjs.org/resolve-cwd/-/resolve-cwd-3.0.0.tgz. Extracting by manifest.
7865 silly tarball no local data for resolve-from@https://registry.npmjs.org/resolve-from/-/resolve-from-5.0.0.tgz. Extracting by manifest.
7866 silly tarball no local data for pkg-dir@https://registry.npmjs.org/pkg-dir/-/pkg-dir-4.2.0.tgz. Extracting by manifest.
7867 silly tarball no local data for p-limit@https://registry.npmjs.org/p-limit/-/p-limit-2.3.0.tgz. Extracting by manifest.
7868 silly tarball no local data for p-locate@https://registry.npmjs.org/p-locate/-/p-locate-4.1.0.tgz. Extracting by manifest.
7869 silly tarball no local data for locate-path@https://registry.npmjs.org/locate-path/-/locate-path-5.0.0.tgz. Extracting by manifest.
7870 silly tarball no local data for find-up@https://registry.npmjs.org/find-up/-/find-up-4.1.0.tgz. Extracting by manifest.
7871 silly tarball no local data for path-is-absolute@https://registry.npmjs.org/path-is-absolute/-/path-is-absolute-1.0.1.tgz. Extracting by manifest.
7872 silly tarball no local data for inflight@https://registry.npmjs.org/inflight/-/inflight-1.0.6.tgz. Extracting by manifest.
7873 silly tarball no local data for update-browserslist-db@https://registry.npmjs.org/update-browserslist-db/-/update-browserslist-db-1.3.3.tgz. Extracting by manifest.
7874 silly tarball no local data for node-releases@https://registry.npmjs.org/node-releases/-/node-releases-2.0.57.tgz. Extracting by manifest.
7875 silly tarball no local data for fs.realpath@https://registry.npmjs.org/fs.realpath/-/fs.realpath-1.0.0.tgz. Extracting by manifest.
7876 silly tarball no local data for electron-to-chromium@https://registry.npmjs.org/electron-to-chromium/-/electron-to-chromium-1.5.439.tgz. Extracting by manifest.
7877 silly tarball no local data for caniuse-lite@https://registry.npmjs.org/caniuse-lite/-/caniuse-lite-1.0.30001812.tgz. Extracting by manifest.
7878 silly tarball no local data for baseline-browser-mapping@https://registry.npmjs.org/baseline-browser-mapping/-/baseline-browser-mapping-2.11.26.tgz. Extracting by manifest.
7879 silly tarball no local data for get-package-type@https://registry.npmjs.org/get-package-type/-/get-package-type-0.1.0.tgz. Extracting by manifest.
7880 silly tarball no local data for camelcase@https://registry.npmjs.org/camelcase/-/camelcase-5.3.1.tgz. Extracting by manifest.
7881 silly tarball no local data for test-exclude@https://registry.npmjs.org/test-exclude/-/test-exclude-6.0.0.tgz. Extracting by manifest.
7882 silly tarball no local data for @istanbuljs/schema@https://registry.npmjs.org/@istanbuljs/schema/-/schema-0.1.6.tgz. Extracting by manifest.
7883 silly tarball no local data for @istanbuljs/load-nyc-config@https://registry.npmjs.org/@istanbuljs/load-nyc-config/-/load-nyc-config-1.1.0.tgz. Extracting by manifest.
7884 silly tarball no local data for p-locate@https://registry.npmjs.org/p-locate/-/p-locate-4.1.0.tgz. Extracting by manifest.
7885 silly tarball no local data for p-limit@https://registry.npmjs.org/p-limit/-/p-limit-2.3.0.tgz. Extracting by manifest.
7886 silly tarball no local data for argparse@https://registry.npmjs.org/argparse/-/argparse-1.0.10.tgz. Extracting by manifest.
7887 silly tarball no local data for locate-path@https://registry.npmjs.org/locate-path/-/locate-path-5.0.0.tgz. Extracting by manifest.
7888 silly tarball no local data for resolve-from@https://registry.npmjs.org/resolve-from/-/resolve-from-5.0.0.tgz. Extracting by manifest.
7889 silly tarball no local data for js-yaml@https://registry.npmjs.org/js-yaml/-/js-yaml-3.15.2.tgz. Extracting by manifest.
7890 silly tarball no local data for @babel/helper-plugin-utils@https://registry.npmjs.org/@babel/helper-plugin-utils/-/helper-plugin-utils-7.29.7.tgz. Extracting by manifest.
7891 silly tarball no local data for find-up@https://registry.npmjs.org/find-up/-/find-up-4.1.0.tgz. Extracting by manifest.
7892 silly tarball no local data for @types/yargs-parser@https://registry.npmjs.org/@types/yargs-parser/-/yargs-parser-21.0.3.tgz. Extracting by manifest.
7893 silly tarball no local data for @types/istanbul-lib-report@https://registry.npmjs.org/@types/istanbul-lib-report/-/istanbul-lib-report-3.0.3.tgz. Extracting by manifest.
7894 silly tarball no local data for @jridgewell/sourcemap-codec@https://registry.npmjs.org/@jridgewell/sourcemap-codec/-/sourcemap-codec-1.6.0.tgz. Extracting by manifest.
7895 silly tarball no local data for @jridgewell/resolve-uri@https://registry.npmjs.org/@jridgewell/resolve-uri/-/resolve-uri-3.1.2.tgz. Extracting by manifest.
7896 silly tarball no local data for @types/yargs@https://registry.npmjs.org/@types/yargs/-/yargs-16.0.11.tgz. Extracting by manifest.
7897 silly tarball no local data for @types/istanbul-reports@https://registry.npmjs.org/@types/istanbul-reports/-/istanbul-reports-3.0.4.tgz. Extracting by manifest.
7898 silly tarball no local data for @babel/helper-string-parser@https://registry.npmjs.org/@babel/helper-string-parser/-/helper-string-parser-7.29.7.tgz. Extracting by manifest.
7899 silly tarball no local data for @babel/helper-globals@https://registry.npmjs.org/@babel/helper-globals/-/helper-globals-7.29.7.tgz. Extracting by manifest.
7900 silly tarball no local data for @babel/helper-module-imports@https://registry.npmjs.org/@babel/helper-module-imports/-/helper-module-imports-7.29.7.tgz. Extracting by manifest.
7901 silly tarball no local data for browserslist@https://registry.npmjs.org/browserslist/-/browserslist-4.29.2.tgz. Extracting by manifest.
7902 silly tarball no local data for @babel/helper-validator-option@https://registry.npmjs.org/@babel/helper-validator-option/-/helper-validator-option-7.29.7.tgz. Extracting by manifest.
7903 silly tarball no local data for jsesc@https://registry.npmjs.org/jsesc/-/jsesc-3.1.0.tgz. Extracting by manifest.
7904 silly tarball no local data for @babel/compat-data@https://registry.npmjs.org/@babel/compat-data/-/compat-data-7.29.7.tgz. Extracting by manifest.
7905 silly tarball no local data for @jridgewell/trace-mapping@https://registry.npmjs.org/@jridgewell/trace-mapping/-/trace-mapping-0.3.31.tgz. Extracting by manifest.
7906 silly tarball no local data for @jridgewell/gen-mapping@https://registry.npmjs.org/@jridgewell/gen-mapping/-/gen-mapping-0.3.13.tgz. Extracting by manifest.
7907 silly tarball no local data for js-tokens@https://registry.npmjs.org/js-tokens/-/js-tokens-4.0.0.tgz. Extracting by manifest.
7908 silly tarball no local data for @babel/helper-validator-identifier@https://registry.npmjs.org/@babel/helper-validator-identifier/-/helper-validator-identifier-7.29.7.tgz. Extracting by manifest.
7909 silly tarball no local data for json5@https://registry.npmjs.org/json5/-/json5-2.2.3.tgz. Extracting by manifest.
7910 silly tarball no local data for gensync@https://registry.npmjs.org/gensync/-/gensync-1.0.0-beta.2.tgz. Extracting by manifest.
7911 silly tarball no local data for @jridgewell/remapping@https://registry.npmjs.org/@jridgewell/remapping/-/remapping-2.3.5.tgz. Extracting by manifest.
7912 silly tarball no local data for @babel/types@https://registry.npmjs.org/@babel/types/-/types-7.29.8.tgz. Extracting by manifest.
7913 silly tarball no local data for @babel/traverse@https://registry.npmjs.org/@babel/traverse/-/traverse-7.29.8.tgz. Extracting by manifest.
7914 silly tarball no local data for @babel/template@https://registry.npmjs.org/@babel/template/-/template-7.29.7.tgz. Extracting by manifest.
7915 silly tarball no local data for @babel/helpers@https://registry.npmjs.org/@babel/helpers/-/helpers-7.29.7.tgz. Extracting by manifest.
7916 silly tarball no local data for @babel/parser@https://registry.npmjs.org/@babel/parser/-/parser-7.29.9.tgz. Extracting by manifest.
7917 silly tarball no local data for @babel/helper-module-transforms@https://registry.npmjs.org/@babel/helper-module-transforms/-/helper-module-transforms-7.29.7.tgz. Extracting by manifest.
7918 silly tarball no local data for @babel/helper-compilation-targets@https://registry.npmjs.org/@babel/helper-compilation-targets/-/helper-compilation-targets-7.29.7.tgz. Extracting by manifest.
7919 silly tarball no local data for @babel/generator@https://registry.npmjs.org/@babel/generator/-/generator-7.29.8.tgz. Extracting by manifest.
7920 silly tarball no local data for lru-cache@https://registry.npmjs.org/lru-cache/-/lru-cache-5.1.1.tgz. Extracting by manifest.
7921 silly tarball no local data for @babel/code-frame@https://registry.npmjs.org/@babel/code-frame/-/code-frame-7.29.7.tgz. Extracting by manifest.
7922 silly tarball no local data for write-file-atomic@https://registry.npmjs.org/write-file-atomic/-/write-file-atomic-3.0.3.tgz. Extracting by manifest.
7923 silly tarball no local data for pirates@https://registry.npmjs.org/pirates/-/pirates-4.0.7.tgz. Extracting by manifest.
7924 silly tarball no local data for convert-source-map@https://registry.npmjs.org/convert-source-map/-/convert-source-map-1.9.0.tgz. Extracting by manifest.
7925 silly tarball no local data for babel-plugin-istanbul@https://registry.npmjs.org/babel-plugin-istanbul/-/babel-plugin-istanbul-6.1.1.tgz. Extracting by manifest.
7926 silly tarball no local data for @babel/core@https://registry.npmjs.org/@babel/core/-/core-7.29.7.tgz. Extracting by manifest.
7927 silly tarball no local data for convert-source-map@https://registry.npmjs.org/convert-source-map/-/convert-source-map-2.0.0.tgz. Extracting by manifest.
7928 silly tarball no local data for @types/istanbul-lib-coverage@https://registry.npmjs.org/@types/istanbul-lib-coverage/-/istanbul-lib-coverage-2.0.6.tgz. Extracting by manifest.
7929 silly tarball no local data for v8-to-istanbul@https://registry.npmjs.org/v8-to-istanbul/-/v8-to-istanbul-8.1.1.tgz. Extracting by manifest.
7930 silly tarball no local data for source-map@https://registry.npmjs.org/source-map/-/source-map-0.7.6.tgz. Extracting by manifest.
7931 silly tarball no local data for terminal-link@https://registry.npmjs.org/terminal-link/-/terminal-link-2.1.1.tgz. Extracting by manifest.
7932 silly tarball no local data for string-length@https://registry.npmjs.org/string-length/-/string-length-4.0.2.tgz. Extracting by manifest.
7933 silly tarball no local data for jest-worker@https://registry.npmjs.org/jest-worker/-/jest-worker-27.5.1.tgz. Extracting by manifest.
7934 silly tarball no local data for istanbul-reports@https://registry.npmjs.org/istanbul-reports/-/istanbul-reports-3.2.0.tgz. Extracting by manifest.
7935 silly tarball no local data for supports-color@https://registry.npmjs.org/supports-color/-/supports-color-8.1.1.tgz. Extracting by manifest.
7936 silly tarball no local data for istanbul-lib-source-maps@https://registry.npmjs.org/istanbul-lib-source-maps/-/istanbul-lib-source-maps-4.0.1.tgz. Extracting by manifest.
7937 silly tarball no local data for istanbul-lib-report@https://registry.npmjs.org/istanbul-lib-report/-/istanbul-lib-report-3.0.1.tgz. Extracting by manifest.
7938 silly tarball no local data for istanbul-lib-instrument@https://registry.npmjs.org/istanbul-lib-instrument/-/istanbul-lib-instrument-5.2.1.tgz. Extracting by manifest.
7939 silly tarball no local data for istanbul-lib-coverage@https://registry.npmjs.org/istanbul-lib-coverage/-/istanbul-lib-coverage-3.2.2.tgz. Extracting by manifest.
7940 silly tarball no local data for glob@https://registry.npmjs.org/glob/-/glob-7.2.3.tgz. Extracting by manifest.
7941 silly tarball no local data for collect-v8-coverage@https://registry.npmjs.org/collect-v8-coverage/-/collect-v8-coverage-1.0.3.tgz. Extracting by manifest.
7942 silly tarball no local data for slash@https://registry.npmjs.org/slash/-/slash-3.0.0.tgz. Extracting by manifest.
7943 silly tarball no local data for @bcoe/v8-coverage@https://registry.npmjs.org/@bcoe/v8-coverage/-/v8-coverage-0.2.3.tgz. Extracting by manifest.
7944 silly tarball no local data for micromatch@https://registry.npmjs.org/micromatch/-/micromatch-4.0.8.tgz. Extracting by manifest.
7945 silly tarball no local data for jest-watcher@https://registry.npmjs.org/jest-watcher/-/jest-watcher-27.5.1.tgz. Extracting by manifest.
7946 silly tarball no local data for jest-validate@https://registry.npmjs.org/jest-validate/-/jest-validate-27.5.1.tgz. Extracting by manifest.
7947 silly tarball no local data for camelcase@https://registry.npmjs.org/camelcase/-/camelcase-6.3.0.tgz. Extracting by manifest.
7948 silly tarball no local data for jest-util@https://registry.npmjs.org/jest-util/-/jest-util-27.5.1.tgz. Extracting by manifest.
7949 silly tarball no local data for jest-snapshot@https://registry.npmjs.org/jest-snapshot/-/jest-snapshot-27.5.1.tgz. Extracting by manifest.
7950 silly tarball no local data for semver@https://registry.npmjs.org/semver/-/semver-7.8.5.tgz. Extracting by manifest.
7951 silly tarball no local data for jest-runtime@https://registry.npmjs.org/jest-runtime/-/jest-runtime-27.5.1.tgz. Extracting by manifest.
7952 silly tarball no local data for jest-runner@https://registry.npmjs.org/jest-runner/-/jest-runner-27.5.1.tgz. Extracting by manifest.
7953 silly tarball no local data for jest-resolve-dependencies@https://registry.npmjs.org/jest-resolve-dependencies/-/jest-resolve-dependencies-27.5.1.tgz. Extracting by manifest.
7954 silly tarball no local data for jest-resolve@https://registry.npmjs.org/jest-resolve/-/jest-resolve-27.5.1.tgz. Extracting by manifest.
7955 silly tarball no local data for jest-regex-util@https://registry.npmjs.org/jest-regex-util/-/jest-regex-util-27.5.1.tgz. Extracting by manifest.
7956 silly tarball no local data for jest-message-util@https://registry.npmjs.org/jest-message-util/-/jest-message-util-27.5.1.tgz. Extracting by manifest.
7957 silly tarball no local data for jest-haste-map@https://registry.npmjs.org/jest-haste-map/-/jest-haste-map-27.5.1.tgz. Extracting by manifest.
7958 silly tarball no local data for jest-config@https://registry.npmjs.org/jest-config/-/jest-config-27.5.1.tgz. Extracting by manifest.
7959 silly tarball no local data for exit@https://registry.npmjs.org/exit/-/exit-0.1.2.tgz. Extracting by manifest.
7960 silly tarball no local data for ansi-escapes@https://registry.npmjs.org/ansi-escapes/-/ansi-escapes-4.3.2.tgz. Extracting by manifest.
7961 silly tarball no local data for jest-changed-files@https://registry.npmjs.org/jest-changed-files/-/jest-changed-files-27.5.1.tgz. Extracting by manifest.
7962 silly tarball no local data for @jest/types@https://registry.npmjs.org/@jest/types/-/types-27.5.1.tgz. Extracting by manifest.
7963 silly tarball no local data for type-fest@https://registry.npmjs.org/type-fest/-/type-fest-0.21.3.tgz. Extracting by manifest.
7964 silly tarball no local data for @jest/transform@https://registry.npmjs.org/@jest/transform/-/transform-27.5.1.tgz. Extracting by manifest.
7965 silly tarball no local data for @jest/test-result@https://registry.npmjs.org/@jest/test-result/-/test-result-27.5.1.tgz. Extracting by manifest.
7966 silly tarball no local data for @jest/reporters@https://registry.npmjs.org/@jest/reporters/-/reporters-27.5.1.tgz. Extracting by manifest.
7967 silly tarball no local data for emittery@https://registry.npmjs.org/emittery/-/emittery-0.8.1.tgz. Extracting by manifest.
7968 silly tarball no local data for @jest/console@https://registry.npmjs.org/@jest/console/-/console-27.5.1.tgz. Extracting by manifest.
7969 silly tarball no local data for jest-cli@https://registry.npmjs.org/jest-cli/-/jest-cli-27.5.1.tgz. Extracting by manifest.
7970 silly tarball no local data for import-local@https://registry.npmjs.org/import-local/-/import-local-3.2.0.tgz. Extracting by manifest.
7971 silly tarball no local data for @jest/core@https://registry.npmjs.org/@jest/core/-/core-27.5.1.tgz. Extracting by manifest.
7972 silly tarball no local data for text-extensions@https://registry.npmjs.org/text-extensions/-/text-extensions-1.9.0.tgz. Extracting by manifest.
7973 silly tarball no local data for is-extglob@https://registry.npmjs.org/is-extglob/-/is-extglob-2.1.1.tgz. Extracting by manifest.
7974 silly tarball no local data for resolve-from@https://registry.npmjs.org/resolve-from/-/resolve-from-4.0.0.tgz. Extracting by manifest.
7975 silly tarball no local data for parent-module@https://registry.npmjs.org/parent-module/-/parent-module-1.0.1.tgz. Extracting by manifest.
7976 silly tarball no local data for agent-base@https://registry.npmjs.org/agent-base/-/agent-base-6.0.2.tgz. Extracting by manifest.
7977 silly tarball no local data for uglify-js@https://registry.npmjs.org/uglify-js/-/uglify-js-3.19.3.tgz. Extracting by manifest.
7978 silly tarball no local data for source-map@https://registry.npmjs.org/source-map/-/source-map-0.6.1.tgz. Extracting by manifest.
7979 silly tarball no local data for neo-async@https://registry.npmjs.org/neo-async/-/neo-async-2.6.2.tgz. Extracting by manifest.
7980 silly tarball no local data for wordwrap@https://registry.npmjs.org/wordwrap/-/wordwrap-1.0.0.tgz. Extracting by manifest.
7981 silly tarball no local data for type-fest@https://registry.npmjs.org/type-fest/-/type-fest-0.20.2.tgz. Extracting by manifest.
7982 silly tarball no local data for pify@https://registry.npmjs.org/pify/-/pify-2.3.0.tgz. Extracting by manifest.
7983 silly tarball no local data for gitconfiglocal@https://registry.npmjs.org/gitconfiglocal/-/gitconfiglocal-1.0.0.tgz. Extracting by manifest.
7984 silly tarball no local data for dargs@https://registry.npmjs.org/dargs/-/dargs-7.0.0.tgz. Extracting by manifest.
7985 silly tarball no local data for yargs@https://registry.npmjs.org/yargs/-/yargs-16.2.2.tgz. Extracting by manifest.
7986 silly tarball no local data for hosted-git-info@https://registry.npmjs.org/hosted-git-info/-/hosted-git-info-4.1.0.tgz. Extracting by manifest.
7987 silly tarball no local data for lru-cache@https://registry.npmjs.org/lru-cache/-/lru-cache-6.0.0.tgz. Extracting by manifest.
7988 silly tarball no local data for yallist@https://registry.npmjs.org/yallist/-/yallist-4.0.0.tgz. Extracting by manifest.
7989 silly tarball no local data for @hutson/parse-repository-url@https://registry.npmjs.org/@hutson/parse-repository-url/-/parse-repository-url-3.0.2.tgz. Extracting by manifest.
7990 silly tarball no local data for rimraf@https://registry.npmjs.org/rimraf/-/rimraf-3.0.2.tgz. Extracting by manifest.
7991 silly tarball no local data for flatted@https://registry.npmjs.org/flatted/-/flatted-3.4.4.tgz. Extracting by manifest.
7992 silly tarball no local data for path-exists@https://registry.npmjs.org/path-exists/-/path-exists-4.0.0.tgz. Extracting by manifest.
7993 silly tarball no local data for locate-path@https://registry.npmjs.org/locate-path/-/locate-path-6.0.0.tgz. Extracting by manifest.
7994 silly tarball no local data for reusify@https://registry.npmjs.org/reusify/-/reusify-1.1.0.tgz. Extracting by manifest.
7995 silly tarball no local data for flat-cache@https://registry.npmjs.org/flat-cache/-/flat-cache-3.2.0.tgz. Extracting by manifest.
7996 silly tarball no local data for keyv@https://registry.npmjs.org/keyv/-/keyv-4.5.4.tgz. Extracting by manifest.
7997 silly tarball no local data for acorn-jsx@https://registry.npmjs.org/acorn-jsx/-/acorn-jsx-5.3.2.tgz. Extracting by manifest.
7998 silly tarball no local data for acorn@https://registry.npmjs.org/acorn/-/acorn-8.18.0.tgz. Extracting by manifest.
7999 silly tarball no local data for estraverse@https://registry.npmjs.org/estraverse/-/estraverse-5.3.0.tgz. Extracting by manifest.
8000 silly tarball no local data for esrecurse@https://registry.npmjs.org/esrecurse/-/esrecurse-4.3.0.tgz. Extracting by manifest.
8001 silly tarball no local data for which@https://registry.npmjs.org/which/-/which-2.0.2.tgz. Extracting by manifest.
8002 silly tarball no local data for path-key@https://registry.npmjs.org/path-key/-/path-key-3.1.1.tgz. Extracting by manifest.
8003 silly tarball no local data for shebang-command@https://registry.npmjs.org/shebang-command/-/shebang-command-2.0.0.tgz. Extracting by manifest.
8004 silly tarball no local data for supports-color@https://registry.npmjs.org/supports-color/-/supports-color-7.2.0.tgz. Extracting by manifest.
8005 silly tarball no local data for run-parallel@https://registry.npmjs.org/run-parallel/-/run-parallel-1.2.0.tgz. Extracting by manifest.
8006 silly tarball no local data for fast-json-stable-stringify@https://registry.npmjs.org/fast-json-stable-stringify/-/fast-json-stable-stringify-2.1.0.tgz. Extracting by manifest.
8007 silly tarball no local data for uri-js@https://registry.npmjs.org/uri-js/-/uri-js-4.4.1.tgz. Extracting by manifest.
8008 silly tarball no local data for json-schema-traverse@https://registry.npmjs.org/json-schema-traverse/-/json-schema-traverse-0.4.1.tgz. Extracting by manifest.
8009 silly tarball no local data for fastq@https://registry.npmjs.org/fastq/-/fastq-1.20.3.tgz. Extracting by manifest.
8010 silly tarball no local data for @nodelib/fs.stat@https://registry.npmjs.org/@nodelib/fs.stat/-/fs.stat-2.0.5.tgz. Extracting by manifest.
8011 silly tarball no local data for @nodelib/fs.scandir@https://registry.npmjs.org/@nodelib/fs.scandir/-/fs.scandir-2.1.5.tgz. Extracting by manifest.
8012 silly tarball no local data for @humanwhocodes/object-schema@https://registry.npmjs.org/@humanwhocodes/object-schema/-/object-schema-2.0.3.tgz. Extracting by manifest.
8013 silly tarball no local data for import-fresh@https://registry.npmjs.org/import-fresh/-/import-fresh-3.3.1.tgz. Extracting by manifest.
8014 silly tarball no local data for text-table@https://registry.npmjs.org/text-table/-/text-table-0.2.0.tgz. Extracting by manifest.
8015 silly tarball no local data for strip-json-comments@https://registry.npmjs.org/strip-json-comments/-/strip-json-comments-3.1.1.tgz. Extracting by manifest.
8016 silly tarball no local data for optionator@https://registry.npmjs.org/optionator/-/optionator-0.9.4.tgz. Extracting by manifest.
8017 silly tarball no local data for natural-compare@https://registry.npmjs.org/natural-compare/-/natural-compare-1.4.0.tgz. Extracting by manifest.
8018 silly tarball no local data for minimatch@https://registry.npmjs.org/minimatch/-/minimatch-3.1.5.tgz. Extracting by manifest.
8019 silly tarball no local data for lodash.merge@https://registry.npmjs.org/lodash.merge/-/lodash.merge-4.6.2.tgz. Extracting by manifest.
8020 silly tarball no local data for levn@https://registry.npmjs.org/levn/-/levn-0.4.1.tgz. Extracting by manifest.
8021 silly tarball no local data for json-stable-stringify-without-jsonify@https://registry.npmjs.org/json-stable-stringify-without-jsonify/-/json-stable-stringify-without-jsonify-1.0.1.tgz. Extracting by manifest.
8022 silly tarball no local data for js-yaml@https://registry.npmjs.org/js-yaml/-/js-yaml-4.3.2.tgz. Extracting by manifest.
8023 silly tarball no local data for is-path-inside@https://registry.npmjs.org/is-path-inside/-/is-path-inside-3.0.3.tgz. Extracting by manifest.
8024 silly tarball no local data for is-glob@https://registry.npmjs.org/is-glob/-/is-glob-4.0.3.tgz. Extracting by manifest.
8025 silly tarball no local data for imurmurhash@https://registry.npmjs.org/imurmurhash/-/imurmurhash-0.1.4.tgz. Extracting by manifest.
8026 silly tarball no local data for ignore@https://registry.npmjs.org/ignore/-/ignore-5.3.2.tgz. Extracting by manifest.
8027 silly tarball no local data for graphemer@https://registry.npmjs.org/graphemer/-/graphemer-1.4.0.tgz. Extracting by manifest.
8028 silly tarball no local data for globals@https://registry.npmjs.org/globals/-/globals-13.24.0.tgz. Extracting by manifest.
8029 silly tarball no local data for find-up@https://registry.npmjs.org/find-up/-/find-up-5.0.0.tgz. Extracting by manifest.
8030 silly tarball no local data for glob-parent@https://registry.npmjs.org/glob-parent/-/glob-parent-6.0.2.tgz. Extracting by manifest.
8031 silly tarball no local data for file-entry-cache@https://registry.npmjs.org/file-entry-cache/-/file-entry-cache-6.0.1.tgz. Extracting by manifest.
8032 silly tarball no local data for fast-deep-equal@https://registry.npmjs.org/fast-deep-equal/-/fast-deep-equal-3.1.3.tgz. Extracting by manifest.
8033 silly tarball no local data for esutils@https://registry.npmjs.org/esutils/-/esutils-2.0.3.tgz. Extracting by manifest.
8034 silly tarball no local data for esquery@https://registry.npmjs.org/esquery/-/esquery-1.7.0.tgz. Extracting by manifest.
8035 silly tarball no local data for espree@https://registry.npmjs.org/espree/-/espree-9.6.1.tgz. Extracting by manifest.
8036 silly tarball no local data for eslint-visitor-keys@https://registry.npmjs.org/eslint-visitor-keys/-/eslint-visitor-keys-3.4.3.tgz. Extracting by manifest.
8037 silly tarball no local data for eslint-scope@https://registry.npmjs.org/eslint-scope/-/eslint-scope-7.2.2.tgz. Extracting by manifest.
8038 silly tarball no local data for escape-string-regexp@https://registry.npmjs.org/escape-string-regexp/-/escape-string-regexp-4.0.0.tgz. Extracting by manifest.
8039 silly tarball no local data for doctrine@https://registry.npmjs.org/doctrine/-/doctrine-3.0.0.tgz. Extracting by manifest.
8040 silly tarball no local data for cross-spawn@https://registry.npmjs.org/cross-spawn/-/cross-spawn-7.0.6.tgz. Extracting by manifest.
8041 silly tarball no local data for chalk@https://registry.npmjs.org/chalk/-/chalk-4.1.2.tgz. Extracting by manifest.
8042 silly tarball no local data for ajv@https://registry.npmjs.org/ajv/-/ajv-6.15.0.tgz. Extracting by manifest.
8043 silly tarball no local data for @ungap/structured-clone@https://registry.npmjs.org/@ungap/structured-clone/-/structured-clone-1.4.0.tgz. Extracting by manifest.
8044 silly tarball no local data for @nodelib/fs.walk@https://registry.npmjs.org/@nodelib/fs.walk/-/fs.walk-1.2.8.tgz. Extracting by manifest.
8045 silly tarball no local data for @humanwhocodes/module-importer@https://registry.npmjs.org/@humanwhocodes/module-importer/-/module-importer-1.0.1.tgz. Extracting by manifest.
8046 silly tarball no local data for @eslint/js@https://registry.npmjs.org/@eslint/js/-/js-8.57.1.tgz. Extracting by manifest.
8047 silly tarball no local data for @eslint/eslintrc@https://registry.npmjs.org/@eslint/eslintrc/-/eslintrc-2.1.4.tgz. Extracting by manifest.
8048 silly tarball no local data for @eslint-community/regexpp@https://registry.npmjs.org/@eslint-community/regexpp/-/regexpp-4.12.2.tgz. Extracting by manifest.
8049 silly tarball no local data for @eslint-community/eslint-utils@https://registry.npmjs.org/@eslint-community/eslint-utils/-/eslint-utils-4.10.1.tgz. Extracting by manifest.
8050 silly tarball no local data for @humanwhocodes/config-array@https://registry.npmjs.org/@humanwhocodes/config-array/-/config-array-0.13.0.tgz. Extracting by manifest.
8051 silly tarball no local data for is-obj@https://registry.npmjs.org/is-obj/-/is-obj-2.0.0.tgz. Extracting by manifest.
8052 silly tarball no local data for split2@https://registry.npmjs.org/split2/-/split2-3.2.2.tgz. Extracting by manifest.
8053 silly tarball no local data for JSONStream@https://registry.npmjs.org/JSONStream/-/JSONStream-1.3.5.tgz. Extracting by manifest.
8054 silly tarball no local data for is-text-path@https://registry.npmjs.org/is-text-path/-/is-text-path-1.0.1.tgz. Extracting by manifest.
8055 silly tarball no local data for modify-values@https://registry.npmjs.org/modify-values/-/modify-values-1.0.1.tgz. Extracting by manifest.
8056 silly tarball no local data for semver@https://registry.npmjs.org/semver/-/semver-6.3.1.tgz. Extracting by manifest.
8057 silly tarball no local data for lodash.ismatch@https://registry.npmjs.org/lodash.ismatch/-/lodash.ismatch-4.4.0.tgz. Extracting by manifest.
8058 silly tarball no local data for split@https://registry.npmjs.org/split/-/split-1.0.1.tgz. Extracting by manifest.
8059 silly tarball no local data for json-stringify-safe@https://registry.npmjs.org/json-stringify-safe/-/json-stringify-safe-5.0.1.tgz. Extracting by manifest.
8060 silly tarball no local data for handlebars@https://registry.npmjs.org/handlebars/-/handlebars-4.7.9.tgz. Extracting by manifest.
8061 silly tarball no local data for conventional-commits-filter@https://registry.npmjs.org/conventional-commits-filter/-/conventional-commits-filter-2.0.7.tgz. Extracting by manifest.
8062 silly tarball no local data for through2@https://registry.npmjs.org/through2/-/through2-4.0.2.tgz. Extracting by manifest.
8063 silly tarball no local data for read-pkg-up@https://registry.npmjs.org/read-pkg-up/-/read-pkg-up-3.0.0.tgz. Extracting by manifest.
8064 silly tarball no local data for p-try@https://registry.npmjs.org/p-try/-/p-try-1.0.0.tgz. Extracting by manifest.
8065 silly tarball no local data for p-limit@https://registry.npmjs.org/p-limit/-/p-limit-1.3.0.tgz. Extracting by manifest.
8066 silly tarball no local data for path-exists@https://registry.npmjs.org/path-exists/-/path-exists-3.0.0.tgz. Extracting by manifest.
8067 silly tarball no local data for p-locate@https://registry.npmjs.org/p-locate/-/p-locate-2.0.0.tgz. Extracting by manifest.
8068 silly tarball no local data for locate-path@https://registry.npmjs.org/locate-path/-/locate-path-2.0.0.tgz. Extracting by manifest.
8069 silly tarball no local data for find-up@https://registry.npmjs.org/find-up/-/find-up-2.1.0.tgz. Extracting by manifest.
8070 silly tarball no local data for read-pkg@https://registry.npmjs.org/read-pkg/-/read-pkg-3.0.0.tgz. Extracting by manifest.
8071 silly tarball no local data for semver@https://registry.npmjs.org/semver/-/semver-5.7.2.tgz. Extracting by manifest.
8072 silly tarball no local data for hosted-git-info@https://registry.npmjs.org/hosted-git-info/-/hosted-git-info-2.8.9.tgz. Extracting by manifest.
8073 silly tarball no local data for normalize-package-data@https://registry.npmjs.org/normalize-package-data/-/normalize-package-data-3.0.3.tgz. Extracting by manifest.
8074 silly tarball no local data for normalize-package-data@https://registry.npmjs.org/normalize-package-data/-/normalize-package-data-2.5.0.tgz. Extracting by manifest.
8075 silly tarball no local data for semver@https://registry.npmjs.org/semver/-/semver-7.8.5.tgz. Extracting by manifest.
8076 silly tarball no local data for git-semver-tags@https://registry.npmjs.org/git-semver-tags/-/git-semver-tags-4.1.1.tgz. Extracting by manifest.
8077 silly tarball no local data for git-remote-origin-url@https://registry.npmjs.org/git-remote-origin-url/-/git-remote-origin-url-2.0.0.tgz. Extracting by manifest.
8078 silly tarball no local data for git-raw-commits@https://registry.npmjs.org/git-raw-commits/-/git-raw-commits-2.0.11.tgz. Extracting by manifest.
8079 silly tarball no local data for get-pkg-repo@https://registry.npmjs.org/get-pkg-repo/-/get-pkg-repo-4.2.1.tgz. Extracting by manifest.
8080 silly tarball no local data for string_decoder@https://registry.npmjs.org/string_decoder/-/string_decoder-1.1.1.tgz. Extracting by manifest.
8081 silly tarball no local data for safe-buffer@https://registry.npmjs.org/safe-buffer/-/safe-buffer-5.1.2.tgz. Extracting by manifest.
8082 silly tarball no local data for readable-stream@https://registry.npmjs.org/readable-stream/-/readable-stream-2.3.8.tgz. Extracting by manifest.
8083 silly tarball no local data for dateformat@https://registry.npmjs.org/dateformat/-/dateformat-3.0.3.tgz. Extracting by manifest.
8084 silly tarball no local data for isarray@https://registry.npmjs.org/isarray/-/isarray-1.0.0.tgz. Extracting by manifest.
8085 silly tarball no local data for through2@https://registry.npmjs.org/through2/-/through2-2.0.5.tgz. Extracting by manifest.
8086 silly tarball no local data for conventional-commits-parser@https://registry.npmjs.org/conventional-commits-parser/-/conventional-commits-parser-3.2.4.tgz. Extracting by manifest.
8087 silly tarball no local data for conventional-changelog-writer@https://registry.npmjs.org/conventional-changelog-writer/-/conventional-changelog-writer-5.0.1.tgz. Extracting by manifest.
8088 silly tarball no local data for dot-prop@https://registry.npmjs.org/dot-prop/-/dot-prop-5.3.0.tgz. Extracting by manifest.
8089 silly tarball no local data for array-ify@https://registry.npmjs.org/array-ify/-/array-ify-1.0.0.tgz. Extracting by manifest.
8090 silly tarball no local data for q@https://registry.npmjs.org/q/-/q-1.5.1.tgz. Extracting by manifest.
8091 silly tarball no local data for compare-func@https://registry.npmjs.org/compare-func/-/compare-func-2.0.0.tgz. Extracting by manifest.
8092 silly tarball no local data for conventional-changelog-preset-loader@https://registry.npmjs.org/conventional-changelog-preset-loader/-/conventional-changelog-preset-loader-2.3.4.tgz. Extracting by manifest.
8093 silly tarball no local data for conventional-changelog-jquery@https://registry.npmjs.org/conventional-changelog-jquery/-/conventional-changelog-jquery-3.0.11.tgz. Extracting by manifest.
8094 silly tarball no local data for conventional-changelog-jshint@https://registry.npmjs.org/conventional-changelog-jshint/-/conventional-changelog-jshint-2.0.9.tgz. Extracting by manifest.
8095 silly tarball no local data for conventional-changelog-express@https://registry.npmjs.org/conventional-changelog-express/-/conventional-changelog-express-2.0.6.tgz. Extracting by manifest.
8096 silly tarball no local data for conventional-changelog-eslint@https://registry.npmjs.org/conventional-changelog-eslint/-/conventional-changelog-eslint-3.0.9.tgz. Extracting by manifest.
8097 silly tarball no local data for conventional-changelog-ember@https://registry.npmjs.org/conventional-changelog-ember/-/conventional-changelog-ember-2.0.9.tgz. Extracting by manifest.
8098 silly tarball no local data for conventional-changelog-core@https://registry.npmjs.org/conventional-changelog-core/-/conventional-changelog-core-4.2.4.tgz. Extracting by manifest.
8099 silly tarball no local data for conventional-changelog-conventionalcommits@https://registry.npmjs.org/conventional-changelog-conventionalcommits/-/conventional-changelog-conventionalcommits-4.6.3.tgz. Extracting by manifest.
8100 silly tarball no local data for conventional-changelog-codemirror@https://registry.npmjs.org/conventional-changelog-codemirror/-/conventional-changelog-codemirror-2.0.8.tgz. Extracting by manifest.
8101 silly tarball no local data for conventional-changelog-angular@https://registry.npmjs.org/conventional-changelog-angular/-/conventional-changelog-angular-5.0.13.tgz. Extracting by manifest.
8102 silly tarball no local data for tempfile@https://registry.npmjs.org/tempfile/-/tempfile-3.0.0.tgz. Extracting by manifest.
8103 silly tarball no local data for hosted-git-info@https://registry.npmjs.org/hosted-git-info/-/hosted-git-info-2.8.9.tgz. Extracting by manifest.
8104 silly tarball no local data for conventional-changelog-atom@https://registry.npmjs.org/conventional-changelog-atom/-/conventional-changelog-atom-2.0.8.tgz. Extracting by manifest.
8105 silly tarball no local data for uuid@https://registry.npmjs.org/uuid/-/uuid-3.4.0.tgz. Extracting by manifest.
8106 silly tarball no local data for meow@https://registry.npmjs.org/meow/-/meow-8.1.2.tgz. Extracting by manifest.
8107 silly tarball no local data for p-limit@https://registry.npmjs.org/p-limit/-/p-limit-2.3.0.tgz. Extracting by manifest.
8108 silly tarball no local data for p-locate@https://registry.npmjs.org/p-locate/-/p-locate-4.1.0.tgz. Extracting by manifest.
8109 silly tarball no local data for semver@https://registry.npmjs.org/semver/-/semver-5.7.2.tgz. Extracting by manifest.
8110 silly tarball no local data for locate-path@https://registry.npmjs.org/locate-path/-/locate-path-5.0.0.tgz. Extracting by manifest.
8111 silly tarball no local data for read-pkg@https://registry.npmjs.org/read-pkg/-/read-pkg-5.2.0.tgz. Extracting by manifest.
8112 silly tarball no local data for find-up@https://registry.npmjs.org/find-up/-/find-up-4.1.0.tgz. Extracting by manifest.
8113 silly tarball no local data for normalize-package-data@https://registry.npmjs.org/normalize-package-data/-/normalize-package-data-2.5.0.tgz. Extracting by manifest.
8114 silly tarball no local data for type-fest@https://registry.npmjs.org/type-fest/-/type-fest-0.6.0.tgz. Extracting by manifest.
8115 silly tarball no local data for read-pkg-up@https://registry.npmjs.org/read-pkg-up/-/read-pkg-up-7.0.1.tgz. Extracting by manifest.
8116 silly tarball no local data for type-fest@https://registry.npmjs.org/type-fest/-/type-fest-0.18.1.tgz. Extracting by manifest.
8117 silly tarball no local data for type-fest@https://registry.npmjs.org/type-fest/-/type-fest-0.8.1.tgz. Extracting by manifest.
8118 silly tarball no local data for conventional-changelog@https://registry.npmjs.org/conventional-changelog/-/conventional-changelog-3.1.25.tgz. Extracting by manifest.
8119 silly tarball no local data for add-stream@https://registry.npmjs.org/add-stream/-/add-stream-1.0.0.tgz. Extracting by manifest.
8120 silly tarball no local data for css-select@https://registry.npmjs.org/css-select/-/css-select-5.2.2.tgz. Extracting by manifest.
8121 silly tarball no local data for undici@https://registry.npmjs.org/undici/-/undici-7.30.0.tgz. Extracting by manifest.
8122 silly tarball no local data for parse5@https://registry.npmjs.org/parse5/-/parse5-7.3.0.tgz. Extracting by manifest.
8123 silly tarball no local data for htmlparser2@https://registry.npmjs.org/htmlparser2/-/htmlparser2-10.1.0.tgz. Extracting by manifest.
8124 silly tarball no local data for entities@https://registry.npmjs.org/entities/-/entities-6.0.1.tgz. Extracting by manifest.
8125 silly tarball no local data for entities@https://registry.npmjs.org/entities/-/entities-7.0.1.tgz. Extracting by manifest.
8126 silly tarball no local data for encoding-sniffer@https://registry.npmjs.org/encoding-sniffer/-/encoding-sniffer-0.2.1.tgz. Extracting by manifest.
8127 silly tarball no local data for hashery@https://registry.npmjs.org/hashery/-/hashery-1.5.1.tgz. Extracting by manifest.
8128 silly tarball no local data for css-what@https://registry.npmjs.org/css-what/-/css-what-6.2.2.tgz. Extracting by manifest.
8129 silly tarball no local data for qified@https://registry.npmjs.org/qified/-/qified-0.10.1.tgz. Extracting by manifest.
8130 silly tarball no local data for hookified@https://registry.npmjs.org/hookified/-/hookified-2.2.0.tgz. Extracting by manifest.
8131 silly tarball no local data for @cacheable/utils@https://registry.npmjs.org/@cacheable/utils/-/utils-2.5.0.tgz. Extracting by manifest.
8132 silly tarball no local data for @cacheable/memory@https://registry.npmjs.org/@cacheable/memory/-/memory-2.2.0.tgz. Extracting by manifest.
8133 silly tarball no local data for promise-coalesce@https://registry.npmjs.org/promise-coalesce/-/promise-coalesce-1.5.0.tgz. Extracting by manifest.
8134 silly tarball no local data for lru-cache@https://registry.npmjs.org/lru-cache/-/lru-cache-10.4.3.tgz. Extracting by manifest.
8135 silly tarball no local data for eventemitter3@https://registry.npmjs.org/eventemitter3/-/eventemitter3-5.0.4.tgz. Extracting by manifest.
8136 silly tarball no local data for proxy-from-env@https://registry.npmjs.org/proxy-from-env/-/proxy-from-env-2.1.0.tgz. Extracting by manifest.
8137 silly tarball no local data for https-proxy-agent@https://registry.npmjs.org/https-proxy-agent/-/https-proxy-agent-5.0.1.tgz. Extracting by manifest.
8138 silly tarball no local data for follow-redirects@https://registry.npmjs.org/follow-redirects/-/follow-redirects-1.16.0.tgz. Extracting by manifest.
8139 silly tarball no local data for pretty-format@https://registry.npmjs.org/pretty-format/-/pretty-format-27.5.1.tgz. Extracting by manifest.
8140 silly tarball no local data for ansi-styles@https://registry.npmjs.org/ansi-styles/-/ansi-styles-5.2.0.tgz. Extracting by manifest.
8141 silly tarball no local data for jest-matcher-utils@https://registry.npmjs.org/jest-matcher-utils/-/jest-matcher-utils-27.5.1.tgz. Extracting by manifest.
8142 silly tarball no local data for @types/tough-cookie@https://registry.npmjs.org/@types/tough-cookie/-/tough-cookie-4.0.5.tgz. Extracting by manifest.
8143 silly tarball no local data for form-data@https://registry.npmjs.org/form-data/-/form-data-2.5.6.tgz. Extracting by manifest.
8144 silly tarball no local data for cacheable@https://registry.npmjs.org/cacheable/-/cacheable-2.5.0.tgz. Extracting by manifest.
8145 silly tarball no local data for hookified@https://registry.npmjs.org/hookified/-/hookified-1.15.1.tgz. Extracting by manifest.
8146 silly tarball no local data for eslint-plugin-simple-import-sort@https://registry.npmjs.org/eslint-plugin-simple-import-sort/-/eslint-plugin-simple-import-sort-14.0.0.tgz. Extracting by manifest.
8147 silly tarball no local data for ws@https://registry.npmjs.org/ws/-/ws-8.22.0.tgz. Extracting by manifest.
8148 silly tarball no local data for typedoc@https://registry.npmjs.org/typedoc/-/typedoc-0.27.9.tgz. Extracting by manifest.
8149 silly tarball no local data for typescript@https://registry.npmjs.org/typescript/-/typescript-5.9.3.tgz. Extracting by manifest.
8150 silly tarball no local data for brace-expansion@https://registry.npmjs.org/brace-expansion/-/brace-expansion-2.1.7.tgz. Extracting by manifest.
8151 silly tarball no local data for minimatch@https://registry.npmjs.org/minimatch/-/minimatch-9.0.9.tgz. Extracting by manifest.
8152 silly tarball no local data for ts-node@https://registry.npmjs.org/ts-node/-/ts-node-10.9.2.tgz. Extracting by manifest.
8153 silly tarball no local data for ts-jest@https://registry.npmjs.org/ts-jest/-/ts-jest-27.1.5.tgz. Extracting by manifest.
8154 silly tarball no local data for acorn-walk@https://registry.npmjs.org/acorn-walk/-/acorn-walk-8.3.5.tgz. Extracting by manifest.
8155 silly tarball no local data for sharp@https://registry.npmjs.org/sharp/-/sharp-0.34.5.tgz. Extracting by manifest.
8156 silly tarball no local data for semver@https://registry.npmjs.org/semver/-/semver-7.8.5.tgz. Extracting by manifest.
8157 silly tarball no local data for release-it@https://registry.npmjs.org/release-it/-/release-it-15.11.0.tgz. Extracting by manifest.
8158 silly tarball no local data for semver@https://registry.npmjs.org/semver/-/semver-7.8.5.tgz. Extracting by manifest.
8159 silly tarball no local data for yallist@https://registry.npmjs.org/yallist/-/yallist-4.0.0.tgz. Extracting by manifest.
8160 silly tarball no local data for lru-cache@https://registry.npmjs.org/lru-cache/-/lru-cache-6.0.0.tgz. Extracting by manifest.
8161 silly tarball no local data for mimic-fn@https://registry.npmjs.org/mimic-fn/-/mimic-fn-4.0.0.tgz. Extracting by manifest.
8162 silly tarball no local data for define-lazy-prop@https://registry.npmjs.org/define-lazy-prop/-/define-lazy-prop-3.0.0.tgz. Extracting by manifest.
8163 silly tarball no local data for strip-final-newline@https://registry.npmjs.org/strip-final-newline/-/strip-final-newline-3.0.0.tgz. Extracting by manifest.
8164 silly tarball no local data for path-key@https://registry.npmjs.org/path-key/-/path-key-4.0.0.tgz. Extracting by manifest.
8165 silly tarball no local data for onetime@https://registry.npmjs.org/onetime/-/onetime-6.0.0.tgz. Extracting by manifest.
8166 silly tarball no local data for npm-run-path@https://registry.npmjs.org/npm-run-path/-/npm-run-path-5.3.0.tgz. Extracting by manifest.
8167 silly tarball no local data for is-stream@https://registry.npmjs.org/is-stream/-/is-stream-3.0.0.tgz. Extracting by manifest.
8168 silly tarball no local data for human-signals@https://registry.npmjs.org/human-signals/-/human-signals-4.3.1.tgz. Extracting by manifest.
8169 silly tarball no local data for open@https://registry.npmjs.org/open/-/open-9.1.0.tgz. Extracting by manifest.
8170 silly tarball no local data for semver@https://registry.npmjs.org/semver/-/semver-7.5.1.tgz. Extracting by manifest.
8171 silly tarball no local data for lodash@https://registry.npmjs.org/lodash/-/lodash-4.17.21.tgz. Extracting by manifest.
8172 silly tarball no local data for execa@https://registry.npmjs.org/execa/-/execa-7.1.1.tgz. Extracting by manifest.
8173 silly tarball no local data for chalk@https://registry.npmjs.org/chalk/-/chalk-5.2.0.tgz. Extracting by manifest.
8174 silly tarball no local data for qrcode-terminal@https://registry.npmjs.org/qrcode-terminal/-/qrcode-terminal-0.12.0.tgz. Extracting by manifest.
8175 silly tarball no local data for protobufjs@https://registry.npmjs.org/protobufjs/-/protobufjs-6.11.6.tgz. Extracting by manifest.
8176 silly tarball no local data for pino@https://registry.npmjs.org/pino/-/pino-9.14.0.tgz. Extracting by manifest.
8177 silly tarball no local data for open@https://registry.npmjs.org/open/-/open-8.4.2.tgz. Extracting by manifest.
8178 silly tarball no local data for lodash@https://registry.npmjs.org/lodash/-/lodash-4.18.1.tgz. Extracting by manifest.
8179 silly tarball no local data for link-preview-js@https://registry.npmjs.org/link-preview-js/-/link-preview-js-3.2.0.tgz. Extracting by manifest.
8180 silly tarball no local data for htmlparser2@https://registry.npmjs.org/htmlparser2/-/htmlparser2-8.0.2.tgz. Extracting by manifest.
8181 silly tarball no local data for cheerio@https://registry.npmjs.org/cheerio/-/cheerio-1.0.0-rc.11.tgz. Extracting by manifest.
8182 silly tarball no local data for libphonenumber-js@https://registry.npmjs.org/libphonenumber-js/-/libphonenumber-js-1.13.14.tgz. Extracting by manifest.
8183 silly tarball no local data for json@https://registry.npmjs.org/json/-/json-11.0.0.tgz. Extracting by manifest.
8184 silly tarball no local data for jimp@https://registry.npmjs.org/jimp/-/jimp-0.16.13.tgz. Extracting by manifest.
8185 silly tarball no local data for conventional-changelog-cli@https://registry.npmjs.org/conventional-changelog-cli/-/conventional-changelog-cli-2.2.2.tgz. Extracting by manifest.
8186 silly tarball no local data for cheerio@https://registry.npmjs.org/cheerio/-/cheerio-1.2.0.tgz. Extracting by manifest.
8187 silly tarball no local data for jest@https://registry.npmjs.org/jest/-/jest-27.5.1.tgz. Extracting by manifest.
8188 silly tarball no local data for eslint@https://registry.npmjs.org/eslint/-/eslint-8.57.1.tgz. Extracting by manifest.
8189 silly tarball no local data for cache-manager@https://registry.npmjs.org/cache-manager/-/cache-manager-5.7.6.tgz. Extracting by manifest.
8190 silly tarball no local data for axios@https://registry.npmjs.org/axios/-/axios-1.20.0.tgz. Extracting by manifest.
8191 silly tarball no local data for form-data@https://registry.npmjs.org/form-data/-/form-data-4.0.6.tgz. Extracting by manifest.
8192 silly tarball no local data for @types/ws@https://registry.npmjs.org/@types/ws/-/ws-8.18.1.tgz. Extracting by manifest.
8193 silly tarball no local data for @types/node@https://registry.npmjs.org/@types/node/-/node-16.18.126.tgz. Extracting by manifest.
8194 silly tarball no local data for @types/jest@https://registry.npmjs.org/@types/jest/-/jest-27.5.2.tgz. Extracting by manifest.
8195 silly tarball no local data for @types/sharp@https://registry.npmjs.org/@types/sharp/-/sharp-0.29.5.tgz. Extracting by manifest.
8196 silly tarball no local data for @types/got@https://registry.npmjs.org/@types/got/-/got-9.6.12.tgz. Extracting by manifest.
8197 silly tarball no local data for oxlint-tsgolint@https://registry.npmjs.org/oxlint-tsgolint/-/oxlint-tsgolint-7.0.2003.tgz. Extracting by manifest.
8198 silly tarball no local data for oxlint@https://registry.npmjs.org/oxlint/-/oxlint-1.86.0.tgz. Extracting by manifest.
8199 silly tarball no local data for balanced-match@https://registry.npmjs.org/balanced-match/-/balanced-match-4.0.4.tgz. Extracting by manifest.
8200 silly tarball no local data for brace-expansion@https://registry.npmjs.org/brace-expansion/-/brace-expansion-5.0.12.tgz. Extracting by manifest.
8201 silly tarball no local data for flat-cache@https://registry.npmjs.org/flat-cache/-/flat-cache-6.1.23.tgz. Extracting by manifest.
8202 silly tarball no local data for minimatch@https://registry.npmjs.org/minimatch/-/minimatch-10.2.6.tgz. Extracting by manifest.
8203 silly tarball no local data for file-entry-cache@https://registry.npmjs.org/file-entry-cache/-/file-entry-cache-11.1.5.tgz. Extracting by manifest.
8204 silly tarball no local data for eslint-scope@https://registry.npmjs.org/eslint-scope/-/eslint-scope-9.1.2.tgz. Extracting by manifest.
8205 silly tarball no local data for picomatch@https://registry.npmjs.org/picomatch/-/picomatch-4.0.7.tgz. Extracting by manifest.
8206 silly tarball no local data for espree@https://registry.npmjs.org/espree/-/espree-10.4.0.tgz. Extracting by manifest.
8207 silly tarball no local data for eslint-visitor-keys@https://registry.npmjs.org/eslint-visitor-keys/-/eslint-visitor-keys-4.2.1.tgz. Extracting by manifest.
8208 silly tarball no local data for eslint@https://registry.npmjs.org/eslint/-/eslint-10.11.0.tgz. Extracting by manifest.
8209 silly tarball no local data for espree@https://registry.npmjs.org/espree/-/espree-11.2.0.tgz. Extracting by manifest.
8210 silly tarball no local data for eslint-visitor-keys@https://registry.npmjs.org/eslint-visitor-keys/-/eslint-visitor-keys-5.0.1.tgz. Extracting by manifest.
8211 silly tarball no local data for @stylistic/eslint-plugin@https://registry.npmjs.org/@stylistic/eslint-plugin/-/eslint-plugin-5.10.0.tgz. Extracting by manifest.
8212 http fetch GET 200 https://registry.npmjs.org/untildify/-/untildify-4.0.0.tgz 16937ms (cache miss)
8213 http fetch GET 200 https://registry.npmjs.org/run-applescript/-/run-applescript-5.0.0.tgz 16933ms (cache miss)
8214 http fetch GET 200 https://registry.npmjs.org/default-browser-id/-/default-browser-id-3.0.0.tgz 16929ms (cache miss)
8215 http fetch GET 200 https://registry.npmjs.org/titleize/-/titleize-3.0.0.tgz 16936ms (cache miss)
8216 warn deprecated whatwg-encoding@3.1.1: Use @exodus/bytes instead for a more spec-conformant and faster implementation
8217 http fetch GET 200 https://registry.npmjs.org/is-stream/-/is-stream-3.0.0.tgz 17256ms (cache miss)
8218 http fetch GET 200 https://registry.npmjs.org/human-signals/-/human-signals-4.3.1.tgz 17258ms (cache miss)
8219 http fetch GET 200 https://registry.npmjs.org/@types/normalize-package-data/-/normalize-package-data-2.4.4.tgz 17258ms (cache miss)
8220 http fetch GET 200 https://registry.npmjs.org/json-parse-better-errors/-/json-parse-better-errors-1.0.2.tgz 17256ms (cache miss)
8221 http fetch GET 200 https://registry.npmjs.org/centra/-/centra-2.7.0.tgz 17585ms (cache miss)
8222 http fetch GET 200 https://registry.npmjs.org/core-util-is/-/core-util-is-1.0.3.tgz 18084ms (cache miss)
8223 http fetch GET 200 https://registry.npmjs.org/process-nextick-args/-/process-nextick-args-2.0.1.tgz 18093ms (cache miss)
8224 http fetch GET 200 https://registry.npmjs.org/sprintf-js/-/sprintf-js-1.0.3.tgz 18330ms (cache miss)
8225 http fetch GET 200 https://registry.npmjs.org/eastasianwidth/-/eastasianwidth-0.2.0.tgz 18335ms (cache miss)
8226 http fetch GET 200 https://registry.npmjs.org/@types/esrecurse/-/esrecurse-4.3.1.tgz 18333ms (cache miss)
8227 http fetch GET 200 https://registry.npmjs.org/json-buffer/-/json-buffer-3.0.1.tgz 18350ms (cache miss)
8228 http fetch GET 200 https://registry.npmjs.org/big-integer/-/big-integer-1.6.52.tgz 18671ms (cache miss)
8229 http fetch GET 200 https://registry.npmjs.org/p-try/-/p-try-2.2.0.tgz 18910ms (cache miss)
8230 http fetch GET 200 https://registry.npmjs.org/@humanfs/types/-/types-0.15.0.tgz 18904ms (cache miss)
8231 http fetch GET 200 https://registry.npmjs.org/yallist/-/yallist-3.1.1.tgz 18915ms (cache miss)
8232 http fetch GET 200 https://registry.npmjs.org/@humanfs/core/-/core-0.19.2.tgz 19203ms (cache miss)
8233 http fetch GET 200 https://registry.npmjs.org/@types/json-schema/-/json-schema-7.0.15.tgz 19488ms (cache miss)
8234 http fetch GET 200 https://registry.npmjs.org/@types/estree/-/estree-1.0.9.tgz 19485ms (cache miss)
8235 http fetch GET 200 https://registry.npmjs.org/@humanfs/node/-/node-0.16.8.tgz 19487ms (cache miss)
8236 http fetch GET 200 https://registry.npmjs.org/@humanwhocodes/retry/-/retry-0.4.3.tgz 19488ms (cache miss)
8237 http fetch GET 200 https://registry.npmjs.org/@eslint/config-helpers/-/config-helpers-0.7.0.tgz 19795ms (cache miss)
8238 http fetch GET 200 https://registry.npmjs.org/cliui/-/cliui-7.0.4.tgz 19978ms (cache miss)
8239 http fetch GET 200 https://registry.npmjs.org/balanced-match/-/balanced-match-4.0.4.tgz 20006ms (cache miss)
8240 http fetch GET 200 https://registry.npmjs.org/strip-final-newline/-/strip-final-newline-3.0.0.tgz 20658ms (cache miss)
8241 http fetch GET 200 https://registry.npmjs.org/npm-run-path/-/npm-run-path-5.3.0.tgz 20659ms (cache miss)
8242 http fetch GET 200 https://registry.npmjs.org/dom-walk/-/dom-walk-0.1.2.tgz 20552ms (cache miss)
8243 http fetch GET 200 https://registry.npmjs.org/sax/-/sax-1.6.1.tgz 20561ms (cache miss)
8244 http fetch GET 200 https://registry.npmjs.org/is-docker/-/is-docker-3.0.0.tgz 20694ms (cache miss)
8245 http fetch GET 200 https://registry.npmjs.org/is-weakset/-/is-weakset-2.0.4.tgz 20551ms (cache miss)
8246 http fetch GET 200 https://registry.npmjs.org/is-finalizationregistry/-/is-finalizationregistry-1.1.1.tgz 20310ms (cache miss)
8247 http fetch GET 200 https://registry.npmjs.org/typedarray-to-buffer/-/typedarray-to-buffer-3.1.5.tgz 20572ms (cache miss)
8248 http fetch GET 200 https://registry.npmjs.org/is-function/-/is-function-1.0.2.tgz 20582ms (cache miss)
8249 http fetch GET 200 https://registry.npmjs.org/is-typedarray/-/is-typedarray-1.0.0.tgz 20578ms (cache miss)
8250 http fetch GET 200 https://registry.npmjs.org/onetime/-/onetime-6.0.0.tgz 20945ms (cache miss)
8251 http fetch GET 200 https://registry.npmjs.org/mimic-fn/-/mimic-fn-4.0.0.tgz 20960ms (cache miss)
8252 http fetch GET 200 https://registry.npmjs.org/@eslint/core/-/core-1.2.1.tgz 20879ms (cache miss)
8253 http fetch GET 200 https://registry.npmjs.org/parse-headers/-/parse-headers-2.0.6.tgz 20841ms (cache miss)
8254 http fetch GET 200 https://registry.npmjs.org/global/-/global-4.4.0.tgz 20839ms (cache miss)
8255 http fetch GET 200 https://registry.npmjs.org/default-browser/-/default-browser-4.0.0.tgz 20984ms (cache miss)
8256 http fetch GET 200 https://registry.npmjs.org/is-inside-container/-/is-inside-container-1.0.0.tgz 20982ms (cache miss)
8257 http fetch GET 200 https://registry.npmjs.org/path-key/-/path-key-4.0.0.tgz 20978ms (cache miss)
8258 http fetch GET 200 https://registry.npmjs.org/bundle-name/-/bundle-name-3.0.0.tgz 21007ms (cache miss)
8259 http fetch GET 200 https://registry.npmjs.org/spdx-exceptions/-/spdx-exceptions-2.5.0.tgz 20517ms (cache miss)
8260 http fetch GET 200 https://registry.npmjs.org/clone/-/clone-1.0.4.tgz 20762ms (cache miss)
8261 http fetch GET 200 https://registry.npmjs.org/tmpl/-/tmpl-1.0.5.tgz 20740ms (cache miss)
8262 http fetch GET 200 https://registry.npmjs.org/requires-port/-/requires-port-1.0.0.tgz 20659ms (cache miss)
8263 http fetch GET 200 https://registry.npmjs.org/is-bigint/-/is-bigint-1.1.0.tgz 20783ms (cache miss)
8264 http fetch GET 200 https://registry.npmjs.org/spdx-license-ids/-/spdx-license-ids-3.0.24.tgz 20715ms (cache miss)
8265 http fetch GET 200 https://registry.npmjs.org/spdx-correct/-/spdx-correct-3.2.0.tgz 20695ms (cache miss)
8266 http fetch GET 200 https://registry.npmjs.org/defaults/-/defaults-1.0.4.tgz 20949ms (cache miss)
8267 http fetch GET 200 https://registry.npmjs.org/makeerror/-/makeerror-1.0.12.tgz 20928ms (cache miss)
8268 http fetch GET 200 https://registry.npmjs.org/browser-process-hrtime/-/browser-process-hrtime-1.0.0.tgz 20925ms (cache miss)
8269 http fetch GET 200 https://registry.npmjs.org/config-chain/-/config-chain-1.1.13.tgz 20778ms (cache miss)
8270 http fetch GET 200 https://registry.npmjs.org/spdx-expression-parse/-/spdx-expression-parse-3.0.1.tgz 20904ms (cache miss)
8271 http fetch GET 200 https://registry.npmjs.org/escape-goat/-/escape-goat-4.0.0.tgz 20706ms (cache miss)
8272 http fetch GET 200 https://registry.npmjs.org/ansi-regex/-/ansi-regex-6.4.0.tgz 20616ms (cache miss)
8273 http fetch GET 200 https://registry.npmjs.org/strip-ansi/-/strip-ansi-7.2.0.tgz 20613ms (cache miss)
8274 http fetch GET 200 https://registry.npmjs.org/@pnpm/npm-conf/-/npm-conf-3.0.3.tgz 20742ms (cache miss)
8275 http fetch GET 200 https://registry.npmjs.org/ini/-/ini-2.0.0.tgz 20650ms (cache miss)
8276 http fetch GET 200 https://codeload.github.com/nstar-y/libsignal/tar.gz/ddc70e49f86b458b220433d0d86fdb6ee3732aef 7002ms (cache revalidated)
8277 http fetch GET 200 https://registry.npmjs.org/querystringify/-/querystringify-2.2.0.tgz 21130ms (cache miss)
8278 http fetch GET 200 https://registry.npmjs.org/proto-list/-/proto-list-1.2.4.tgz 21077ms (cache miss)
8279 http fetch GET 200 https://registry.npmjs.org/registry-auth-token/-/registry-auth-token-5.1.1.tgz 20949ms (cache miss)
8280 http fetch GET 200 https://registry.npmjs.org/unique-string/-/unique-string-3.0.0.tgz 20906ms (cache miss)
8281 http fetch GET 200 https://registry.npmjs.org/widest-line/-/widest-line-4.0.1.tgz 20903ms (cache miss)
8282 http fetch GET 200 https://registry.npmjs.org/xdg-basedir/-/xdg-basedir-5.1.0.tgz 20860ms (cache miss)
8283 http fetch GET 200 https://registry.npmjs.org/emoji-regex/-/emoji-regex-9.2.2.tgz 20891ms (cache miss)
8284 http fetch GET 200 https://registry.npmjs.org/latest-version/-/latest-version-7.0.0.tgz 20846ms (cache miss)
8285 http fetch GET 200 https://registry.npmjs.org/cli-boxes/-/cli-boxes-3.0.0.tgz 20886ms (cache miss)
8286 http fetch GET 200 https://registry.npmjs.org/string-width/-/string-width-5.1.2.tgz 20917ms (cache miss)
8287 http fetch GET 200 https://registry.npmjs.org/async-function/-/async-function-1.0.0.tgz 21575ms (cache miss)
8288 http fetch GET 200 https://registry.npmjs.org/global-dirs/-/global-dirs-3.0.1.tgz 21174ms (cache miss)
8289 http fetch GET 200 https://registry.npmjs.org/is-yarn-global/-/is-yarn-global-0.4.1.tgz 21081ms (cache miss)
8290 http fetch GET 200 https://registry.npmjs.org/dot-prop/-/dot-prop-6.0.1.tgz 21046ms (cache miss)
8291 http fetch GET 200 https://registry.npmjs.org/import-lazy/-/import-lazy-4.0.0.tgz 21070ms (cache miss)
8292 http fetch GET 200 https://registry.npmjs.org/is-installed-globally/-/is-installed-globally-0.4.0.tgz 21079ms (cache miss)
8293 http fetch GET 200 https://registry.npmjs.org/configstore/-/configstore-6.0.0.tgz 21063ms (cache miss)
8294 http fetch GET 200 https://registry.npmjs.org/crypto-random-string/-/crypto-random-string-4.0.0.tgz 21596ms (cache miss)
8295 http fetch GET 200 https://registry.npmjs.org/registry-url/-/registry-url-6.0.1.tgz 21446ms (cache miss)
8296 http fetch GET 200 https://registry.npmjs.org/package-json/-/package-json-8.1.1.tgz 21419ms (cache miss)
8297 http fetch GET 200 https://registry.npmjs.org/semver-diff/-/semver-diff-4.0.0.tgz 21330ms (cache miss)
8298 http fetch GET 200 https://registry.npmjs.org/has-yarn/-/has-yarn-3.0.0.tgz 21283ms (cache miss)
8299 http fetch GET 200 https://registry.npmjs.org/camelcase/-/camelcase-7.0.1.tgz 21209ms (cache miss)
8300 http fetch GET 200 https://registry.npmjs.org/generator-function/-/generator-function-2.0.1.tgz 22081ms (cache miss)
8301 http fetch GET 200 https://registry.npmjs.org/ansi-regex/-/ansi-regex-6.4.0.tgz 21515ms (cache miss)
8302 http fetch GET 200 https://registry.npmjs.org/strip-ansi/-/strip-ansi-7.2.0.tgz 21513ms (cache miss)
8303 http fetch GET 200 https://registry.npmjs.org/ansi-align/-/ansi-align-3.0.1.tgz 21619ms (cache miss)
8304 http fetch GET 200 https://registry.npmjs.org/pupa/-/pupa-3.3.0.tgz 21600ms (cache miss)
8305 http fetch GET 200 https://registry.npmjs.org/ansi-styles/-/ansi-styles-6.2.3.tgz 21541ms (cache miss)
8306 http fetch GET 200 https://registry.npmjs.org/has-bigints/-/has-bigints-1.1.0.tgz 21484ms (cache miss)
8307 http fetch GET 200 https://registry.npmjs.org/@types/unist/-/unist-3.0.3.tgz 21461ms (cache miss)
8308 http fetch GET 200 https://registry.npmjs.org/execa/-/execa-7.2.0.tgz 22683ms (cache miss)
8309 http fetch GET 200 https://registry.npmjs.org/is-weakmap/-/is-weakmap-2.0.2.tgz 22366ms (cache miss)
8310 http fetch GET 200 https://registry.npmjs.org/string-width/-/string-width-5.1.2.tgz 21754ms (cache miss)
8311 http fetch GET 200 https://registry.npmjs.org/punycode.js/-/punycode.js-2.3.1.tgz 21719ms (cache miss)
8312 http fetch GET 200 https://registry.npmjs.org/linkify-it/-/linkify-it-5.0.2.tgz 21716ms (cache miss)
8313 http fetch GET 200 https://registry.npmjs.org/yn/-/yn-3.1.1.tgz 21658ms (cache miss)
8314 http fetch GET 200 https://registry.npmjs.org/for-each/-/for-each-0.3.5.tgz 21656ms (cache miss)
8315 http fetch GET 200 https://registry.npmjs.org/bplist-parser/-/bplist-parser-0.2.0.tgz 23024ms (cache miss)
8316 http fetch GET 200 https://registry.npmjs.org/which-collection/-/which-collection-1.0.2.tgz 22631ms (cache miss)
8317 http fetch GET 200 https://registry.npmjs.org/is-npm/-/is-npm-6.1.0.tgz 22132ms (cache miss)
8318 http fetch GET 200 https://registry.npmjs.org/wrap-ansi/-/wrap-ansi-8.1.0.tgz 22064ms (cache miss)
8319 http fetch GET 200 https://registry.npmjs.org/@shikijs/vscode-textmate/-/vscode-textmate-10.0.2.tgz 21999ms (cache miss)
8320 http fetch GET 200 https://registry.npmjs.org/v8-compile-cache-lib/-/v8-compile-cache-lib-3.0.1.tgz 21944ms (cache miss)
8321 http fetch GET 200 https://registry.npmjs.org/which-builtin-type/-/which-builtin-type-1.2.1.tgz 21970ms (cache miss)
8322 http fetch GET 200 https://registry.npmjs.org/@shikijs/types/-/types-1.29.2.tgz 22006ms (cache miss)
8323 http fetch GET 200 https://registry.npmjs.org/create-require/-/create-require-1.1.1.tgz 21948ms (cache miss)
8324 http fetch GET 200 https://registry.npmjs.org/@tsconfig/node16/-/node16-1.0.4.tgz 21935ms (cache miss)
8325 http fetch GET 200 https://registry.npmjs.org/@tsconfig/node14/-/node14-1.0.3.tgz 21944ms (cache miss)
8326 http fetch GET 200 https://registry.npmjs.org/@tsconfig/node10/-/node10-1.0.13.tgz 21932ms (cache miss)
8327 http fetch GET 200 https://registry.npmjs.org/@tsconfig/node12/-/node12-1.0.11.tgz 22289ms (cache miss)
8328 http fetch GET 200 https://registry.npmjs.org/is-number/-/is-number-7.0.0.tgz 22243ms (cache miss)
8329 http fetch GET 200 https://registry.npmjs.org/supports-hyperlinks/-/supports-hyperlinks-2.3.0.tgz 22230ms (cache miss)
8330 http fetch GET 200 https://registry.npmjs.org/min-indent/-/min-indent-1.0.1.tgz 22216ms (cache miss)
8331 http fetch GET 200 https://registry.npmjs.org/lodash.memoize/-/lodash.memoize-4.1.2.tgz 22277ms (cache miss)
8332 http fetch GET 200 https://registry.npmjs.org/universalify/-/universalify-0.2.0.tgz 22263ms (cache miss)
8333 http fetch GET 200 https://registry.npmjs.org/boxen/-/boxen-7.1.1.tgz 22834ms (cache miss)
8334 http fetch GET 200 https://registry.npmjs.org/temp-dir/-/temp-dir-2.0.0.tgz 22571ms (cache miss)
8335 http fetch GET 200 https://registry.npmjs.org/os-tmpdir/-/os-tmpdir-1.0.2.tgz 22586ms (cache miss)
8336 http fetch GET 200 https://registry.npmjs.org/has-flag/-/has-flag-4.0.0.tgz 22572ms (cache miss)
8337 http fetch GET 200 https://registry.npmjs.org/shebang-regex/-/shebang-regex-3.0.0.tgz 22524ms (cache miss)
8338 http fetch GET 200 https://registry.npmjs.org/buffer-from/-/buffer-from-1.1.2.tgz 22563ms (cache miss)
8339 http fetch GET 200 https://registry.npmjs.org/querystring/-/querystring-0.2.0.tgz 23530ms (cache miss)
8340 http fetch GET 200 https://registry.npmjs.org/graceful-fs/-/graceful-fs-4.2.10.tgz 23429ms (cache miss)
8341 http fetch GET 200 https://registry.npmjs.org/@types/hast/-/hast-3.0.5.tgz 23084ms (cache miss)
8342 http fetch GET 200 https://registry.npmjs.org/make-error/-/make-error-1.3.6.tgz 22976ms (cache miss)
8343 http fetch GET 200 https://registry.npmjs.org/rechoir/-/rechoir-0.6.2.tgz 22883ms (cache miss)
8344 http fetch GET 200 https://registry.npmjs.org/set-function-name/-/set-function-name-2.0.2.tgz 22843ms (cache miss)
8345 http fetch GET 200 https://registry.npmjs.org/queue-microtask/-/queue-microtask-1.2.3.tgz 22863ms (cache miss)
8346 http fetch GET 200 https://registry.npmjs.org/supports-preserve-symlinks-flag/-/supports-preserve-symlinks-flag-1.0.0.tgz 22862ms (cache miss)
8347 http fetch GET 200 https://registry.npmjs.org/path-parse/-/path-parse-1.0.7.tgz 22859ms (cache miss)
8348 http fetch GET 200 https://registry.npmjs.org/is-number-object/-/is-number-object-1.1.1.tgz 24101ms (cache miss)
8349 http fetch GET 200 https://registry.npmjs.org/@cspotcode/source-map-support/-/source-map-support-0.8.1.tgz 23386ms (cache miss)
8350 http fetch GET 200 https://registry.npmjs.org/interpret/-/interpret-1.4.0.tgz 23274ms (cache miss)
8351 http fetch GET 200 https://registry.npmjs.org/char-regex/-/char-regex-1.0.2.tgz 23317ms (cache miss)
8352 http fetch GET 200 https://registry.npmjs.org/@img/colour/-/colour-1.1.0.tgz 23265ms (cache miss)
8353 http fetch GET 200 https://registry.npmjs.org/estraverse/-/estraverse-4.3.0.tgz 23194ms (cache miss)
8354 http fetch GET 200 https://registry.npmjs.org/ip/-/ip-1.1.9.tgz 23227ms (cache miss)
8355 http fetch GET 200 https://registry.npmjs.org/degenerator/-/degenerator-4.0.4.tgz 23227ms (cache miss)
8356 http fetch GET 200 https://registry.npmjs.org/type-check/-/type-check-0.3.2.tgz 23215ms (cache miss)
8357 http fetch GET 200 https://registry.npmjs.org/detect-libc/-/detect-libc-2.1.2.tgz 23621ms (cache miss)
8358 http fetch GET 200 https://registry.npmjs.org/agent-base/-/agent-base-7.1.4.tgz 23500ms (cache miss)
8359 http fetch GET 200 https://registry.npmjs.org/isarray/-/isarray-2.0.5.tgz 23498ms (cache miss)
8360 http fetch GET 200 https://registry.npmjs.org/pac-proxy-agent/-/pac-proxy-agent-6.0.4.tgz 23492ms (cache miss)
8361 http fetch GET 200 https://registry.npmjs.org/get-uri/-/get-uri-6.0.5.tgz 23538ms (cache miss)
8362 http fetch GET 200 https://registry.npmjs.org/data-uri-to-buffer/-/data-uri-to-buffer-6.0.2.tgz 23537ms (cache miss)
8363 http fetch GET 200 https://registry.npmjs.org/socks-proxy-agent/-/socks-proxy-agent-8.0.5.tgz 23534ms (cache miss)
8364 http fetch GET 200 https://registry.npmjs.org/url-parse/-/url-parse-1.5.10.tgz 24071ms (cache miss)
8365 warn deprecated querystring@0.2.0: The querystring API is considered Legacy. new code should use the URLSearchParams API instead.
8366 http fetch GET 200 https://registry.npmjs.org/iterate-iterator/-/iterate-iterator-1.0.2.tgz 23856ms (cache miss)
8367 http fetch GET 200 https://registry.npmjs.org/is-document.all/-/is-document.all-1.0.0.tgz 23851ms (cache miss)
8368 http fetch GET 200 https://registry.npmjs.org/functions-have-names/-/functions-have-names-1.2.3.tgz 23849ms (cache miss)
8369 http fetch GET 200 https://registry.npmjs.org/is-arguments/-/is-arguments-1.2.0.tgz 23878ms (cache miss)
8370 http fetch GET 200 https://registry.npmjs.org/es-get-iterator/-/es-get-iterator-1.1.3.tgz 23875ms (cache miss)
8371 http fetch GET 200 https://registry.npmjs.org/is-boolean-object/-/is-boolean-object-1.2.2.tgz 25168ms (cache miss)
8372 http fetch GET 200 https://registry.npmjs.org/arg/-/arg-4.1.3.tgz 24486ms (cache miss)
8373 http fetch GET 200 https://registry.npmjs.org/is-date-object/-/is-date-object-1.1.0.tgz 24162ms (cache miss)
8374 http fetch GET 200 https://registry.npmjs.org/possible-typed-array-names/-/possible-typed-array-names-1.1.0.tgz 24151ms (cache miss)
8375 http fetch GET 200 https://registry.npmjs.org/unbox-primitive/-/unbox-primitive-1.1.0.tgz 24149ms (cache miss)
8376 http fetch GET 200 https://registry.npmjs.org/optionator/-/optionator-0.8.3.tgz 24580ms (cache miss)
8377 http fetch GET 200 https://registry.npmjs.org/typed-array-byte-offset/-/typed-array-byte-offset-1.0.5.tgz 24455ms (cache miss)
8378 http fetch GET 200 https://registry.npmjs.org/typed-array-byte-length/-/typed-array-byte-length-1.0.3.tgz 24453ms (cache miss)
8379 http fetch GET 200 https://registry.npmjs.org/typed-array-buffer/-/typed-array-buffer-1.0.3.tgz 24451ms (cache miss)
8380 http fetch GET 200 https://registry.npmjs.org/string.prototype.trimstart/-/string.prototype.trimstart-1.0.8.tgz 24449ms (cache miss)
8381 http fetch GET 200 https://registry.npmjs.org/string.prototype.trimend/-/string.prototype.trimend-1.0.10.tgz 24446ms (cache miss)
8382 http fetch GET 200 https://registry.npmjs.org/which-boxed-primitive/-/which-boxed-primitive-1.1.1.tgz 25286ms (cache miss)
8383 http fetch GET 200 https://registry.npmjs.org/stop-iteration-iterator/-/stop-iteration-iterator-1.1.0.tgz 24799ms (cache miss)
8384 http fetch GET 200 https://registry.npmjs.org/safe-push-apply/-/safe-push-apply-1.0.0.tgz 24784ms (cache miss)
8385 http fetch GET 200 https://registry.npmjs.org/is-async-function/-/is-async-function-2.1.1.tgz 26191ms (cache miss)
8386 http fetch GET 200 https://registry.npmjs.org/which-typed-array/-/which-typed-array-1.1.24.tgz 25143ms (cache miss)
8387 http fetch GET 200 https://registry.npmjs.org/typed-array-length/-/typed-array-length-1.0.8.tgz 25130ms (cache miss)
8388 http fetch GET 200 https://registry.npmjs.org/set-proto/-/set-proto-1.0.0.tgz 25089ms (cache miss)
8389 http fetch GET 200 https://registry.npmjs.org/safe-regex-test/-/safe-regex-test-1.1.0.tgz 25086ms (cache miss)
8390 http fetch GET 200 https://registry.npmjs.org/own-keys/-/own-keys-1.0.2.tgz 25063ms (cache miss)
8391 http fetch GET 200 https://registry.npmjs.org/is-shared-array-buffer/-/is-shared-array-buffer-1.0.4.tgz 25044ms (cache miss)
8392 http fetch GET 200 https://registry.npmjs.org/is-set/-/is-set-2.0.3.tgz 25043ms (cache miss)
8393 http fetch GET 200 https://registry.npmjs.org/is-typed-array/-/is-typed-array-1.1.15.tgz 25057ms (cache miss)
8394 http fetch GET 200 https://registry.npmjs.org/is-regex/-/is-regex-1.2.1.tgz 25043ms (cache miss)
8395 http fetch GET 200 https://codeload.github.com/adiwajshing/eslint-config/tar.gz/2899a8f22b5f3f892089faea29a4fb4135b4cbd9 12453ms (cache miss)
8396 http fetch GET 200 https://registry.npmjs.org/acorn-walk/-/acorn-walk-8.3.5.tgz 25646ms (cache miss)
8397 http fetch GET 200 https://registry.npmjs.org/http-proxy-agent/-/http-proxy-agent-7.0.2.tgz 25554ms (cache miss)
8398 http fetch GET 200 https://registry.npmjs.org/is-symbol/-/is-symbol-1.1.1.tgz 25510ms (cache miss)
8399 http fetch GET 200 https://registry.npmjs.org/safe-array-concat/-/safe-array-concat-1.1.4.tgz 25419ms (cache miss)
8400 http fetch GET 200 https://registry.npmjs.org/is-weakref/-/is-weakref-1.1.1.tgz 25398ms (cache miss)
8401 http fetch GET 200 https://registry.npmjs.org/internal-slot/-/internal-slot-1.1.0.tgz 25362ms (cache miss)
8402 http fetch GET 200 https://registry.npmjs.org/is-callable/-/is-callable-1.2.7.tgz 25373ms (cache miss)
8403 http fetch GET 200 https://registry.npmjs.org/mdurl/-/mdurl-2.1.0.tgz 26222ms (cache miss)
8404 http fetch GET 200 https://registry.npmjs.org/is-negative-zero/-/is-negative-zero-2.0.3.tgz 25645ms (cache miss)
8405 http fetch GET 200 https://registry.npmjs.org/is-data-view/-/is-data-view-1.0.2.tgz 25644ms (cache miss)
8406 http fetch GET 200 https://registry.npmjs.org/is-array-buffer/-/is-array-buffer-3.0.5.tgz 25629ms (cache miss)
8407 http fetch GET 200 https://registry.npmjs.org/data-view-byte-offset/-/data-view-byte-offset-1.0.1.tgz 25602ms (cache miss)
8408 http fetch GET 200 https://registry.npmjs.org/data-view-buffer/-/data-view-buffer-1.0.2.tgz 25602ms (cache miss)
8409 http fetch GET 200 https://registry.npmjs.org/available-typed-arrays/-/available-typed-arrays-1.0.7.tgz 25599ms (cache miss)
8410 http fetch GET 200 https://registry.npmjs.org/arraybuffer.prototype.slice/-/arraybuffer.prototype.slice-1.0.4.tgz 25599ms (cache miss)
8411 http fetch GET 200 https://registry.npmjs.org/object-keys/-/object-keys-1.1.1.tgz 25590ms (cache miss)
8412 http fetch GET 200 https://registry.npmjs.org/@eslint/object-schema/-/object-schema-3.0.5.tgz 27484ms (cache miss)
8413 http fetch GET 200 https://registry.npmjs.org/uc.micro/-/uc.micro-2.1.0.tgz 26558ms (cache miss)
8414 http fetch GET 200 https://registry.npmjs.org/netmask/-/netmask-2.1.1.tgz 26258ms (cache miss)
8415 http fetch GET 200 https://registry.npmjs.org/escodegen/-/escodegen-1.14.3.tgz 26219ms (cache miss)
8416 http fetch GET 200 https://registry.npmjs.org/is-map/-/is-map-2.0.3.tgz 26161ms (cache miss)
8417 http fetch GET 200 https://registry.npmjs.org/array-buffer-byte-length/-/array-buffer-byte-length-1.0.2.tgz 25907ms (cache miss)
8418 http fetch GET 200 https://registry.npmjs.org/define-properties/-/define-properties-1.2.1.tgz 25853ms (cache miss)
8419 http fetch GET 200 https://registry.npmjs.org/array.prototype.map/-/array.prototype.map-1.0.8.tgz 25844ms (cache miss)
8420 http fetch GET 200 https://registry.npmjs.org/parse-path/-/parse-path-7.1.0.tgz 25840ms (cache miss)
8421 http fetch GET 200 https://registry.npmjs.org/es-array-method-boxes-properly/-/es-array-method-boxes-properly-1.0.0.tgz 25885ms (cache miss)
8422 http fetch GET 200 https://registry.npmjs.org/get-symbol-description/-/get-symbol-description-1.1.0.tgz 26233ms (cache miss)
8423 http fetch GET 200 https://registry.npmjs.org/has-property-descriptors/-/has-property-descriptors-1.0.2.tgz 26187ms (cache miss)
8424 http fetch GET 200 https://registry.npmjs.org/set-function-length/-/set-function-length-1.2.2.tgz 26177ms (cache miss)
8425 http fetch GET 200 https://registry.npmjs.org/data-view-byte-length/-/data-view-byte-length-1.0.2.tgz 26098ms (cache miss)
8426 http fetch GET 200 https://registry.npmjs.org/is-string/-/is-string-1.1.1.tgz 26179ms (cache miss)
8427 http fetch GET 200 https://registry.npmjs.org/log-symbols/-/log-symbols-5.1.0.tgz 26099ms (cache miss)
8428 http fetch GET 200 https://registry.npmjs.org/macos-release/-/macos-release-3.5.1.tgz 26128ms (cache miss)
8429 http fetch GET 200 https://registry.npmjs.org/call-bind/-/call-bind-1.0.9.tgz 26157ms (cache miss)
8430 http fetch GET 200 https://registry.npmjs.org/stdin-discarder/-/stdin-discarder-0.1.0.tgz 26125ms (cache miss)
8431 http fetch GET 200 https://registry.npmjs.org/windows-release/-/windows-release-5.1.1.tgz 26148ms (cache miss)
8432 http fetch GET 200 https://registry.npmjs.org/chalk/-/chalk-5.6.2.tgz 26118ms (cache miss)
8433 http fetch GET 200 https://registry.npmjs.org/wcwidth/-/wcwidth-1.0.1.tgz 26157ms (cache miss)
8434 http fetch GET 200 https://registry.npmjs.org/prelude-ls/-/prelude-ls-1.1.2.tgz 26874ms (cache miss)
8435 http fetch GET 200 https://registry.npmjs.org/lodash.escaperegexp/-/lodash.escaperegexp-4.1.2.tgz 26367ms (cache miss)
8436 http fetch GET 200 https://registry.npmjs.org/lodash.capitalize/-/lodash.capitalize-4.2.1.tgz 26362ms (cache miss)
8437 http fetch GET 200 https://registry.npmjs.org/protocols/-/protocols-2.0.2.tgz 26352ms (cache miss)
8438 http fetch GET 200 https://registry.npmjs.org/is-unicode-supported/-/is-unicode-supported-1.3.0.tgz 26362ms (cache miss)
8439 http fetch GET 200 https://registry.npmjs.org/tmp/-/tmp-0.0.33.tgz 26352ms (cache miss)
8440 http fetch GET 200 https://registry.npmjs.org/is-interactive/-/is-interactive-2.0.0.tgz 26420ms (cache miss)
8441 http fetch GET 200 https://registry.npmjs.org/lodash.isstring/-/lodash.isstring-4.0.1.tgz 26399ms (cache miss)
8442 http fetch GET 200 https://registry.npmjs.org/lodash.isplainobject/-/lodash.isplainobject-4.0.6.tgz 26396ms (cache miss)
8443 http fetch GET 200 https://registry.npmjs.org/is-generator-function/-/is-generator-function-1.1.2.tgz 28149ms (cache miss)
8444 http fetch GET 200 https://registry.npmjs.org/define-data-property/-/define-data-property-1.1.4.tgz 26844ms (cache miss)
8445 http fetch GET 200 https://registry.npmjs.org/iterate-value/-/iterate-value-1.0.2.tgz 26822ms (cache miss)
8446 http fetch GET 200 https://registry.npmjs.org/lodash.uniqby/-/lodash.uniqby-4.7.0.tgz 26724ms (cache miss)
8447 http fetch GET 200 https://registry.npmjs.org/external-editor/-/external-editor-3.1.0.tgz 26620ms (cache miss)
8448 http fetch GET 200 https://registry.npmjs.org/cli-spinners/-/cli-spinners-2.9.2.tgz 26741ms (cache miss)
8449 http fetch GET 200 https://registry.npmjs.org/cli-width/-/cli-width-4.1.0.tgz 26618ms (cache miss)
8450 http fetch GET 200 https://registry.npmjs.org/cli-cursor/-/cli-cursor-3.1.0.tgz 26615ms (cache miss)
8451 http fetch GET 200 https://registry.npmjs.org/resolve-alpn/-/resolve-alpn-1.2.1.tgz 26612ms (cache miss)
8452 http fetch GET 200 https://registry.npmjs.org/wrap-ansi/-/wrap-ansi-6.2.0.tgz 26679ms (cache miss)
8453 http fetch GET 200 https://registry.npmjs.org/mute-stream/-/mute-stream-1.0.0.tgz 26661ms (cache miss)
8454 http fetch GET 200 https://registry.npmjs.org/run-async/-/run-async-3.0.0.tgz 26670ms (cache miss)
8455 http fetch GET 200 https://registry.npmjs.org/escape-string-regexp/-/escape-string-regexp-5.0.0.tgz 26656ms (cache miss)
8456 http fetch GET 200 https://registry.npmjs.org/levn/-/levn-0.3.0.tgz 27489ms (cache miss)
8457 http fetch GET 200 https://registry.npmjs.org/figures/-/figures-5.0.0.tgz 26903ms (cache miss)
8458 http fetch GET 200 https://registry.npmjs.org/defer-to-connect/-/defer-to-connect-2.0.1.tgz 26843ms (cache miss)
8459 http fetch GET 200 https://registry.npmjs.org/responselike/-/responselike-3.0.0.tgz 26841ms (cache miss)
8460 http fetch GET 200 https://registry.npmjs.org/p-cancelable/-/p-cancelable-3.0.0.tgz 26839ms (cache miss)
8461 http fetch GET 200 https://registry.npmjs.org/quick-lru/-/quick-lru-5.1.1.tgz 26836ms (cache miss)
8462 http fetch GET 200 https://registry.npmjs.org/form-data-encoder/-/form-data-encoder-2.1.4.tgz 26829ms (cache miss)
8463 http fetch GET 200 https://registry.npmjs.org/mimic-response/-/mimic-response-4.0.0.tgz 26878ms (cache miss)
8464 http fetch GET 200 https://registry.npmjs.org/http-cache-semantics/-/http-cache-semantics-4.2.0.tgz 26875ms (cache miss)
8465 http fetch GET 200 https://registry.npmjs.org/@types/http-cache-semantics/-/http-cache-semantics-4.2.0.tgz 27111ms (cache miss)
8466 http fetch GET 200 https://registry.npmjs.org/@szmarczak/http-timer/-/http-timer-5.0.1.tgz 27045ms (cache miss)
8467 http fetch GET 200 https://registry.npmjs.org/glob-parent/-/glob-parent-5.1.2.tgz 26957ms (cache miss)
8468 http fetch GET 200 https://registry.npmjs.org/merge2/-/merge2-1.4.1.tgz 26978ms (cache miss)
8469 http fetch GET 200 https://registry.npmjs.org/dir-glob/-/dir-glob-3.0.1.tgz 26968ms (cache miss)
8470 http fetch GET 200 https://registry.npmjs.org/normalize-url/-/normalize-url-8.1.1.tgz 27144ms (cache miss)
8471 http fetch GET 200 https://registry.npmjs.org/path-type/-/path-type-4.0.0.tgz 26965ms (cache miss)
8472 http fetch GET 200 https://registry.npmjs.org/lowercase-keys/-/lowercase-keys-3.0.0.tgz 27085ms (cache miss)
8473 http fetch GET 200 https://registry.npmjs.org/keyv/-/keyv-4.5.4.tgz 27083ms (cache miss)
8474 http fetch GET 200 https://registry.npmjs.org/@typescript-eslint/types/-/types-8.70.1.tgz 30635ms (cache miss)
8475 silly packumentCache heap:1047265280 maxSize:261816320 maxEntrySize:130908160
8476 http fetch GET 200 https://registry.npmjs.org/bl/-/bl-5.1.0.tgz 29578ms (cache miss)
8477 http fetch GET 200 https://registry.npmjs.org/deprecation/-/deprecation-2.3.1.tgz 28641ms (cache miss)
8478 http fetch GET 200 https://registry.npmjs.org/cacheable-lookup/-/cacheable-lookup-7.0.0.tgz 28778ms (cache miss)
8479 http fetch GET 200 https://registry.npmjs.org/is-plain-object/-/is-plain-object-5.1.0.tgz 28643ms (cache miss)
8480 http fetch GET 200 https://registry.npmjs.org/universal-user-agent/-/universal-user-agent-6.0.1.tgz 28622ms (cache miss)
8481 http fetch GET 200 https://registry.npmjs.org/is-ssh/-/is-ssh-1.4.1.tgz 28673ms (cache miss)
8482 http fetch GET 200 https://registry.npmjs.org/git-up/-/git-up-7.0.0.tgz 28674ms (cache miss)
8483 http fetch GET 200 https://registry.npmjs.org/retry/-/retry-0.13.1.tgz 29061ms (cache miss)
8484 http fetch GET 200 https://registry.npmjs.org/webidl-conversions/-/webidl-conversions-3.0.1.tgz 28999ms (cache miss)
8485 http fetch GET 200 https://registry.npmjs.org/whatwg-url/-/whatwg-url-5.0.0.tgz 28994ms (cache miss)
8486 http fetch GET 200 https://registry.npmjs.org/@octokit/endpoint/-/endpoint-7.0.6.tgz 29068ms (cache miss)
8487 http fetch GET 200 https://registry.npmjs.org/@octokit/tsconfig/-/tsconfig-1.0.2.tgz 29066ms (cache miss)
8488 http fetch GET 200 https://registry.npmjs.org/@octokit/request/-/request-6.2.8.tgz 29036ms (cache miss)
8489 http fetch GET 200 https://registry.npmjs.org/@octokit/request-error/-/request-error-3.0.3.tgz 29035ms (cache miss)
8490 http fetch GET 200 https://registry.npmjs.org/emoji-regex/-/emoji-regex-9.2.2.tgz 30808ms (cache miss)
8491 http fetch GET 200 https://registry.npmjs.org/string.prototype.trim/-/string.prototype.trim-1.2.11.tgz 30261ms (cache miss)
8492 http fetch GET 200 https://registry.npmjs.org/has-proto/-/has-proto-1.2.0.tgz 30227ms (cache miss)
8493 http fetch GET 200 https://registry.npmjs.org/parse-url/-/parse-url-8.1.0.tgz 29757ms (cache miss)
8494 http fetch GET 200 https://registry.npmjs.org/before-after-hook/-/before-after-hook-2.2.3.tgz 29708ms (cache miss)
8495 http fetch GET 200 https://registry.npmjs.org/url-join/-/url-join-5.0.0.tgz 29635ms (cache miss)
8496 http fetch GET 200 https://registry.npmjs.org/update-notifier/-/update-notifier-6.0.2.tgz 29634ms (cache miss)
8497 http fetch GET 200 https://registry.npmjs.org/@octokit/auth-token/-/auth-token-3.0.4.tgz 29686ms (cache miss)
8498 http fetch GET 200 https://registry.npmjs.org/reflect.getprototypeof/-/reflect.getprototypeof-1.0.10.tgz 31252ms (cache miss)
8499 http fetch GET 200 https://registry.npmjs.org/proxy-agent/-/proxy-agent-6.2.1.tgz 30003ms (cache miss)
8500 http fetch GET 200 https://registry.npmjs.org/chalk/-/chalk-5.6.2.tgz 30026ms (cache miss)
8501 http fetch GET 200 https://registry.npmjs.org/http-proxy-agent/-/http-proxy-agent-7.0.2.tgz 29994ms (cache miss)
8502 http fetch GET 200 https://registry.npmjs.org/@octokit/core/-/core-4.2.4.tgz 30059ms (cache miss)
8503 http fetch GET 200 https://registry.npmjs.org/es-abstract-get/-/es-abstract-get-1.0.0.tgz 31065ms (cache miss)
8504 http fetch GET 200 https://registry.npmjs.org/strip-ansi/-/strip-ansi-7.2.0.tgz 30144ms (cache miss)
8505 http fetch GET 200 https://registry.npmjs.org/restore-cursor/-/restore-cursor-4.0.0.tgz 30155ms (cache miss)
8506 http fetch GET 200 https://registry.npmjs.org/new-github-release-url/-/new-github-release-url-2.0.0.tgz 30130ms (cache miss)
8507 http fetch GET 200 https://registry.npmjs.org/ora/-/ora-6.3.1.tgz 30174ms (cache miss)
8508 http fetch GET 200 https://registry.npmjs.org/os-name/-/os-name-5.1.0.tgz 30181ms (cache miss)
8509 http fetch GET 200 https://registry.npmjs.org/ansi-regex/-/ansi-regex-6.4.0.tgz 30178ms (cache miss)
8510 http fetch GET 200 https://registry.npmjs.org/@eslint/plugin-kit/-/plugin-kit-0.7.3.tgz 32677ms (cache miss)
8511 http fetch GET 200 https://registry.npmjs.org/cli-cursor/-/cli-cursor-4.0.0.tgz 30372ms (cache miss)
8512 http fetch GET 200 https://registry.npmjs.org/is-unicode-supported/-/is-unicode-supported-0.1.0.tgz 30310ms (cache miss)
8513 http fetch GET 200 https://registry.npmjs.org/log-symbols/-/log-symbols-4.1.0.tgz 30318ms (cache miss)
8514 http fetch GET 200 https://registry.npmjs.org/chalk/-/chalk-4.1.2.tgz 30309ms (cache miss)
8515 http fetch GET 200 https://registry.npmjs.org/is-interactive/-/is-interactive-1.0.0.tgz 30306ms (cache miss)
8516 http fetch GET 200 https://registry.npmjs.org/issue-parser/-/issue-parser-6.0.0.tgz 30364ms (cache miss)
8517 http fetch GET 200 https://registry.npmjs.org/is-ci/-/is-ci-3.0.1.tgz 30361ms (cache miss)
8518 http fetch GET 200 https://registry.npmjs.org/lru-cache/-/lru-cache-7.18.3.tgz 30617ms (cache miss)
8519 http fetch GET 200 https://registry.npmjs.org/ora/-/ora-5.4.1.tgz 30484ms (cache miss)
8520 http fetch GET 200 https://registry.npmjs.org/path-type/-/path-type-4.0.0.tgz 30450ms (cache miss)
8521 http fetch GET 200 https://registry.npmjs.org/chalk/-/chalk-5.6.2.tgz 30487ms (cache miss)
8522 http fetch GET 200 https://registry.npmjs.org/slash/-/slash-4.0.0.tgz 30476ms (cache miss)
8523 http fetch GET 200 https://registry.npmjs.org/async-retry/-/async-retry-1.3.3.tgz 30468ms (cache miss)
8524 http fetch GET 200 https://registry.npmjs.org/globby/-/globby-13.1.4.tgz 30675ms (cache miss)
8525 http fetch GET 200 https://registry.npmjs.org/parse-json/-/parse-json-4.0.0.tgz 30592ms (cache miss)
8526 http fetch GET 200 https://registry.npmjs.org/strip-indent/-/strip-indent-3.0.0.tgz 30637ms (cache miss)
8527 http fetch GET 200 https://registry.npmjs.org/strip-bom/-/strip-bom-3.0.0.tgz 30606ms (cache miss)
8528 http fetch GET 200 https://registry.npmjs.org/indent-string/-/indent-string-4.0.0.tgz 30635ms (cache miss)
8529 http fetch GET 200 https://registry.npmjs.org/@octokit/rest/-/rest-19.0.11.tgz 30656ms (cache miss)
8530 http fetch GET 200 https://registry.npmjs.org/load-json-file/-/load-json-file-4.0.0.tgz 30626ms (cache miss)
8531 http fetch GET 200 https://registry.npmjs.org/path-type/-/path-type-3.0.0.tgz 30634ms (cache miss)
8532 http fetch GET 200 https://registry.npmjs.org/pify/-/pify-3.0.0.tgz 30614ms (cache miss)
8533 http fetch GET 200 https://registry.npmjs.org/regexp.prototype.flags/-/regexp.prototype.flags-1.5.4.tgz 31739ms (cache miss)
8534 http fetch GET 200 https://registry.npmjs.org/globalthis/-/globalthis-1.0.4.tgz 31660ms (cache miss)
8535 http fetch GET 200 https://registry.npmjs.org/@sindresorhus/is/-/is-5.6.0.tgz 31253ms (cache miss)
8536 http fetch GET 200 https://registry.npmjs.org/git-url-parse/-/git-url-parse-13.1.0.tgz 30797ms (cache miss)
8537 http fetch GET 200 https://registry.npmjs.org/sisteransi/-/sisteransi-1.0.5.tgz 30685ms (cache miss)
8538 http fetch GET 200 https://registry.npmjs.org/kleur/-/kleur-3.0.3.tgz 30681ms (cache miss)
8539 http fetch GET 200 https://registry.npmjs.org/@protobufjs/inquire/-/inquire-1.1.2.tgz 30714ms (cache miss)
8540 http fetch GET 200 https://registry.npmjs.org/@protobufjs/fetch/-/fetch-1.1.1.tgz 30711ms (cache miss)
8541 http fetch GET 200 https://registry.npmjs.org/@protobufjs/eventemitter/-/eventemitter-1.1.1.tgz 30709ms (cache miss)
8542 http fetch GET 200 https://registry.npmjs.org/@protobufjs/utf8/-/utf8-1.1.2.tgz 30732ms (cache miss)
8543 http fetch GET 200 https://registry.npmjs.org/https-proxy-agent/-/https-proxy-agent-7.0.6.tgz 32030ms (cache miss)
8544 http fetch GET 200 https://registry.npmjs.org/chardet/-/chardet-0.7.0.tgz 31555ms (cache miss)
8545 http fetch GET 200 https://registry.npmjs.org/chalk/-/chalk-4.1.2.tgz 30965ms (cache miss)
8546 http fetch GET 200 https://registry.npmjs.org/lines-and-columns/-/lines-and-columns-1.2.4.tgz 30775ms (cache miss)
8547 http fetch GET 200 https://registry.npmjs.org/json-parse-even-better-errors/-/json-parse-even-better-errors-2.3.1.tgz 30772ms (cache miss)
8548 http fetch GET 200 https://registry.npmjs.org/yocto-queue/-/yocto-queue-0.1.0.tgz 30748ms (cache miss)
8549 http fetch GET 200 https://registry.npmjs.org/error-ex/-/error-ex-1.3.4.tgz 30768ms (cache miss)
8550 http fetch GET 200 https://registry.npmjs.org/xml2js/-/xml2js-0.5.0.tgz 30764ms (cache miss)
8551 http fetch GET 200 https://registry.npmjs.org/xml-parse-from-string/-/xml-parse-from-string-1.0.1.tgz 30761ms (cache miss)
8552 http fetch GET 200 https://registry.npmjs.org/is-arrayish/-/is-arrayish-0.2.1.tgz 30794ms (cache miss)
8553 http fetch GET 200 https://registry.npmjs.org/process-warning/-/process-warning-5.1.0.tgz 30822ms (cache miss)
8554 http fetch GET 200 https://registry.npmjs.org/smart-buffer/-/smart-buffer-4.2.0.tgz 32305ms (cache miss)
8555 http fetch GET 200 https://registry.npmjs.org/agent-base/-/agent-base-7.1.4.tgz 32147ms (cache miss)
8556 http fetch GET 200 https://registry.npmjs.org/@protobufjs/codegen/-/codegen-2.0.5.tgz 30925ms (cache miss)
8557 http fetch GET 200 https://registry.npmjs.org/deep-is/-/deep-is-0.1.4.tgz 30803ms (cache miss)
8558 http fetch GET 200 https://registry.npmjs.org/p-limit/-/p-limit-3.1.0.tgz 30825ms (cache miss)
8559 http fetch GET 200 https://registry.npmjs.org/is-wsl/-/is-wsl-2.2.0.tgz 30800ms (cache miss)
8560 http fetch GET 200 https://registry.npmjs.org/define-lazy-prop/-/define-lazy-prop-2.0.0.tgz 30792ms (cache miss)
8561 http fetch GET 200 https://registry.npmjs.org/is-docker/-/is-docker-2.2.1.tgz 30798ms (cache miss)
8562 http fetch GET 200 https://registry.npmjs.org/kind-of/-/kind-of-6.0.3.tgz 30778ms (cache miss)
8563 http fetch GET 200 https://registry.npmjs.org/fast-levenshtein/-/fast-levenshtein-2.0.6.tgz 30822ms (cache miss)
8564 http fetch GET 200 https://registry.npmjs.org/react-is/-/react-is-17.0.2.tgz 31002ms (cache miss)
8565 http fetch GET 200 https://registry.npmjs.org/pify/-/pify-3.0.0.tgz 31072ms (cache miss)
8566 http fetch GET 200 https://registry.npmjs.org/is-core-module/-/is-core-module-2.17.0.tgz 30874ms (cache miss)
8567 http fetch GET 200 https://registry.npmjs.org/validate-npm-package-license/-/validate-npm-package-license-3.0.4.tgz 30883ms (cache miss)
8568 http fetch GET 200 https://registry.npmjs.org/fill-range/-/fill-range-7.1.1.tgz 30845ms (cache miss)
8569 http fetch GET 200 https://registry.npmjs.org/word-wrap/-/word-wrap-1.2.5.tgz 30919ms (cache miss)
8570 http fetch GET 200 https://registry.npmjs.org/arrify/-/arrify-1.0.1.tgz 30864ms (cache miss)
8571 http fetch GET 200 https://registry.npmjs.org/is-plain-obj/-/is-plain-obj-1.1.0.tgz 30872ms (cache miss)
8572 http fetch GET 200 https://registry.npmjs.org/quick-lru/-/quick-lru-4.0.1.tgz 30840ms (cache miss)
8573 http fetch GET 200 https://registry.npmjs.org/brace-expansion/-/brace-expansion-1.1.21.tgz 30878ms (cache miss)
8574 http fetch GET 200 https://registry.npmjs.org/node-fetch/-/node-fetch-2.7.0.tgz 31453ms (cache miss)
8575 http fetch GET 200 https://registry.npmjs.org/decamelize/-/decamelize-1.2.0.tgz 30897ms (cache miss)
8576 http fetch GET 200 https://registry.npmjs.org/decamelize-keys/-/decamelize-keys-1.1.1.tgz 30839ms (cache miss)
8577 http fetch GET 200 https://registry.npmjs.org/map-obj/-/map-obj-1.0.1.tgz 30836ms (cache miss)
8578 http fetch GET 200 https://registry.npmjs.org/camelcase-keys/-/camelcase-keys-6.2.2.tgz 30832ms (cache miss)
8579 http fetch GET 200 https://registry.npmjs.org/p-locate/-/p-locate-5.0.0.tgz 30823ms (cache miss)
8580 http fetch GET 200 https://registry.npmjs.org/map-obj/-/map-obj-4.3.0.tgz 30889ms (cache miss)
8581 http fetch GET 200 https://registry.npmjs.org/trim-newlines/-/trim-newlines-3.0.1.tgz 30871ms (cache miss)
8582 http fetch GET 200 https://registry.npmjs.org/redent/-/redent-3.0.0.tgz 30866ms (cache miss)
8583 http fetch GET 200 https://registry.npmjs.org/hard-rejection/-/hard-rejection-2.1.0.tgz 30858ms (cache miss)
8584 http fetch GET 200 https://registry.npmjs.org/minimist-options/-/minimist-options-4.1.0.tgz 30865ms (cache miss)
8585 http fetch GET 200 https://registry.npmjs.org/to-regex-range/-/to-regex-range-5.0.1.tgz 30947ms (cache miss)
8586 http fetch GET 200 https://registry.npmjs.org/@pnpm/config.env-replace/-/config.env-replace-1.1.0.tgz 33150ms (cache miss)
8587 http fetch GET 200 https://registry.npmjs.org/@octokit/plugin-request-log/-/plugin-request-log-1.0.4.tgz 31524ms (cache miss)
8588 http fetch GET 200 https://registry.npmjs.org/@types/minimist/-/minimist-1.2.5.tgz 30914ms (cache miss)
8589 http fetch GET 200 https://registry.npmjs.org/parse-bmfont-binary/-/parse-bmfont-binary-1.0.6.tgz 30904ms (cache miss)
8590 http fetch GET 200 https://registry.npmjs.org/prelude-ls/-/prelude-ls-1.2.1.tgz 30869ms (cache miss)
8591 http fetch GET 200 https://registry.npmjs.org/buffer-equal/-/buffer-equal-0.0.1.tgz 30895ms (cache miss)
8592 http fetch GET 200 https://registry.npmjs.org/type-check/-/type-check-0.4.0.tgz 30878ms (cache miss)
8593 http fetch GET 200 https://registry.npmjs.org/@pnpm/network.ca-file/-/network.ca-file-1.0.2.tgz 33231ms (cache miss)
8594 http fetch GET 200 https://registry.npmjs.org/brace-expansion/-/brace-expansion-5.0.12.tgz 33795ms (cache miss)
8595 http fetch GET 200 https://registry.npmjs.org/tr46/-/tr46-2.1.0.tgz 33446ms (cache miss)
8596 http fetch GET 200 https://registry.npmjs.org/xhr/-/xhr-2.6.0.tgz 30976ms (cache miss)
8597 http fetch GET 200 https://registry.npmjs.org/url/-/url-0.11.0.tgz 30983ms (cache miss)
8598 http fetch GET 200 https://registry.npmjs.org/webidl-conversions/-/webidl-conversions-6.1.0.tgz 30916ms (cache miss)
8599 http fetch GET 200 https://registry.npmjs.org/parse-bmfont-ascii/-/parse-bmfont-ascii-1.0.6.tgz 30998ms (cache miss)
8600 http fetch GET 200 https://registry.npmjs.org/parse-bmfont-xml/-/parse-bmfont-xml-1.1.6.tgz 30953ms (cache miss)
8601 http fetch GET 200 https://registry.npmjs.org/w3c-xmlserializer/-/w3c-xmlserializer-2.0.0.tgz 30915ms (cache miss)
8602 http fetch GET 200 https://registry.npmjs.org/xml-name-validator/-/xml-name-validator-3.0.0.tgz 30927ms (cache miss)
8603 http fetch GET 200 https://registry.npmjs.org/es-to-primitive/-/es-to-primitive-1.3.4.tgz 32299ms (cache miss)
8604 http fetch GET 200 https://registry.npmjs.org/punycode/-/punycode-1.3.2.tgz 31031ms (cache miss)
8605 http fetch GET 200 https://registry.npmjs.org/is-potential-custom-element-name/-/is-potential-custom-element-name-1.0.1.tgz 30935ms (cache miss)
8606 http fetch GET 200 https://registry.npmjs.org/whatwg-encoding/-/whatwg-encoding-1.0.5.tgz 30922ms (cache miss)
8607 http fetch GET 200 https://registry.npmjs.org/html-encoding-sniffer/-/html-encoding-sniffer-2.0.1.tgz 30931ms (cache miss)
8608 http fetch GET 200 https://registry.npmjs.org/http-proxy-agent/-/http-proxy-agent-4.0.1.tgz 30936ms (cache miss)
8609 http fetch GET 200 https://registry.npmjs.org/@tootallnate/once/-/once-1.1.2.tgz 31004ms (cache miss)
8610 warn deprecated whatwg-encoding@1.0.5: Use @exodus/bytes instead for a more spec-conformant and faster implementation
8611 http fetch GET 200 https://registry.npmjs.org/abab/-/abab-2.0.6.tgz 30930ms (cache miss)
8612 warn deprecated abab@2.0.6: Use your platform's native atob() and btoa() methods instead
8613 http fetch GET 200 https://registry.npmjs.org/data-urls/-/data-urls-2.0.0.tgz 30966ms (cache miss)
8614 http fetch GET 200 https://registry.npmjs.org/webidl-conversions/-/webidl-conversions-5.0.0.tgz 30972ms (cache miss)
8615 http fetch GET 200 https://registry.npmjs.org/cssom/-/cssom-0.4.4.tgz 30952ms (cache miss)
8616 http fetch GET 200 https://registry.npmjs.org/object.assign/-/object.assign-4.1.7.tgz 32542ms (cache miss)
8617 http fetch GET 200 https://registry.npmjs.org/acorn-globals/-/acorn-globals-6.0.0.tgz 31028ms (cache miss)
8618 http fetch GET 200 https://registry.npmjs.org/whatwg-mimetype/-/whatwg-mimetype-2.3.0.tgz 31048ms (cache miss)
8619 http fetch GET 200 https://registry.npmjs.org/chalk/-/chalk-5.6.2.tgz 33215ms (cache miss)
8620 http fetch GET 200 https://registry.npmjs.org/escodegen/-/escodegen-2.1.0.tgz 31141ms (cache miss)
8621 http fetch GET 200 https://registry.npmjs.org/saxes/-/saxes-5.0.1.tgz 31172ms (cache miss)
8622 http fetch GET 200 https://registry.npmjs.org/omggif/-/omggif-1.0.10.tgz 31058ms (cache miss)
8623 http fetch GET 200 https://registry.npmjs.org/tr46/-/tr46-0.0.3.tgz 32026ms (cache miss)
8624 http fetch GET 200 https://registry.npmjs.org/domexception/-/domexception-2.0.1.tgz 31222ms (cache miss)
8625 http fetch GET 200 https://registry.npmjs.org/symbol-tree/-/symbol-tree-3.2.4.tgz 31265ms (cache miss)
8626 http fetch GET 200 https://registry.npmjs.org/utif/-/utif-2.0.1.tgz 31164ms (cache miss)
8627 http fetch GET 200 https://registry.npmjs.org/min-document/-/min-document-2.19.2.tgz 34202ms (cache miss)
8628 http fetch GET 200 https://registry.npmjs.org/cacheable-request/-/cacheable-request-10.2.14.tgz 32317ms (cache miss)
8629 http fetch GET 200 https://registry.npmjs.org/through/-/through-2.3.8.tgz 31399ms (cache miss)
8630 http fetch GET 200 https://registry.npmjs.org/@jimp/plugin-invert/-/plugin-invert-0.16.13.tgz 31142ms (cache miss)
8631 http fetch GET 200 https://registry.npmjs.org/@jimp/plugin-mask/-/plugin-mask-0.16.13.tgz 31157ms (cache miss)
8632 http fetch GET 200 https://registry.npmjs.org/@jimp/plugin-normalize/-/plugin-normalize-0.16.13.tgz 31151ms (cache miss)
8633 http fetch GET 200 https://registry.npmjs.org/@jimp/plugin-gaussian/-/plugin-gaussian-0.16.13.tgz 31136ms (cache miss)
8634 http fetch GET 200 https://registry.npmjs.org/@jimp/plugin-flip/-/plugin-flip-0.16.13.tgz 31127ms (cache miss)
8635 http fetch GET 200 https://registry.npmjs.org/function.prototype.name/-/function.prototype.name-1.2.0.tgz 32769ms (cache miss)
8636 http fetch GET 200 https://registry.npmjs.org/@jimp/plugin-rotate/-/plugin-rotate-0.16.13.tgz 31197ms (cache miss)
8637 http fetch GET 200 https://registry.npmjs.org/@jimp/plugin-dither/-/plugin-dither-0.16.13.tgz 31197ms (cache miss)
8638 warn deprecated domexception@2.0.1: Use your platform's native DOMException instead
8639 http fetch GET 200 https://registry.npmjs.org/w3c-hr-time/-/w3c-hr-time-1.0.2.tgz 31470ms (cache miss)
8640 http fetch GET 200 https://registry.npmjs.org/@jimp/plugin-crop/-/plugin-crop-0.16.13.tgz 31231ms (cache miss)
8641 http fetch GET 200 https://registry.npmjs.org/@jimp/plugin-cover/-/plugin-cover-0.16.13.tgz 31229ms (cache miss)
8642 http fetch GET 200 https://registry.npmjs.org/@jimp/plugin-circle/-/plugin-circle-0.16.13.tgz 31196ms (cache miss)
8643 http fetch GET 200 https://registry.npmjs.org/jpeg-js/-/jpeg-js-0.4.4.tgz 31384ms (cache miss)
8644 http fetch GET 200 https://registry.npmjs.org/@jimp/plugin-contain/-/plugin-contain-0.16.13.tgz 31245ms (cache miss)
8645 http fetch GET 200 https://registry.npmjs.org/@jimp/plugin-displace/-/plugin-displace-0.16.13.tgz 31283ms (cache miss)
8646 http fetch GET 200 https://registry.npmjs.org/@jimp/plugin-fisheye/-/plugin-fisheye-0.16.13.tgz 31291ms (cache miss)
8647 http fetch GET 200 https://registry.npmjs.org/@jimp/plugin-scale/-/plugin-scale-0.16.13.tgz 31269ms (cache miss)
8648 http fetch GET 200 https://registry.npmjs.org/wildcard-match/-/wildcard-match-5.1.2.tgz 32256ms (cache miss)
8649 http fetch GET 200 https://registry.npmjs.org/https-proxy-agent/-/https-proxy-agent-7.0.6.tgz 32241ms (cache miss)
8650 http fetch GET 200 https://registry.npmjs.org/braces/-/braces-3.0.3.tgz 31781ms (cache miss)
8651 warn deprecated w3c-hr-time@1.0.2: Use your platform's native performance.now() and performance.timeOrigin.
8652 http fetch GET 200 https://registry.npmjs.org/nwsapi/-/nwsapi-2.2.28.tgz 31617ms (cache miss)
8653 http fetch GET 200 https://registry.npmjs.org/argparse/-/argparse-2.0.1.tgz 31545ms (cache miss)
8654 http fetch GET 200 https://registry.npmjs.org/@jimp/plugin-shadow/-/plugin-shadow-0.16.13.tgz 31457ms (cache miss)
8655 http fetch GET 200 https://registry.npmjs.org/phin/-/phin-2.9.3.tgz 31321ms (cache miss)
8656 warn deprecated phin@2.9.3: Package no longer supported. Contact Support at https://www.npmjs.com/support for more info.
8657 http fetch GET 200 https://registry.npmjs.org/mkdirp/-/mkdirp-0.5.6.tgz 31318ms (cache miss)
8658 http fetch GET 200 https://registry.npmjs.org/load-bmfont/-/load-bmfont-1.4.2.tgz 31389ms (cache miss)
8659 http fetch GET 200 https://registry.npmjs.org/agent-base/-/agent-base-7.1.4.tgz 32463ms (cache miss)
8660 http fetch GET 200 https://registry.npmjs.org/promise.allsettled/-/promise.allsettled-1.0.6.tgz 32525ms (cache miss)
8661 http fetch GET 200 https://registry.npmjs.org/esprima/-/esprima-4.0.1.tgz 31967ms (cache miss)
8662 http fetch GET 200 https://registry.npmjs.org/any-base/-/any-base-1.1.0.tgz 31605ms (cache miss)
8663 http fetch GET 200 https://registry.npmjs.org/phin/-/phin-3.7.1.tgz 31665ms (cache miss)
8664 warn deprecated phin@3.7.1: Package no longer supported. Contact Support at https://www.npmjs.com/support for more info.
8665 http fetch GET 200 https://registry.npmjs.org/timm/-/timm-1.7.1.tgz 31868ms (cache miss)
8666 http fetch GET 200 https://registry.npmjs.org/regenerator-runtime/-/regenerator-runtime-0.13.11.tgz 31644ms (cache miss)
8667 http fetch GET 200 https://registry.npmjs.org/@jimp/types/-/types-0.16.13.tgz 31659ms (cache miss)
8668 http fetch GET 200 https://registry.npmjs.org/@jimp/plugin-blur/-/plugin-blur-0.16.13.tgz 31829ms (cache miss)
8669 http fetch GET 200 https://registry.npmjs.org/@jimp/utils/-/utils-0.16.13.tgz 31760ms (cache miss)
8670 http fetch GET 200 https://registry.npmjs.org/@jimp/plugins/-/plugins-0.16.13.tgz 31736ms (cache miss)
8671 http fetch GET 200 https://registry.npmjs.org/@octokit/graphql/-/graphql-5.0.6.tgz 32929ms (cache miss)
8672 http fetch GET 200 https://registry.npmjs.org/leven/-/leven-3.1.0.tgz 31760ms (cache miss)
8673 http fetch GET 200 https://registry.npmjs.org/@jridgewell/trace-mapping/-/trace-mapping-0.3.9.tgz 34118ms (cache miss)
8674 http fetch GET 200 https://registry.npmjs.org/decimal.js/-/decimal.js-10.6.0.tgz 32205ms (cache miss)
8675 http fetch GET 200 https://registry.npmjs.org/@jimp/custom/-/custom-0.16.13.tgz 31904ms (cache miss)
8676 http fetch GET 200 https://registry.npmjs.org/xmlchars/-/xmlchars-2.2.0.tgz 34111ms (cache miss)
8677 http fetch GET 200 https://registry.npmjs.org/jsonparse/-/jsonparse-1.3.1.tgz 32410ms (cache miss)
8678 http fetch GET 200 https://registry.npmjs.org/@iarna/toml/-/toml-2.2.5.tgz 32838ms (cache miss)
8679 http fetch GET 200 https://registry.npmjs.org/tough-cookie/-/tough-cookie-4.1.4.tgz 32419ms (cache miss)
8680 http fetch GET 200 https://registry.npmjs.org/@types/prettier/-/prettier-2.7.3.tgz 31986ms (cache miss)
8681 http fetch GET 200 https://registry.npmjs.org/yargs-parser/-/yargs-parser-20.2.9.tgz 32657ms (cache miss)
8682 http fetch GET 200 https://registry.npmjs.org/@jimp/jpeg/-/jpeg-0.16.13.tgz 32345ms (cache miss)
8683 http fetch GET 200 https://registry.npmjs.org/strip-bom/-/strip-bom-4.0.0.tgz 32046ms (cache miss)
8684 http fetch GET 200 https://registry.npmjs.org/@jest/globals/-/globals-27.5.1.tgz 32035ms (cache miss)
8685 http fetch GET 200 https://registry.npmjs.org/@shikijs/engine-oniguruma/-/engine-oniguruma-1.29.2.tgz 34570ms (cache miss)
8686 http fetch GET 200 https://registry.npmjs.org/@eslint/config-array/-/config-array-0.23.5.tgz 35553ms (cache miss)
8687 http fetch GET 200 https://registry.npmjs.org/chalk/-/chalk-5.6.2.tgz 33275ms (cache miss)
8688 http fetch GET 200 https://registry.npmjs.org/@pinojs/redact/-/redact-0.4.0.tgz 33120ms (cache miss)
8689 http fetch GET 200 https://registry.npmjs.org/pino-std-serializers/-/pino-std-serializers-7.1.0.tgz 33130ms (cache miss)
8690 http fetch GET 200 https://registry.npmjs.org/@babel/plugin-syntax-typescript/-/plugin-syntax-typescript-7.29.7.tgz 32341ms (cache miss)
8691 http fetch GET 200 https://registry.npmjs.org/detect-newline/-/detect-newline-3.1.0.tgz 32318ms (cache miss)
8692 http fetch GET 200 https://registry.npmjs.org/cjs-module-lexer/-/cjs-module-lexer-1.4.3.tgz 32335ms (cache miss)
8693 http fetch GET 200 https://registry.npmjs.org/jest-leak-detector/-/jest-leak-detector-27.5.1.tgz 32385ms (cache miss)
8694 http fetch GET 200 https://registry.npmjs.org/jest-docblock/-/jest-docblock-27.5.1.tgz 32381ms (cache miss)
8695 http fetch GET 200 https://registry.npmjs.org/resolve.exports/-/resolve.exports-1.1.1.tgz 32378ms (cache miss)
8696 http fetch GET 200 https://registry.npmjs.org/source-map-support/-/source-map-support-0.5.21.tgz 32395ms (cache miss)
8697 http fetch GET 200 https://registry.npmjs.org/jest-pnp-resolver/-/jest-pnp-resolver-1.2.3.tgz 32440ms (cache miss)
8698 http fetch GET 200 https://registry.npmjs.org/psl/-/psl-1.15.0.tgz 34953ms (cache miss)
8699 http fetch GET 200 https://registry.npmjs.org/diff-sequences/-/diff-sequences-27.5.1.tgz 32604ms (cache miss)
8700 http fetch GET 200 https://registry.npmjs.org/node-int64/-/node-int64-0.4.0.tgz 32595ms (cache miss)
8701 http fetch GET 200 https://registry.npmjs.org/callsites/-/callsites-3.1.0.tgz 32605ms (cache miss)
8702 http fetch GET 200 https://registry.npmjs.org/whatwg-url/-/whatwg-url-8.7.0.tgz 33228ms (cache miss)
8703 http fetch GET 200 https://registry.npmjs.org/@jest/source-map/-/source-map-27.5.1.tgz 32669ms (cache miss)
8704 http fetch GET 200 https://registry.npmjs.org/@types/stack-utils/-/stack-utils-2.0.3.tgz 32695ms (cache miss)
8705 http fetch GET 200 https://registry.npmjs.org/@jimp/png/-/png-0.16.13.tgz 33142ms (cache miss)
8706 http fetch GET 200 https://registry.npmjs.org/walker/-/walker-1.0.8.tgz 32742ms (cache miss)
8707 http fetch GET 200 https://registry.npmjs.org/jest-serializer/-/jest-serializer-27.5.1.tgz 32738ms (cache miss)
8708 http fetch GET 200 https://registry.npmjs.org/normalize-path/-/normalize-path-3.0.0.tgz 32752ms (cache miss)
8709 http fetch GET 200 https://registry.npmjs.org/@jimp/gif/-/gif-0.16.13.tgz 33223ms (cache miss)
8710 http fetch GET 200 https://registry.npmjs.org/bser/-/bser-2.1.1.tgz 32844ms (cache miss)
8711 http fetch GET 200 https://registry.npmjs.org/fb-watchman/-/fb-watchman-2.0.2.tgz 32821ms (cache miss)
8712 http fetch GET 200 https://registry.npmjs.org/anymatch/-/anymatch-3.1.3.tgz 32817ms (cache miss)
8713 http fetch GET 200 https://registry.npmjs.org/@types/graceful-fs/-/graceful-fs-4.1.9.tgz 32813ms (cache miss)
8714 http fetch GET 200 https://registry.npmjs.org/whatwg-mimetype/-/whatwg-mimetype-2.3.0.tgz 32897ms (cache miss)
8715 http fetch GET 200 https://registry.npmjs.org/whatwg-encoding/-/whatwg-encoding-1.0.5.tgz 32894ms (cache miss)
8716 silly packumentCache heap:1047265280 maxSize:261816320 maxEntrySize:130908160
8717 warn deprecated whatwg-encoding@1.0.5: Use @exodus/bytes instead for a more spec-conformant and faster implementation
8718 http fetch GET 200 https://registry.npmjs.org/@jimp/bmp/-/bmp-0.16.13.tgz 33475ms (cache miss)
8719 http fetch GET 200 https://registry.npmjs.org/stack-utils/-/stack-utils-2.0.6.tgz 33008ms (cache miss)
8720 http fetch GET 200 https://registry.npmjs.org/@sinonjs/commons/-/commons-1.8.6.tgz 33031ms (cache miss)
8721 http fetch GET 200 https://registry.npmjs.org/@jest/fake-timers/-/fake-timers-27.5.1.tgz 33016ms (cache miss)
8722 http fetch GET 200 https://registry.npmjs.org/escape-string-regexp/-/escape-string-regexp-2.0.0.tgz 33002ms (cache miss)
8723 http fetch GET 200 https://registry.npmjs.org/is-generator-fn/-/is-generator-fn-2.1.0.tgz 32999ms (cache miss)
8724 http fetch GET 200 https://registry.npmjs.org/jest-each/-/jest-each-27.5.1.tgz 33013ms (cache miss)
8725 http fetch GET 200 https://registry.npmjs.org/@sinonjs/fake-timers/-/fake-timers-8.1.0.tgz 33092ms (cache miss)
8726 http fetch GET 200 https://registry.npmjs.org/co/-/co-4.6.0.tgz 33035ms (cache miss)
8727 http fetch GET 200 https://registry.npmjs.org/dedent/-/dedent-0.7.0.tgz 33053ms (cache miss)
8728 http fetch GET 200 https://registry.npmjs.org/node-fetch/-/node-fetch-3.3.1.tgz 34414ms (cache miss)
8729 http fetch GET 200 https://registry.npmjs.org/jest-mock/-/jest-mock-27.5.1.tgz 33186ms (cache miss)
8730 http fetch GET 200 https://registry.npmjs.org/@babel/plugin-syntax-private-property-in-object/-/plugin-syntax-private-property-in-object-7.14.5.tgz 33096ms (cache miss)
8731 http fetch GET 200 https://registry.npmjs.org/@babel/plugin-syntax-top-level-await/-/plugin-syntax-top-level-await-7.14.5.tgz 33113ms (cache miss)
8732 http fetch GET 200 https://registry.npmjs.org/@babel/plugin-syntax-optional-chaining/-/plugin-syntax-optional-chaining-7.8.3.tgz 33091ms (cache miss)
8733 http fetch GET 200 https://registry.npmjs.org/@babel/plugin-syntax-numeric-separator/-/plugin-syntax-numeric-separator-7.10.4.tgz 33075ms (cache miss)
8734 http fetch GET 200 https://registry.npmjs.org/@babel/plugin-syntax-optional-catch-binding/-/plugin-syntax-optional-catch-binding-7.8.3.tgz 33161ms (cache miss)
8735 http fetch GET 200 https://registry.npmjs.org/@babel/plugin-syntax-logical-assignment-operators/-/plugin-syntax-logical-assignment-operators-7.10.4.tgz 33140ms (cache miss)
8736 http fetch GET 200 https://registry.npmjs.org/@babel/plugin-syntax-object-rest-spread/-/plugin-syntax-object-rest-spread-7.8.3.tgz 33158ms (cache miss)
8737 http fetch GET 200 https://registry.npmjs.org/@babel/plugin-syntax-nullish-coalescing-operator/-/plugin-syntax-nullish-coalescing-operator-7.8.3.tgz 33149ms (cache miss)
8738 http fetch GET 200 https://registry.npmjs.org/type-detect/-/type-detect-4.0.8.tgz 33287ms (cache miss)
8739 http fetch GET 200 https://registry.npmjs.org/@babel/plugin-syntax-import-meta/-/plugin-syntax-import-meta-7.10.4.tgz 33137ms (cache miss)
8740 http fetch GET 200 https://registry.npmjs.org/@babel/plugin-syntax-json-strings/-/plugin-syntax-json-strings-7.8.3.tgz 33144ms (cache miss)
8741 http fetch GET 200 https://registry.npmjs.org/@babel/plugin-syntax-class-static-block/-/plugin-syntax-class-static-block-7.14.5.tgz 33259ms (cache miss)
8742 http fetch GET 200 https://registry.npmjs.org/@jest/environment/-/environment-27.5.1.tgz 33366ms (cache miss)
8743 http fetch GET 200 https://registry.npmjs.org/babel-preset-current-node-syntax/-/babel-preset-current-node-syntax-1.2.0.tgz 33242ms (cache miss)
8744 http fetch GET 200 https://registry.npmjs.org/@babel/plugin-syntax-class-properties/-/plugin-syntax-class-properties-7.12.13.tgz 33255ms (cache miss)
8745 http fetch GET 200 https://registry.npmjs.org/@babel/plugin-syntax-import-attributes/-/plugin-syntax-import-attributes-7.29.7.tgz 33275ms (cache miss)
8746 http fetch GET 200 https://registry.npmjs.org/@babel/plugin-syntax-bigint/-/plugin-syntax-bigint-7.8.3.tgz 33266ms (cache miss)
8747 http fetch GET 200 https://registry.npmjs.org/@babel/plugin-syntax-async-generators/-/plugin-syntax-async-generators-7.8.4.tgz 33254ms (cache miss)
8748 http fetch GET 200 https://registry.npmjs.org/tinycolor2/-/tinycolor2-1.6.0.tgz 33811ms (cache miss)
8749 http fetch GET 200 https://registry.npmjs.org/@types/babel__template/-/babel__template-7.4.4.tgz 33314ms (cache miss)
8750 http fetch GET 200 https://registry.npmjs.org/babel-plugin-jest-hoist/-/babel-plugin-jest-hoist-27.5.1.tgz 33328ms (cache miss)
8751 http fetch GET 200 https://registry.npmjs.org/@types/babel__generator/-/babel__generator-7.27.0.tgz 33247ms (cache miss)
8752 http fetch GET 200 https://registry.npmjs.org/babel-preset-jest/-/babel-preset-jest-27.5.1.tgz 33244ms (cache miss)
8753 http fetch GET 200 https://registry.npmjs.org/@types/babel__core/-/babel__core-7.20.5.tgz 33240ms (cache miss)
8754 http fetch GET 200 https://registry.npmjs.org/parse-json/-/parse-json-5.2.0.tgz 33237ms (cache miss)
8755 http fetch GET 200 https://registry.npmjs.org/sonic-boom/-/sonic-boom-4.2.1.tgz 34590ms (cache miss)
8756 http fetch GET 200 https://registry.npmjs.org/form-data/-/form-data-3.0.5.tgz 33628ms (cache miss)
8757 http fetch GET 200 https://registry.npmjs.org/@types/babel__traverse/-/babel__traverse-7.28.0.tgz 33427ms (cache miss)
8758 http fetch GET 200 https://registry.npmjs.org/jest-environment-node/-/jest-environment-node-27.5.1.tgz 33319ms (cache miss)
8759 http fetch GET 200 https://registry.npmjs.org/jest-environment-jsdom/-/jest-environment-jsdom-27.5.1.tgz 33316ms (cache miss)
8760 http fetch GET 200 https://registry.npmjs.org/ci-info/-/ci-info-3.9.0.tgz 33304ms (cache miss)
8761 http fetch GET 200 https://registry.npmjs.org/jest-get-type/-/jest-get-type-27.5.1.tgz 33332ms (cache miss)
8762 http fetch GET 200 https://registry.npmjs.org/@jimp/plugin-resize/-/plugin-resize-0.16.13.tgz 34057ms (cache miss)
8763 http fetch GET 200 https://registry.npmjs.org/deepmerge/-/deepmerge-4.3.1.tgz 33389ms (cache miss)
8764 http fetch GET 200 https://registry.npmjs.org/babel-jest/-/babel-jest-27.5.1.tgz 33381ms (cache miss)
8765 http fetch GET 200 https://registry.npmjs.org/strip-final-newline/-/strip-final-newline-2.0.0.tgz 33364ms (cache miss)
8766 http fetch GET 200 https://registry.npmjs.org/npm-run-path/-/npm-run-path-4.0.1.tgz 33359ms (cache miss)
8767 http fetch GET 200 https://registry.npmjs.org/merge-stream/-/merge-stream-2.0.0.tgz 33355ms (cache miss)
8768 http fetch GET 200 https://registry.npmjs.org/is-stream/-/is-stream-2.0.1.tgz 33352ms (cache miss)
8769 http fetch GET 200 https://registry.npmjs.org/@jest/test-sequencer/-/test-sequencer-27.5.1.tgz 33383ms (cache miss)
8770 http fetch GET 200 https://registry.npmjs.org/picomatch/-/picomatch-2.3.2.tgz 33881ms (cache miss)
8771 http fetch GET 200 https://registry.npmjs.org/throat/-/throat-6.0.2.tgz 33432ms (cache miss)
8772 http fetch GET 200 https://registry.npmjs.org/get-stream/-/get-stream-6.0.1.tgz 33439ms (cache miss)
8773 http fetch GET 200 https://registry.npmjs.org/html-escaper/-/html-escaper-2.0.2.tgz 33425ms (cache miss)
8774 http fetch GET 200 https://registry.npmjs.org/human-signals/-/human-signals-2.1.0.tgz 33447ms (cache miss)
8775 http fetch GET 200 https://registry.npmjs.org/execa/-/execa-5.1.1.tgz 33432ms (cache miss)
8776 http fetch GET 200 https://registry.npmjs.org/make-dir/-/make-dir-4.0.0.tgz 33423ms (cache miss)
8777 http fetch GET 200 https://registry.npmjs.org/resolve-cwd/-/resolve-cwd-3.0.0.tgz 33413ms (cache miss)
8778 http fetch GET 200 https://registry.npmjs.org/resolve-from/-/resolve-from-5.0.0.tgz 33482ms (cache miss)
8779 http fetch GET 200 https://registry.npmjs.org/pkg-dir/-/pkg-dir-4.2.0.tgz 33478ms (cache miss)
8780 http fetch GET 200 https://registry.npmjs.org/find-up/-/find-up-4.1.0.tgz 33459ms (cache miss)
8781 http fetch GET 200 https://registry.npmjs.org/path-is-absolute/-/path-is-absolute-1.0.1.tgz 33455ms (cache miss)
8782 http fetch GET 200 https://registry.npmjs.org/p-locate/-/p-locate-4.1.0.tgz 33472ms (cache miss)
8783 warn deprecated node-domexception@1.0.0: Use your platform's native DOMException instead
8784 http fetch GET 200 https://registry.npmjs.org/locate-path/-/locate-path-5.0.0.tgz 33555ms (cache miss)
8785 http fetch GET 200 https://registry.npmjs.org/p-limit/-/p-limit-2.3.0.tgz 33568ms (cache miss)
8786 http fetch GET 200 https://registry.npmjs.org/update-browserslist-db/-/update-browserslist-db-1.3.3.tgz 33538ms (cache miss)
8787 http fetch GET 200 https://registry.npmjs.org/inflight/-/inflight-1.0.6.tgz 33670ms (cache miss)
8788 warn deprecated inflight@1.0.6: This module is not supported, and leaks memory. Do not use it. Check out lru-cache if you want a good and tested way to coalesce async requests by a key value, which is much more comprehensive and powerful.
8789 http fetch GET 200 https://registry.npmjs.org/fs.realpath/-/fs.realpath-1.0.0.tgz 33661ms (cache miss)
8790 http fetch GET 200 https://registry.npmjs.org/camelcase/-/camelcase-5.3.1.tgz 33638ms (cache miss)
8791 http fetch GET 200 https://registry.npmjs.org/get-package-type/-/get-package-type-0.1.0.tgz 33645ms (cache miss)
8792 http fetch GET 200 https://registry.npmjs.org/test-exclude/-/test-exclude-6.0.0.tgz 33637ms (cache miss)
8793 http fetch GET 200 https://registry.npmjs.org/node-releases/-/node-releases-2.0.57.tgz 33675ms (cache miss)
8794 http fetch GET 200 https://registry.npmjs.org/@babel/helper-plugin-utils/-/helper-plugin-utils-7.29.7.tgz 33678ms (cache miss)
8795 http fetch GET 200 https://registry.npmjs.org/@types/yargs-parser/-/yargs-parser-21.0.3.tgz 33671ms (cache miss)
8796 http fetch GET 200 https://registry.npmjs.org/@istanbuljs/schema/-/schema-0.1.6.tgz 33722ms (cache miss)
8797 http fetch GET 200 https://registry.npmjs.org/@types/istanbul-lib-report/-/istanbul-lib-report-3.0.3.tgz 33670ms (cache miss)
8798 http fetch GET 200 https://registry.npmjs.org/bs-logger/-/bs-logger-0.2.6.tgz 36786ms (cache miss)
8799 http fetch GET 200 https://registry.npmjs.org/resolve-from/-/resolve-from-5.0.0.tgz 33783ms (cache miss)
8800 http fetch GET 200 https://registry.npmjs.org/p-limit/-/p-limit-2.3.0.tgz 33799ms (cache miss)
8801 http fetch GET 200 https://registry.npmjs.org/find-up/-/find-up-4.1.0.tgz 33771ms (cache miss)
8802 http fetch GET 200 https://registry.npmjs.org/p-locate/-/p-locate-4.1.0.tgz 33808ms (cache miss)
8803 http fetch GET 200 https://registry.npmjs.org/@jridgewell/resolve-uri/-/resolve-uri-3.1.2.tgz 33756ms (cache miss)
8804 http fetch GET 200 https://registry.npmjs.org/@types/yargs/-/yargs-16.0.11.tgz 33753ms (cache miss)
8805 http fetch GET 200 https://registry.npmjs.org/locate-path/-/locate-path-5.0.0.tgz 33890ms (cache miss)
8806 http fetch GET 200 https://registry.npmjs.org/@types/istanbul-reports/-/istanbul-reports-3.0.4.tgz 33844ms (cache miss)
8807 http fetch GET 200 https://registry.npmjs.org/@babel/helper-string-parser/-/helper-string-parser-7.29.7.tgz 33841ms (cache miss)
8808 http fetch GET 200 https://registry.npmjs.org/@babel/helper-validator-option/-/helper-validator-option-7.29.7.tgz 33822ms (cache miss)
8809 http fetch GET 200 https://registry.npmjs.org/js-tokens/-/js-tokens-4.0.0.tgz 33798ms (cache miss)
8810 http fetch GET 200 https://registry.npmjs.org/@babel/compat-data/-/compat-data-7.29.7.tgz 33815ms (cache miss)
8811 http fetch GET 200 https://registry.npmjs.org/@babel/helper-validator-identifier/-/helper-validator-identifier-7.29.7.tgz 33796ms (cache miss)
8812 http fetch GET 200 https://registry.npmjs.org/@octokit/types/-/types-9.3.2.tgz 35922ms (cache miss)
8813 http fetch GET 200 https://registry.npmjs.org/@octokit/types/-/types-10.0.0.tgz 35861ms (cache miss)
8814 http fetch GET 200 https://registry.npmjs.org/@octokit/plugin-paginate-rest/-/plugin-paginate-rest-6.1.2.tgz 35858ms (cache miss)
8815 http fetch GET 200 https://registry.npmjs.org/jsesc/-/jsesc-3.1.0.tgz 33915ms (cache miss)
8816 http fetch GET 200 https://registry.npmjs.org/@babel/helper-globals/-/helper-globals-7.29.7.tgz 33939ms (cache miss)
8817 http fetch GET 200 https://registry.npmjs.org/gensync/-/gensync-1.0.0-beta.2.tgz 33884ms (cache miss)
8818 http fetch GET 200 https://registry.npmjs.org/cssom/-/cssom-0.3.8.tgz 35156ms (cache miss)
8819 http fetch GET 200 https://registry.npmjs.org/@istanbuljs/load-nyc-config/-/load-nyc-config-1.1.0.tgz 34113ms (cache miss)
8820 http fetch GET 200 https://registry.npmjs.org/basic-ftp/-/basic-ftp-5.3.1.tgz 37030ms (cache miss)
8821 http fetch GET 200 https://registry.npmjs.org/lru-cache/-/lru-cache-5.1.1.tgz 34094ms (cache miss)
8822 http fetch GET 200 https://registry.npmjs.org/@babel/helper-compilation-targets/-/helper-compilation-targets-7.29.7.tgz 34109ms (cache miss)
8823 http fetch GET 200 https://registry.npmjs.org/@babel/code-frame/-/code-frame-7.29.7.tgz 34187ms (cache miss)
8824 http fetch GET 200 https://registry.npmjs.org/convert-source-map/-/convert-source-map-1.9.0.tgz 34173ms (cache miss)
8825 http fetch GET 200 https://registry.npmjs.org/babel-plugin-istanbul/-/babel-plugin-istanbul-6.1.1.tgz 34170ms (cache miss)
8826 http fetch GET 200 https://registry.npmjs.org/convert-source-map/-/convert-source-map-2.0.0.tgz 34162ms (cache miss)
8827 http fetch GET 200 https://registry.npmjs.org/browserslist/-/browserslist-4.29.2.tgz 34386ms (cache miss)
8828 http fetch GET 200 https://registry.npmjs.org/write-file-atomic/-/write-file-atomic-3.0.3.tgz 34280ms (cache miss)
8829 http fetch GET 200 https://registry.npmjs.org/@types/istanbul-lib-coverage/-/istanbul-lib-coverage-2.0.6.tgz 34253ms (cache miss)
8830 http fetch GET 200 https://registry.npmjs.org/terminal-link/-/terminal-link-2.1.1.tgz 34240ms (cache miss)
8831 http fetch GET 200 https://registry.npmjs.org/string-length/-/string-length-4.0.2.tgz 34301ms (cache miss)
8832 http fetch GET 200 https://registry.npmjs.org/@jimp/plugin-color/-/plugin-color-0.16.13.tgz 35410ms (cache miss)
8833 http fetch GET 200 https://registry.npmjs.org/pirates/-/pirates-4.0.7.tgz 34366ms (cache miss)
8834 http fetch GET 200 https://registry.npmjs.org/supports-color/-/supports-color-8.1.1.tgz 34312ms (cache miss)
8835 http fetch GET 200 https://registry.npmjs.org/glob/-/glob-7.2.3.tgz 34291ms (cache miss)
8836 warn deprecated glob@7.2.3: Old versions of glob are not supported, and contain widely publicized security vulnerabilities, which have been fixed in the current version. Please update. Support for old versions may be purchased (at exorbitant rates) by contacting i@izs.me
8837 http fetch GET 200 https://registry.npmjs.org/collect-v8-coverage/-/collect-v8-coverage-1.0.3.tgz 34391ms (cache miss)
8838 http fetch GET 200 https://registry.npmjs.org/slash/-/slash-3.0.0.tgz 34388ms (cache miss)
8839 http fetch GET 200 https://registry.npmjs.org/micromatch/-/micromatch-4.0.8.tgz 34381ms (cache miss)
8840 http fetch GET 200 https://registry.npmjs.org/jest-runner/-/jest-runner-27.5.1.tgz 34946ms (cache miss)
8841 http fetch GET 200 https://registry.npmjs.org/jest-validate/-/jest-validate-27.5.1.tgz 34976ms (cache miss)
8842 http fetch GET 200 https://registry.npmjs.org/camelcase/-/camelcase-6.3.0.tgz 34974ms (cache miss)
8843 http fetch GET 200 https://registry.npmjs.org/jest-resolve-dependencies/-/jest-resolve-dependencies-27.5.1.tgz 34948ms (cache miss)
8844 http fetch GET 200 https://registry.npmjs.org/jest-message-util/-/jest-message-util-27.5.1.tgz 35087ms (cache miss)
8845 http fetch GET 200 https://registry.npmjs.org/jest-regex-util/-/jest-regex-util-27.5.1.tgz 35094ms (cache miss)
8846 http fetch GET 200 https://registry.npmjs.org/jest-changed-files/-/jest-changed-files-27.5.1.tgz 35136ms (cache miss)
8847 http fetch GET 200 https://registry.npmjs.org/@jest/types/-/types-27.5.1.tgz 35132ms (cache miss)
8848 http fetch GET 200 https://registry.npmjs.org/ansi-escapes/-/ansi-escapes-4.3.2.tgz 35144ms (cache miss)
8849 http fetch GET 200 https://registry.npmjs.org/@jest/transform/-/transform-27.5.1.tgz 35127ms (cache miss)
8850 http fetch GET 200 https://registry.npmjs.org/emittery/-/emittery-0.8.1.tgz 35112ms (cache miss)
8851 http fetch GET 200 https://registry.npmjs.org/@jest/console/-/console-27.5.1.tgz 35230ms (cache miss)
8852 http fetch GET 200 https://registry.npmjs.org/@jest/test-result/-/test-result-27.5.1.tgz 35248ms (cache miss)
8853 http fetch GET 200 https://registry.npmjs.org/import-local/-/import-local-3.2.0.tgz 35223ms (cache miss)
8854 http fetch GET 200 https://registry.npmjs.org/text-extensions/-/text-extensions-1.9.0.tgz 35215ms (cache miss)
8855 http fetch GET 200 https://registry.npmjs.org/electron-to-chromium/-/electron-to-chromium-1.5.439.tgz 35754ms (cache miss)
8856 http fetch GET 200 https://registry.npmjs.org/is-extglob/-/is-extglob-2.1.1.tgz 35285ms (cache miss)
8857 http fetch GET 200 https://registry.npmjs.org/resolve-from/-/resolve-from-4.0.0.tgz 35282ms (cache miss)
8858 http fetch GET 200 https://registry.npmjs.org/agent-base/-/agent-base-6.0.2.tgz 35272ms (cache miss)
8859 http fetch GET 200 https://registry.npmjs.org/wordwrap/-/wordwrap-1.0.0.tgz 35254ms (cache miss)
8860 http fetch GET 200 https://registry.npmjs.org/istanbul-lib-coverage/-/istanbul-lib-coverage-3.2.2.tgz 35565ms (cache miss)
8861 http fetch GET 200 https://registry.npmjs.org/pify/-/pify-2.3.0.tgz 35361ms (cache miss)
8862 http fetch GET 200 https://registry.npmjs.org/lru-cache/-/lru-cache-6.0.0.tgz 35339ms (cache miss)
8863 http fetch GET 200 https://registry.npmjs.org/dargs/-/dargs-7.0.0.tgz 35355ms (cache miss)
8864 http fetch GET 200 https://registry.npmjs.org/hosted-git-info/-/hosted-git-info-4.1.0.tgz 35347ms (cache miss)
8865 http fetch GET 200 https://registry.npmjs.org/yallist/-/yallist-4.0.0.tgz 35339ms (cache miss)
8866 http fetch GET 200 https://registry.npmjs.org/parent-module/-/parent-module-1.0.1.tgz 35411ms (cache miss)
8867 http fetch GET 200 https://registry.npmjs.org/gitconfiglocal/-/gitconfiglocal-1.0.0.tgz 35374ms (cache miss)
8868 http fetch GET 200 https://registry.npmjs.org/baseline-browser-mapping/-/baseline-browser-mapping-2.11.26.tgz 35976ms (cache miss)
8869 http fetch GET 200 https://registry.npmjs.org/path-exists/-/path-exists-4.0.0.tgz 35411ms (cache miss)
8870 http fetch GET 200 https://registry.npmjs.org/flatted/-/flatted-3.4.4.tgz 35419ms (cache miss)
8871 http fetch GET 200 https://registry.npmjs.org/locate-path/-/locate-path-6.0.0.tgz 35409ms (cache miss)
8872 http fetch GET 200 https://registry.npmjs.org/reusify/-/reusify-1.1.0.tgz 35404ms (cache miss)
8873 http fetch GET 200 https://registry.npmjs.org/flat-cache/-/flat-cache-3.2.0.tgz 35402ms (cache miss)
8874 http fetch GET 200 https://registry.npmjs.org/acorn-jsx/-/acorn-jsx-5.3.2.tgz 35505ms (cache miss)
8875 http fetch GET 200 https://registry.npmjs.org/estraverse/-/estraverse-5.3.0.tgz 35496ms (cache miss)
8876 http fetch GET 200 https://registry.npmjs.org/esrecurse/-/esrecurse-4.3.0.tgz 35493ms (cache miss)
8877 http fetch GET 200 https://registry.npmjs.org/path-key/-/path-key-3.1.1.tgz 35484ms (cache miss)
8878 http fetch GET 200 https://registry.npmjs.org/rimraf/-/rimraf-3.0.2.tgz 35549ms (cache miss)
8879 warn deprecated rimraf@3.0.2: Rimraf versions prior to v4 are no longer supported
8880 http fetch GET 200 https://registry.npmjs.org/which/-/which-2.0.2.tgz 35494ms (cache miss)
8881 http fetch GET 200 https://registry.npmjs.org/shebang-command/-/shebang-command-2.0.0.tgz 35486ms (cache miss)
8882 http fetch GET 200 https://registry.npmjs.org/keyv/-/keyv-4.5.4.tgz 35524ms (cache miss)
8883 http fetch GET 200 https://registry.npmjs.org/@hutson/parse-repository-url/-/parse-repository-url-3.0.2.tgz 35638ms (cache miss)
8884 http fetch GET 200 https://registry.npmjs.org/supports-color/-/supports-color-7.2.0.tgz 35552ms (cache miss)
8885 http fetch GET 200 https://registry.npmjs.org/run-parallel/-/run-parallel-1.2.0.tgz 35549ms (cache miss)
8886 http fetch GET 200 https://registry.npmjs.org/json-schema-traverse/-/json-schema-traverse-0.4.1.tgz 35536ms (cache miss)
8887 http fetch GET 200 https://registry.npmjs.org/jest-runtime/-/jest-runtime-27.5.1.tgz 35927ms (cache miss)
8888 http fetch GET 200 https://registry.npmjs.org/fast-json-stable-stringify/-/fast-json-stable-stringify-2.1.0.tgz 35645ms (cache miss)
8889 http fetch GET 200 https://registry.npmjs.org/@nodelib/fs.stat/-/fs.stat-2.0.5.tgz 35629ms (cache miss)
8890 http fetch GET 200 https://registry.npmjs.org/@humanwhocodes/object-schema/-/object-schema-2.0.3.tgz 35620ms (cache miss)
8891 http fetch GET 200 https://registry.npmjs.org/strip-json-comments/-/strip-json-comments-3.1.1.tgz 35607ms (cache miss)
8892 http fetch GET 200 https://registry.npmjs.org/text-table/-/text-table-0.2.0.tgz 35613ms (cache miss)
8893 http fetch GET 200 https://registry.npmjs.org/@nodelib/fs.scandir/-/fs.scandir-2.1.5.tgz 35630ms (cache miss)
8894 http fetch GET 200 https://registry.npmjs.org/optionator/-/optionator-0.9.4.tgz 35607ms (cache miss)
8895 http fetch GET 200 https://registry.npmjs.org/natural-compare/-/natural-compare-1.4.0.tgz 35605ms (cache miss)
8896 http fetch GET 200 https://registry.npmjs.org/@babel/helper-module-imports/-/helper-module-imports-7.29.7.tgz 36268ms (cache miss)
8897 http fetch GET 200 https://registry.npmjs.org/v8-to-istanbul/-/v8-to-istanbul-8.1.1.tgz 36123ms (cache miss)
8898 http fetch GET 200 https://registry.npmjs.org/istanbul-lib-source-maps/-/istanbul-lib-source-maps-4.0.1.tgz 36093ms (cache miss)
8899 http fetch GET 200 https://registry.npmjs.org/import-fresh/-/import-fresh-3.3.1.tgz 35714ms (cache miss)
8900 http fetch GET 200 https://registry.npmjs.org/lodash.merge/-/lodash.merge-4.6.2.tgz 35689ms (cache miss)
8901 http fetch GET 200 https://registry.npmjs.org/levn/-/levn-0.4.1.tgz 35685ms (cache miss)
8902 http fetch GET 200 https://registry.npmjs.org/json-stable-stringify-without-jsonify/-/json-stable-stringify-without-jsonify-1.0.1.tgz 35682ms (cache miss)
8903 http fetch GET 200 https://registry.npmjs.org/is-path-inside/-/is-path-inside-3.0.3.tgz 35675ms (cache miss)
8904 http fetch GET 200 https://registry.npmjs.org/is-glob/-/is-glob-4.0.3.tgz 35671ms (cache miss)
8905 http fetch GET 200 https://registry.npmjs.org/istanbul-lib-instrument/-/istanbul-lib-instrument-5.2.1.tgz 36174ms (cache miss)
8906 http fetch GET 200 https://registry.npmjs.org/minimatch/-/minimatch-3.1.5.tgz 35779ms (cache miss)
8907 http fetch GET 200 https://registry.npmjs.org/imurmurhash/-/imurmurhash-0.1.4.tgz 35748ms (cache miss)
8908 http fetch GET 200 https://registry.npmjs.org/find-up/-/find-up-5.0.0.tgz 35731ms (cache miss)
8909 http fetch GET 200 https://registry.npmjs.org/ignore/-/ignore-5.3.2.tgz 35746ms (cache miss)
8910 http fetch GET 200 https://registry.npmjs.org/glob-parent/-/glob-parent-6.0.2.tgz 35729ms (cache miss)
8911 http fetch GET 200 https://registry.npmjs.org/file-entry-cache/-/file-entry-cache-6.0.1.tgz 35726ms (cache miss)
8912 http fetch GET 200 https://registry.npmjs.org/fast-deep-equal/-/fast-deep-equal-3.1.3.tgz 35723ms (cache miss)
8913 http fetch GET 200 https://registry.npmjs.org/globals/-/globals-13.24.0.tgz 35906ms (cache miss)
8914 http fetch GET 200 https://registry.npmjs.org/esutils/-/esutils-2.0.3.tgz 35886ms (cache miss)
8915 http fetch GET 200 https://registry.npmjs.org/eslint-visitor-keys/-/eslint-visitor-keys-3.4.3.tgz 35872ms (cache miss)
8916 http fetch GET 200 https://registry.npmjs.org/escape-string-regexp/-/escape-string-regexp-4.0.0.tgz 35869ms (cache miss)
8917 http fetch GET 200 https://registry.npmjs.org/ws/-/ws-7.5.13.tgz 37232ms (cache miss)
8918 http fetch GET 200 https://registry.npmjs.org/cross-spawn/-/cross-spawn-7.0.6.tgz 35932ms (cache miss)
8919 http fetch GET 200 https://registry.npmjs.org/@eslint/js/-/js-8.57.1.tgz 35905ms (cache miss)
8920 http fetch GET 200 https://registry.npmjs.org/@ungap/structured-clone/-/structured-clone-1.4.0.tgz 35923ms (cache miss)
8921 http fetch GET 200 https://registry.npmjs.org/@nodelib/fs.walk/-/fs.walk-1.2.8.tgz 35919ms (cache miss)
8922 http fetch GET 200 https://registry.npmjs.org/@humanwhocodes/module-importer/-/module-importer-1.0.1.tgz 35916ms (cache miss)
8923 http fetch GET 200 https://registry.npmjs.org/@jimp/plugin-threshold/-/plugin-threshold-0.16.13.tgz 37749ms (cache miss)
8924 http fetch GET 200 https://registry.npmjs.org/is-obj/-/is-obj-2.0.0.tgz 35980ms (cache miss)
8925 http fetch GET 200 https://registry.npmjs.org/split2/-/split2-3.2.2.tgz 35974ms (cache miss)
8926 warn deprecated @humanwhocodes/object-schema@2.0.3: Use @eslint/object-schema instead
8927 http fetch GET 200 https://registry.npmjs.org/p-limit/-/p-limit-1.3.0.tgz 35982ms (cache miss)
8928 http fetch GET 200 https://registry.npmjs.org/p-try/-/p-try-1.0.0.tgz 35989ms (cache miss)
8929 http fetch GET 200 https://registry.npmjs.org/path-exists/-/path-exists-3.0.0.tgz 35981ms (cache miss)
8930 http fetch GET 200 https://registry.npmjs.org/read-pkg-up/-/read-pkg-up-3.0.0.tgz 35996ms (cache miss)
8931 http fetch GET 200 https://registry.npmjs.org/locate-path/-/locate-path-2.0.0.tgz 35975ms (cache miss)
8932 http fetch GET 200 https://registry.npmjs.org/modify-values/-/modify-values-1.0.1.tgz 36037ms (cache miss)
8933 http fetch GET 200 https://registry.npmjs.org/p-locate/-/p-locate-2.0.0.tgz 35981ms (cache miss)
8934 http fetch GET 200 https://registry.npmjs.org/conventional-commits-filter/-/conventional-commits-filter-2.0.7.tgz 36011ms (cache miss)
8935 http fetch GET 200 https://registry.npmjs.org/split/-/split-1.0.1.tgz 36026ms (cache miss)
8936 http fetch GET 200 https://registry.npmjs.org/through2/-/through2-4.0.2.tgz 36010ms (cache miss)
8937 http fetch GET 200 https://registry.npmjs.org/is-text-path/-/is-text-path-1.0.1.tgz 36050ms (cache miss)
8938 http fetch GET 200 https://registry.npmjs.org/diff/-/diff-4.0.4.tgz 39995ms (cache miss)
8939 http fetch GET 200 https://registry.npmjs.org/http2-wrapper/-/http2-wrapper-2.2.1.tgz 39074ms (cache miss)
8940 http fetch GET 200 https://registry.npmjs.org/semver/-/semver-6.3.1.tgz 36108ms (cache miss)
8941 http fetch GET 200 https://registry.npmjs.org/lodash.ismatch/-/lodash.ismatch-4.4.0.tgz 36104ms (cache miss)
8942 http fetch GET 200 https://registry.npmjs.org/json-stringify-safe/-/json-stringify-safe-5.0.1.tgz 36096ms (cache miss)
8943 http fetch GET 200 https://registry.npmjs.org/find-up/-/find-up-2.1.0.tgz 36052ms (cache miss)
8944 http fetch GET 200 https://registry.npmjs.org/@humanwhocodes/config-array/-/config-array-0.13.0.tgz 36147ms (cache miss)
8945 warn deprecated @humanwhocodes/config-array@0.13.0: Use @eslint/config-array instead
8946 http fetch GET 200 https://registry.npmjs.org/chalk/-/chalk-4.1.2.tgz 36263ms (cache miss)
8947 http fetch GET 200 https://registry.npmjs.org/normalize-package-data/-/normalize-package-data-2.5.0.tgz 36105ms (cache miss)
8948 http fetch GET 200 https://registry.npmjs.org/read-pkg/-/read-pkg-3.0.0.tgz 36126ms (cache miss)
8949 http fetch GET 200 https://registry.npmjs.org/hosted-git-info/-/hosted-git-info-2.8.9.tgz 36119ms (cache miss)
8950 http fetch GET 200 https://registry.npmjs.org/git-remote-origin-url/-/git-remote-origin-url-2.0.0.tgz 36096ms (cache miss)
8951 http fetch GET 200 https://registry.npmjs.org/get-pkg-repo/-/get-pkg-repo-4.2.1.tgz 36083ms (cache miss)
8952 http fetch GET 200 https://registry.npmjs.org/string_decoder/-/string_decoder-1.1.1.tgz 36080ms (cache miss)
8953 http fetch GET 200 https://registry.npmjs.org/safe-buffer/-/safe-buffer-5.1.2.tgz 36076ms (cache miss)
8954 http fetch GET 200 https://registry.npmjs.org/git-semver-tags/-/git-semver-tags-4.1.1.tgz 36107ms (cache miss)
8955 warn deprecated git-semver-tags@4.1.1: Deprecated and no longer maintained. Use @conventional-changelog/git-client instead.
8956 http fetch GET 200 https://registry.npmjs.org/istanbul-lib-report/-/istanbul-lib-report-3.0.1.tgz 36842ms (cache miss)
8957 http fetch GET 200 https://registry.npmjs.org/doctrine/-/doctrine-3.0.0.tgz 36347ms (cache miss)
8958 http fetch GET 200 https://registry.npmjs.org/semver/-/semver-5.7.2.tgz 36195ms (cache miss)
8959 http fetch GET 200 https://registry.npmjs.org/git-raw-commits/-/git-raw-commits-2.0.11.tgz 36162ms (cache miss)
8960 warn deprecated git-raw-commits@2.0.11: Deprecated and no longer maintained. Use @conventional-changelog/git-client instead.
8961 http fetch GET 200 https://registry.npmjs.org/dateformat/-/dateformat-3.0.3.tgz 36139ms (cache miss)
8962 http fetch GET 200 https://registry.npmjs.org/isarray/-/isarray-1.0.0.tgz 36134ms (cache miss)
8963 http fetch GET 200 https://registry.npmjs.org/through2/-/through2-2.0.5.tgz 36131ms (cache miss)
8964 http fetch GET 200 https://registry.npmjs.org/fastq/-/fastq-1.20.3.tgz 36557ms (cache miss)
8965 http fetch GET 200 https://registry.npmjs.org/dot-prop/-/dot-prop-5.3.0.tgz 36181ms (cache miss)
8966 http fetch GET 200 https://registry.npmjs.org/array-ify/-/array-ify-1.0.0.tgz 36178ms (cache miss)
8967 http fetch GET 200 https://registry.npmjs.org/compare-func/-/compare-func-2.0.0.tgz 36168ms (cache miss)
8968 http fetch GET 200 https://registry.npmjs.org/conventional-changelog-preset-loader/-/conventional-changelog-preset-loader-2.3.4.tgz 36164ms (cache miss)
8969 http fetch GET 200 https://registry.npmjs.org/conventional-changelog-eslint/-/conventional-changelog-eslint-3.0.9.tgz 36146ms (cache miss)
8970 http fetch GET 200 https://registry.npmjs.org/conventional-changelog-express/-/conventional-changelog-express-2.0.6.tgz 36152ms (cache miss)
8971 http fetch GET 200 https://registry.npmjs.org/conventional-changelog-jquery/-/conventional-changelog-jquery-3.0.11.tgz 36165ms (cache miss)
8972 http fetch GET 200 https://registry.npmjs.org/conventional-changelog-ember/-/conventional-changelog-ember-2.0.9.tgz 36144ms (cache miss)
8973 http fetch GET 200 https://registry.npmjs.org/conventional-changelog-conventionalcommits/-/conventional-changelog-conventionalcommits-4.6.3.tgz 36229ms (cache miss)
8974 http fetch GET 200 https://registry.npmjs.org/conventional-changelog-codemirror/-/conventional-changelog-codemirror-2.0.8.tgz 36225ms (cache miss)
8975 http fetch GET 200 https://registry.npmjs.org/hosted-git-info/-/hosted-git-info-2.8.9.tgz 36292ms (cache miss)
8976 http fetch GET 200 https://registry.npmjs.org/conventional-commits-parser/-/conventional-commits-parser-3.2.4.tgz 36388ms (cache miss)
8977 http fetch GET 200 https://registry.npmjs.org/q/-/q-1.5.1.tgz 36370ms (cache miss)
8978 http fetch GET 200 https://registry.npmjs.org/tempfile/-/tempfile-3.0.0.tgz 36309ms (cache miss)
8979 http fetch GET 200 https://registry.npmjs.org/p-locate/-/p-locate-4.1.0.tgz 36279ms (cache miss)
8980 http fetch GET 200 https://registry.npmjs.org/p-limit/-/p-limit-2.3.0.tgz 36287ms (cache miss)
8981 http fetch GET 200 https://registry.npmjs.org/locate-path/-/locate-path-5.0.0.tgz 36275ms (cache miss)
8982 http fetch GET 200 https://registry.npmjs.org/find-up/-/find-up-4.1.0.tgz 36268ms (cache miss)
8983 http fetch GET 200 https://registry.npmjs.org/uuid/-/uuid-3.4.0.tgz 36305ms (cache miss)
8984 http fetch GET 200 https://registry.npmjs.org/meow/-/meow-8.1.2.tgz 36304ms (cache miss)
8985 http fetch GET 200 https://registry.npmjs.org/conventional-changelog-atom/-/conventional-changelog-atom-2.0.8.tgz 36324ms (cache miss)
8986 http fetch GET 200 https://registry.npmjs.org/xmlbuilder/-/xmlbuilder-11.0.1.tgz 41561ms (cache miss)
8987 http fetch GET 200 https://registry.npmjs.org/semver/-/semver-5.7.2.tgz 36408ms (cache miss)
8988 http fetch GET 200 https://registry.npmjs.org/read-pkg-up/-/read-pkg-up-7.0.1.tgz 36390ms (cache miss)
8989 http fetch GET 200 https://registry.npmjs.org/read-pkg/-/read-pkg-5.2.0.tgz 36416ms (cache miss)
8990 http fetch GET 200 https://registry.npmjs.org/vm2/-/vm2-3.12.2.tgz 40510ms (cache miss)
8991 http fetch GET 200 https://registry.npmjs.org/conventional-changelog-core/-/conventional-changelog-core-4.2.4.tgz 36608ms (cache miss)
8992 http fetch GET 200 https://registry.npmjs.org/add-stream/-/add-stream-1.0.0.tgz 36441ms (cache miss)
8993 warn deprecated q@1.5.1: You or someone you depend on is using Q, the JavaScript Promise library that gave JavaScript developers strong feelings about promises. They can almost certainly migrate to the native JavaScript promise now. Thank you literally everyone for joining me in this bet against the odds. Be excellent to each other.
8993 warn deprecated
8993 warn deprecated (For a CapTP with native promises, see @endo/eventual-send and @endo/captp)
8994 http fetch GET 200 https://registry.npmjs.org/conventional-changelog/-/conventional-changelog-3.1.25.tgz 36515ms (cache miss)
8995 http fetch GET 200 https://registry.npmjs.org/css-what/-/css-what-6.2.2.tgz 36544ms (cache miss)
8996 warn deprecated conventional-changelog-core@4.2.4: Deprecated and no longer maintained. Please use conventional-changelog instead.
8997 http fetch GET 200 https://registry.npmjs.org/espree/-/espree-9.6.1.tgz 37144ms (cache miss)
8998 http fetch GET 200 https://registry.npmjs.org/proxy-from-env/-/proxy-from-env-2.1.0.tgz 36570ms (cache miss)
8999 http fetch GET 200 https://registry.npmjs.org/follow-redirects/-/follow-redirects-1.16.0.tgz 36563ms (cache miss)
9000 http fetch GET 200 https://registry.npmjs.org/ansi-styles/-/ansi-styles-5.2.0.tgz 36554ms (cache miss)
9001 http fetch GET 200 https://registry.npmjs.org/@types/tough-cookie/-/tough-cookie-4.0.5.tgz 36548ms (cache miss)
9002 http fetch GET 200 https://registry.npmjs.org/jest-matcher-utils/-/jest-matcher-utils-27.5.1.tgz 36556ms (cache miss)
9003 http fetch GET 200 https://registry.npmjs.org/ip-address/-/ip-address-10.7.2.tgz 40847ms (cache miss)
9004 warn deprecated conventional-changelog-jquery@3.0.11: This preset is deprecated. Please use conventional-changelog-conventionalcommits or conventional-changelog-angular instead.
9005 warn deprecated conventional-changelog-ember@2.0.9: This preset is deprecated. Please use conventional-changelog-conventionalcommits or conventional-changelog-angular instead.
9006 warn deprecated conventional-changelog-eslint@3.0.9: This preset is deprecated. Please use conventional-changelog-conventionalcommits or conventional-changelog-angular instead.
9007 http fetch GET 200 https://registry.npmjs.org/conventional-changelog-jshint/-/conventional-changelog-jshint-2.0.9.tgz 36914ms (cache miss)
9008 http fetch GET 200 https://registry.npmjs.org/promise-coalesce/-/promise-coalesce-1.5.0.tgz 36650ms (cache miss)
9009 warn deprecated conventional-changelog-express@2.0.6: This preset is deprecated. Please use conventional-changelog-conventionalcommits or conventional-changelog-angular instead.
9010 http fetch GET 200 https://registry.npmjs.org/https-proxy-agent/-/https-proxy-agent-5.0.1.tgz 36636ms (cache miss)
9011 warn deprecated conventional-changelog-codemirror@2.0.8: This preset is deprecated. Please use conventional-changelog-conventionalcommits or conventional-changelog-angular instead.
9012 http fetch GET 200 https://registry.npmjs.org/brace-expansion/-/brace-expansion-2.1.7.tgz 36650ms (cache miss)
9013 http fetch GET 200 https://registry.npmjs.org/normalize-package-data/-/normalize-package-data-3.0.3.tgz 37158ms (cache miss)
9014 warn deprecated conventional-changelog-atom@2.0.8: This preset is deprecated. Please use conventional-changelog-conventionalcommits or conventional-changelog-angular instead.
9015 http fetch GET 200 https://registry.npmjs.org/acorn-walk/-/acorn-walk-8.3.5.tgz 36693ms (cache miss)
9016 http fetch GET 200 https://registry.npmjs.org/jest-diff/-/jest-diff-27.5.1.tgz 38736ms (cache miss)
9017 http fetch GET 200 https://registry.npmjs.org/conventional-changelog-writer/-/conventional-changelog-writer-5.0.1.tgz 37129ms (cache miss)
9018 http fetch GET 200 https://registry.npmjs.org/conventional-changelog-angular/-/conventional-changelog-angular-5.0.13.tgz 37054ms (cache miss)
9019 warn deprecated conventional-changelog-jshint@2.0.9: This preset is deprecated. Please use conventional-changelog-conventionalcommits or conventional-changelog-angular instead.
9020 http fetch GET 200 https://registry.npmjs.org/eslint-plugin-simple-import-sort/-/eslint-plugin-simple-import-sort-14.0.0.tgz 36771ms (cache miss)
9021 http fetch GET 200 https://registry.npmjs.org/inquirer/-/inquirer-9.2.6.tgz 39946ms (cache miss)
9022 http fetch GET 200 https://registry.npmjs.org/lru-cache/-/lru-cache-6.0.0.tgz 36835ms (cache miss)
9023 http fetch GET 200 https://registry.npmjs.org/yallist/-/yallist-4.0.0.tgz 36840ms (cache miss)
9024 http fetch GET 200 https://registry.npmjs.org/exif-parser/-/exif-parser-0.1.12.tgz 39082ms (cache miss)
9025 http fetch GET 200 https://registry.npmjs.org/normalize-package-data/-/normalize-package-data-2.5.0.tgz 37181ms (cache miss)
9026 http fetch GET 200 https://registry.npmjs.org/form-data/-/form-data-2.5.6.tgz 36974ms (cache miss)
9027 http fetch GET 200 https://registry.npmjs.org/define-lazy-prop/-/define-lazy-prop-3.0.0.tgz 36888ms (cache miss)
9028 http fetch GET 200 https://registry.npmjs.org/onetime/-/onetime-6.0.0.tgz 36875ms (cache miss)
9029 http fetch GET 200 https://registry.npmjs.org/path-key/-/path-key-4.0.0.tgz 36882ms (cache miss)
9030 http fetch GET 200 https://registry.npmjs.org/mimic-fn/-/mimic-fn-4.0.0.tgz 36898ms (cache miss)
9031 http fetch GET 200 https://registry.npmjs.org/strip-final-newline/-/strip-final-newline-3.0.0.tgz 36893ms (cache miss)
9032 http fetch GET 200 https://registry.npmjs.org/qified/-/qified-0.10.1.tgz 37094ms (cache miss)
9033 http fetch GET 200 https://registry.npmjs.org/open/-/open-9.1.0.tgz 36910ms (cache miss)
9034 http fetch GET 200 https://registry.npmjs.org/npm-run-path/-/npm-run-path-5.3.0.tgz 36926ms (cache miss)
9035 http fetch GET 200 https://registry.npmjs.org/is-stream/-/is-stream-3.0.0.tgz 36923ms (cache miss)
9036 http fetch GET 200 https://registry.npmjs.org/open/-/open-8.4.2.tgz 36954ms (cache miss)
9037 http fetch GET 200 https://registry.npmjs.org/@cacheable/memory/-/memory-2.2.0.tgz 37202ms (cache miss)
9038 http fetch GET 200 https://registry.npmjs.org/conventional-changelog-cli/-/conventional-changelog-cli-2.2.2.tgz 36963ms (cache miss)
9039 warn deprecated conventional-changelog-cli@2.2.2: This package is no longer maintained. Please use the conventional-changelog package instead.
9040 http fetch GET 200 https://registry.npmjs.org/eslint-scope/-/eslint-scope-7.2.2.tgz 37782ms (cache miss)
9041 http fetch GET 200 https://registry.npmjs.org/jest/-/jest-27.5.1.tgz 36995ms (cache miss)
9042 http fetch GET 200 https://registry.npmjs.org/shelljs/-/shelljs-0.8.5.tgz 40393ms (cache miss)
9043 http fetch GET 200 https://registry.npmjs.org/@babel/template/-/template-7.29.7.tgz 38425ms (cache miss)
9044 http fetch GET 200 https://registry.npmjs.org/@babel/helper-module-transforms/-/helper-module-transforms-7.29.7.tgz 38411ms (cache miss)
9045 http fetch GET 200 https://registry.npmjs.org/eventemitter3/-/eventemitter3-5.0.4.tgz 37302ms (cache miss)
9046 http fetch GET 200 https://registry.npmjs.org/@cacheable/utils/-/utils-2.5.0.tgz 37356ms (cache miss)
9047 http fetch GET 200 https://registry.npmjs.org/socks/-/socks-2.8.10.tgz 41594ms (cache miss)
9048 http fetch GET 200 https://registry.npmjs.org/source-map/-/source-map-0.7.6.tgz 38458ms (cache miss)
9049 http fetch GET 200 https://registry.npmjs.org/@eslint-community/eslint-utils/-/eslint-utils-4.10.1.tgz 37880ms (cache miss)
9050 http fetch GET 200 https://registry.npmjs.org/cache-manager/-/cache-manager-5.7.6.tgz 37133ms (cache miss)
9051 http fetch GET 200 https://registry.npmjs.org/@eslint-community/regexpp/-/regexpp-4.12.2.tgz 37917ms (cache miss)
9052 http fetch GET 200 https://registry.npmjs.org/pngjs/-/pngjs-3.4.0.tgz 39766ms (cache miss)
9053 http fetch GET 200 https://registry.npmjs.org/type-fest/-/type-fest-0.6.0.tgz 37608ms (cache miss)
9054 http fetch GET 200 https://registry.npmjs.org/cacheable/-/cacheable-2.5.0.tgz 37398ms (cache miss)
9055 http fetch GET 200 https://registry.npmjs.org/cosmiconfig/-/cosmiconfig-8.1.3.tgz 40454ms (cache miss)
9056 http fetch GET 200 https://registry.npmjs.org/json/-/json-11.0.0.tgz 37309ms (cache miss)
9057 warn deprecated uuid@3.4.0: uuid@10 and below is no longer supported.  For ESM codebases, update to uuid@latest.  For CommonJS codebases, use uuid@11 (but be aware this version will likely be deprecated in 2028).
9058 http fetch GET 200 https://registry.npmjs.org/expect/-/expect-27.5.1.tgz 39388ms (cache miss)
9059 http fetch GET 200 https://registry.npmjs.org/json5/-/json5-2.2.3.tgz 38796ms (cache miss)
9060 http fetch GET 200 https://registry.npmjs.org/@types/ws/-/ws-8.18.1.tgz 37357ms (cache miss)
9061 http fetch GET 200 https://registry.npmjs.org/@types/jest/-/jest-27.5.2.tgz 37365ms (cache miss)
9062 http fetch GET 200 https://registry.npmjs.org/semver/-/semver-7.8.5.tgz 42263ms (cache miss)
9063 http fetch GET 200 https://registry.npmjs.org/semver/-/semver-7.8.5.tgz 42351ms (cache miss)
9064 http fetch GET 200 https://registry.npmjs.org/form-data/-/form-data-4.0.6.tgz 37409ms (cache miss)
9065 http fetch GET 200 https://registry.npmjs.org/human-signals/-/human-signals-4.3.1.tgz 37557ms (cache miss)
9066 http fetch GET 200 https://registry.npmjs.org/jest-resolve/-/jest-resolve-27.5.1.tgz 38715ms (cache miss)
9067 http fetch GET 200 https://registry.npmjs.org/@jimp/plugin-blit/-/plugin-blit-0.16.13.tgz 40012ms (cache miss)
9068 http fetch GET 200 https://registry.npmjs.org/acorn/-/acorn-8.18.0.tgz 38624ms (cache miss)
9069 http fetch GET 200 https://registry.npmjs.org/execa/-/execa-7.1.1.tgz 37791ms (cache miss)
9070 http fetch GET 200 https://registry.npmjs.org/oxlint-tsgolint/-/oxlint-tsgolint-7.0.2003.tgz 37723ms (cache miss)
9071 http fetch GET 200 https://registry.npmjs.org/@jimp/core/-/core-0.16.13.tgz 40124ms (cache miss)
9072 http fetch GET 200 https://registry.npmjs.org/jest-snapshot/-/jest-snapshot-27.5.1.tgz 39160ms (cache miss)
9073 http fetch GET 200 https://registry.npmjs.org/jest-circus/-/jest-circus-27.5.1.tgz 39711ms (cache miss)
9074 http fetch GET 200 https://registry.npmjs.org/balanced-match/-/balanced-match-4.0.4.tgz 37907ms (cache miss)
9075 http fetch GET 200 https://registry.npmjs.org/type-fest/-/type-fest-0.8.1.tgz 38330ms (cache miss)
9076 http fetch GET 200 https://registry.npmjs.org/semver/-/semver-7.8.5.tgz 41404ms (cache miss)
9077 http fetch GET 200 https://registry.npmjs.org/brace-expansion/-/brace-expansion-5.0.12.tgz 37946ms (cache miss)
9078 http fetch GET 200 https://registry.npmjs.org/exit/-/exit-0.1.2.tgz 39359ms (cache miss)
9079 http fetch GET 200 https://registry.npmjs.org/@types/got/-/got-9.6.12.tgz 38155ms (cache miss)
9080 http fetch GET 200 https://registry.npmjs.org/readable-stream/-/readable-stream-2.3.8.tgz 38842ms (cache miss)
9081 http fetch GET 200 https://registry.npmjs.org/@types/sharp/-/sharp-0.29.5.tgz 38235ms (cache miss)
9082 http fetch GET 200 https://registry.npmjs.org/bmp-js/-/bmp-js-0.1.0.tgz 40845ms (cache miss)
9083 http fetch GET 200 https://registry.npmjs.org/flat-cache/-/flat-cache-6.1.23.tgz 38255ms (cache miss)
9084 http fetch GET 200 https://registry.npmjs.org/eslint-visitor-keys/-/eslint-visitor-keys-4.2.1.tgz 38230ms (cache miss)
9085 http fetch GET 200 https://registry.npmjs.org/@octokit/plugin-rest-endpoint-methods/-/plugin-rest-endpoint-methods-7.2.3.tgz 41776ms (cache miss)
9086 http fetch GET 200 https://registry.npmjs.org/hookified/-/hookified-1.15.1.tgz 38551ms (cache miss)
9087 http fetch GET 200 https://registry.npmjs.org/ws/-/ws-8.22.0.tgz 38617ms (cache miss)
9088 http fetch GET 200 https://registry.npmjs.org/hashery/-/hashery-1.5.1.tgz 38721ms (cache miss)
9089 http fetch GET 200 https://registry.npmjs.org/@jridgewell/sourcemap-codec/-/sourcemap-codec-1.6.0.tgz 39969ms (cache miss)
9090 http fetch GET 200 https://registry.npmjs.org/@jridgewell/remapping/-/remapping-2.3.5.tgz 39885ms (cache miss)
9091 http fetch GET 200 https://registry.npmjs.org/jest-watcher/-/jest-watcher-27.5.1.tgz 39723ms (cache miss)
9092 http fetch GET 200 https://registry.npmjs.org/pac-resolver/-/pac-resolver-6.0.2.tgz 42832ms (cache miss)
9093 http fetch GET 200 https://registry.npmjs.org/chalk/-/chalk-5.2.0.tgz 38561ms (cache miss)
9094 http fetch GET 200 https://registry.npmjs.org/file-entry-cache/-/file-entry-cache-11.1.5.tgz 38438ms (cache miss)
9095 http fetch GET 200 https://registry.npmjs.org/pako/-/pako-1.0.11.tgz 43748ms (cache miss)
9096 http fetch GET 200 https://registry.npmjs.org/hookified/-/hookified-2.2.0.tgz 38841ms (cache miss)
9097 http fetch GET 200 https://registry.npmjs.org/espree/-/espree-10.4.0.tgz 38513ms (cache miss)
9098 http fetch GET 200 https://registry.npmjs.org/eslint-visitor-keys/-/eslint-visitor-keys-5.0.1.tgz 38511ms (cache miss)
9099 http fetch GET 200 https://registry.npmjs.org/@jridgewell/gen-mapping/-/gen-mapping-0.3.13.tgz 40091ms (cache miss)
9100 http fetch GET 200 https://registry.npmjs.org/picomatch/-/picomatch-4.0.7.tgz 38566ms (cache miss)
9101 http fetch GET 200 https://registry.npmjs.org/jest-cli/-/jest-cli-27.5.1.tgz 39817ms (cache miss)
9102 http fetch GET 200 https://registry.npmjs.org/ast-types/-/ast-types-0.13.4.tgz 43101ms (cache miss)
9103 http fetch GET 200 https://registry.npmjs.org/jest-worker/-/jest-worker-27.5.1.tgz 40116ms (cache miss)
9104 http fetch GET 200 https://registry.npmjs.org/pixelmatch/-/pixelmatch-4.0.2.tgz 41193ms (cache miss)
9105 http fetch GET 200 https://registry.npmjs.org/type-fest/-/type-fest-1.4.0.tgz 43977ms (cache miss)
9106 http fetch GET 200 https://registry.npmjs.org/espree/-/espree-11.2.0.tgz 38796ms (cache miss)
9107 http fetch GET 200 https://registry.npmjs.org/jest-config/-/jest-config-27.5.1.tgz 40145ms (cache miss)
9108 http fetch GET 200 https://registry.npmjs.org/argparse/-/argparse-1.0.10.tgz 40526ms (cache miss)
9109 http fetch GET 200 https://registry.npmjs.org/link-preview-js/-/link-preview-js-3.2.0.tgz 39017ms (cache miss)
9110 http fetch GET 200 https://registry.npmjs.org/@jest/reporters/-/reporters-27.5.1.tgz 40160ms (cache miss)
9111 http fetch GET 200 https://registry.npmjs.org/graphemer/-/graphemer-1.4.0.tgz 39878ms (cache miss)
9112 http fetch GET 200 https://registry.npmjs.org/thread-stream/-/thread-stream-3.2.0.tgz 42118ms (cache miss)
9113 http fetch GET 200 https://registry.npmjs.org/qrcode-terminal/-/qrcode-terminal-0.12.0.tgz 39256ms (cache miss)
9114 http fetch GET 200 https://registry.npmjs.org/source-map/-/source-map-0.6.1.tgz 40467ms (cache miss)
9115 http fetch GET 200 https://registry.npmjs.org/eslint-scope/-/eslint-scope-9.1.2.tgz 39315ms (cache miss)
9116 http fetch GET 200 https://registry.npmjs.org/type-fest/-/type-fest-0.18.1.tgz 39825ms (cache miss)
9117 http fetch GET 200 https://registry.npmjs.org/esquery/-/esquery-1.7.0.tgz 40310ms (cache miss)
9118 http fetch GET 200 https://registry.npmjs.org/@types/node/-/node-16.9.1.tgz 42142ms (cache miss)
9119 http fetch GET 200 https://registry.npmjs.org/encoding-sniffer/-/encoding-sniffer-0.2.1.tgz 39858ms (cache miss)
9120 http fetch GET 200 https://registry.npmjs.org/jest-util/-/jest-util-27.5.1.tgz 40877ms (cache miss)
9121 http fetch GET 200 https://registry.npmjs.org/type-fest/-/type-fest-0.20.2.tgz 40717ms (cache miss)
9122 http fetch GET 200 https://registry.npmjs.org/parse5/-/parse5-6.0.1.tgz 41742ms (cache miss)
9123 http fetch GET 200 https://registry.npmjs.org/semver/-/semver-7.8.5.tgz 41362ms (cache miss)
9124 http fetch GET 200 https://registry.npmjs.org/@jimp/tiff/-/tiff-0.16.13.tgz 42278ms (cache miss)
9125 http fetch GET 200 https://registry.npmjs.org/type-fest/-/type-fest-0.21.3.tgz 40981ms (cache miss)
9126 http fetch GET 200 https://registry.npmjs.org/JSONStream/-/JSONStream-1.3.5.tgz 40576ms (cache miss)
9127 http fetch GET 200 https://registry.npmjs.org/neo-async/-/neo-async-2.6.2.tgz 41091ms (cache miss)
9128 http fetch GET 200 https://registry.npmjs.org/@babel/parser/-/parser-7.29.9.tgz 41399ms (cache miss)
9129 http fetch GET 200 https://registry.npmjs.org/semver/-/semver-7.8.5.tgz 41295ms (cache miss)
9130 http fetch GET 200 https://registry.npmjs.org/pretty-format/-/pretty-format-27.5.1.tgz 40328ms (cache miss)
9131 http fetch GET 200 https://registry.npmjs.org/type-fest/-/type-fest-2.19.0.tgz 44887ms (cache miss)
9132 http fetch GET 200 https://registry.npmjs.org/uglify-js/-/uglify-js-3.19.3.tgz 41234ms (cache miss)
9133 http fetch GET 200 https://registry.npmjs.org/@jridgewell/trace-mapping/-/trace-mapping-0.3.31.tgz 41602ms (cache miss)
9134 http fetch GET 200 https://registry.npmjs.org/lru-cache/-/lru-cache-10.4.3.tgz 40487ms (cache miss)
9135 http fetch GET 200 https://registry.npmjs.org/jest-haste-map/-/jest-haste-map-27.5.1.tgz 41480ms (cache miss)
9136 http fetch GET 200 https://registry.npmjs.org/@eslint/eslintrc/-/eslintrc-2.1.4.tgz 41061ms (cache miss)
9137 http fetch GET 200 https://registry.npmjs.org/sharp/-/sharp-0.34.5.tgz 40488ms (cache miss)
9138 http fetch GET 200 https://registry.npmjs.org/semver/-/semver-7.8.5.tgz 41089ms (cache miss)
9139 http fetch GET 200 https://registry.npmjs.org/semver/-/semver-7.5.1.tgz 40636ms (cache miss)
9140 http fetch GET 200 https://registry.npmjs.org/semver/-/semver-7.8.5.tgz 40752ms (cache miss)
9141 http fetch GET 200 https://registry.npmjs.org/type-fest/-/type-fest-2.19.0.tgz 43955ms (cache miss)
9142 http fetch GET 200 https://registry.npmjs.org/minimatch/-/minimatch-10.2.6.tgz 46298ms (cache miss)
9143 http fetch GET 200 https://registry.npmjs.org/semver/-/semver-7.8.5.tgz 40834ms (cache miss)
9144 http fetch GET 200 https://registry.npmjs.org/lunr/-/lunr-2.3.9.tgz 45456ms (cache miss)
9145 http fetch GET 200 https://registry.npmjs.org/htmlparser2/-/htmlparser2-8.0.2.tgz 40870ms (cache miss)
9146 http fetch GET 200 https://registry.npmjs.org/jest-jasmine2/-/jest-jasmine2-27.5.1.tgz 42681ms (cache miss)
9147 http fetch GET 200 https://registry.npmjs.org/fast-glob/-/fast-glob-3.3.3.tgz 44476ms (cache miss)
9148 http fetch GET 200 https://registry.npmjs.org/@octokit/openapi-types/-/openapi-types-18.1.1.tgz 44415ms (cache miss)
9149 http fetch GET 200 https://registry.npmjs.org/js-yaml/-/js-yaml-3.15.2.tgz 42502ms (cache miss)
9150 http fetch GET 200 https://registry.npmjs.org/js-yaml/-/js-yaml-4.3.2.tgz 41876ms (cache miss)
9151 http fetch GET 200 https://registry.npmjs.org/htmlparser2/-/htmlparser2-10.1.0.tgz 41573ms (cache miss)
9152 http fetch GET 200 https://registry.npmjs.org/@babel/generator/-/generator-7.29.8.tgz 42711ms (cache miss)
9153 http fetch GET 200 https://registry.npmjs.org/yargs/-/yargs-16.2.2.tgz 42395ms (cache miss)
9154 http fetch GET 200 https://registry.npmjs.org/istanbul-reports/-/istanbul-reports-3.2.0.tgz 42661ms (cache miss)
9155 http fetch GET 200 https://registry.npmjs.org/oxlint/-/oxlint-1.86.0.tgz 41569ms (cache miss)
9156 http fetch GET 200 https://registry.npmjs.org/got/-/got-12.6.1.tgz 44861ms (cache miss)
9157 http fetch GET 200 https://registry.npmjs.org/@types/node/-/node-16.18.126.tgz 41660ms (cache miss)
9158 http fetch GET 200 https://registry.npmjs.org/@bcoe/v8-coverage/-/v8-coverage-0.2.3.tgz 43013ms (cache miss)
9159 http fetch GET 200 https://registry.npmjs.org/uri-js/-/uri-js-4.4.1.tgz 42828ms (cache miss)
9160 warn deprecated uuid@10.0.0: uuid@10 and below is no longer supported.  For ESM codebases, update to uuid@latest.  For CommonJS codebases, use uuid@11 (but be aware this version will likely be deprecated in 2028).
9161 http fetch GET 200 https://registry.npmjs.org/prompts/-/prompts-2.4.2.tgz 43771ms (cache miss)
9162 http fetch GET 200 https://registry.npmjs.org/@jimp/plugin-print/-/plugin-print-0.16.13.tgz 44591ms (cache miss)
9163 http fetch GET 200 https://registry.npmjs.org/minimatch/-/minimatch-9.0.9.tgz 42286ms (cache miss)
9164 http fetch GET 200 https://registry.npmjs.org/markdown-it/-/markdown-it-14.3.2.tgz 46792ms (cache miss)
9165 http fetch GET 200 https://registry.npmjs.org/@jest/core/-/core-27.5.1.tgz 43435ms (cache miss)
9166 http fetch GET 200 https://registry.npmjs.org/release-it/-/release-it-15.11.0.tgz 42495ms (cache miss)
9167 http fetch GET 200 https://registry.npmjs.org/minimatch/-/minimatch-10.2.6.tgz 42348ms (cache miss)
9168 http fetch GET 200 https://registry.npmjs.org/@babel/traverse/-/traverse-7.29.8.tgz 43944ms (cache miss)
9169 http fetch GET 200 https://registry.npmjs.org/cssstyle/-/cssstyle-2.3.0.tgz 45379ms (cache miss)
9170 http fetch GET 200 https://registry.npmjs.org/jimp/-/jimp-0.16.13.tgz 42824ms (cache miss)
9171 http fetch GET 200 https://registry.npmjs.org/ts-jest/-/ts-jest-27.1.5.tgz 43137ms (cache miss)
9172 http fetch GET 200 https://registry.npmjs.org/parse5/-/parse5-7.3.0.tgz 43334ms (cache miss)
9173 http fetch GET 200 https://registry.npmjs.org/ts-node/-/ts-node-10.9.2.tgz 43339ms (cache miss)
9174 http fetch GET 200 https://registry.npmjs.org/ajv/-/ajv-6.15.0.tgz 44168ms (cache miss)
9175 http fetch GET 200 https://registry.npmjs.org/resolve/-/resolve-1.22.12.tgz 45586ms (cache miss)
9176 http fetch GET 200 https://registry.npmjs.org/entities/-/entities-6.0.1.tgz 43710ms (cache miss)
9177 http fetch GET 200 https://registry.npmjs.org/axios/-/axios-1.20.0.tgz 44425ms (cache miss)
9178 http fetch GET 200 https://registry.npmjs.org/css-select/-/css-select-5.2.2.tgz 44831ms (cache miss)
9179 http fetch GET 200 https://registry.npmjs.org/entities/-/entities-7.0.1.tgz 44831ms (cache miss)
9180 http fetch GET 200 https://registry.npmjs.org/@stylistic/eslint-plugin/-/eslint-plugin-5.10.0.tgz 44526ms (cache miss)
9181 http fetch GET 200 https://registry.npmjs.org/cheerio/-/cheerio-1.0.0-rc.11.tgz 44746ms (cache miss)
9182 http fetch GET 200 https://registry.npmjs.org/@babel/core/-/core-7.29.7.tgz 46310ms (cache miss)
9183 http fetch GET 200 https://registry.npmjs.org/gifwrap/-/gifwrap-0.9.4.tgz 47560ms (cache miss)
9184 http fetch GET 200 https://registry.npmjs.org/@oxlint/binding-android-arm64/-/binding-android-arm64-1.86.0.tgz 48556ms (cache miss)
9185 http fetch GET 200 https://registry.npmjs.org/@babel/runtime/-/runtime-7.29.7.tgz 48168ms (cache miss)
9186 http fetch GET 200 https://registry.npmjs.org/pino/-/pino-9.14.0.tgz 45963ms (cache miss)
9187 http fetch GET 200 https://registry.npmjs.org/handlebars/-/handlebars-4.7.9.tgz 46634ms (cache miss)
9188 http fetch GET 200 https://registry.npmjs.org/image-q/-/image-q-4.0.0.tgz 48733ms (cache miss)
9189 http fetch GET 200 https://registry.npmjs.org/@babel/types/-/types-7.29.8.tgz 47707ms (cache miss)
9190 http fetch GET 200 https://registry.npmjs.org/undici/-/undici-7.30.0.tgz 47240ms (cache miss)
9191 http fetch GET 200 https://registry.npmjs.org/@babel/helpers/-/helpers-7.29.7.tgz 48400ms (cache miss)
9192 http fetch GET 200 https://registry.npmjs.org/yaml/-/yaml-2.9.1.tgz 51775ms (cache miss)
9193 http fetch GET 200 https://registry.npmjs.org/cheerio/-/cheerio-1.2.0.tgz 47355ms (cache miss)
9194 http fetch GET 200 https://registry.npmjs.org/@gerrit0/mini-shiki/-/mini-shiki-1.27.2.tgz 52344ms (cache miss)
9195 http fetch GET 200 https://registry.npmjs.org/lodash/-/lodash-4.18.1.tgz 48936ms (cache miss)
9196 http fetch GET 200 https://registry.npmjs.org/typescript/-/typescript-5.9.3.tgz 49115ms (cache miss)
9197 http fetch GET 200 https://registry.npmjs.org/lodash/-/lodash-4.17.21.tgz 49036ms (cache miss)
9198 http fetch GET 200 https://registry.npmjs.org/eslint/-/eslint-8.57.1.tgz 50311ms (cache miss)
9199 warn deprecated eslint@8.57.1: This version is no longer supported. Please see https://eslint.org/version-support for other options.
9200 http fetch GET 200 https://registry.npmjs.org/eslint/-/eslint-10.11.0.tgz 50475ms (cache miss)
